symbol,date,ob_type,ob_time,ob_body_high,ob_body_low,ob_high,ob_low
ADANIENT,2026-06-24,BULL,09:30,3004.3999,2982.5,3004.3999,2980.0
ADANIENT,2026-06-24,BULL,10:45,3019.1001,3011.5,3033.6001,3008.1001
ADANIENT,2026-06-25,BULL,09:15,3082.8,3075.6001,3085.0,3073.0
ADANIENT,2026-06-25,BULL,10:45,3080.0,3077.8,3082.8999,3071.0
ADANIENT,2026-06-30,BULL,10:15,2991.6001,2982.8,2991.7,2982.0
ADANIENT,2026-06-30,BULL,10:30,2983.8,2981.0,2984.3999,2978.0
ADANIENT,2026-07-02,BULL,09:15,3171.6001,3162.5,3188.0,3147.2
ADANIENT,2026-07-06,BULL,09:15,3231.8,3192.3999,3231.8,3191.1001
ADANIENT,2026-07-07,BEAR,09:30,3187.8,3185.0,3190.8999,3178.3999
ADANIENT,2026-07-08,BULL,09:30,3119.0,3112.6001,3123.5,3100.0
ADANIENT,2026-07-09,BEAR,10:30,3062.8999,3056.7,3077.7,3053.3
ADANIENT,2026-07-13,BULL,09:30,3147.6001,3145.8999,3154.0,3137.0
ADANIENT,2026-07-14,BULL,10:15,3175.0,3174.3999,3185.8999,3171.0
ADANIENT,2026-07-14,BULL,10:45,3180.3,3178.7,3187.1001,3177.0
ADANIENT,2026-07-15,BEAR,11:00,3186.3999,3184.5,3189.0,3184.2
ADANIENT,2026-07-16,BULL,09:15,3160.0,3150.0,3167.3999,3149.0
ADANIENT,2026-07-16,BULL,10:00,3162.3,3159.5,3168.8,3158.8999
ADANIENT,2026-07-20,BEAR,09:15,3151.0,3150.7,3157.7,3146.0
ADANIENT,2026-07-21,BULL,09:30,3193.8,3187.8,3193.8999,3181.2
ADANIENT,2026-07-23,BEAR,09:15,3127.1001,3126.7,3138.6001,3126.0
ADANIENT,2026-07-28,BEAR,09:30,3012.8,3002.7,3017.0,3000.3999
ADANIENT,2026-07-29,BEAR,10:30,3017.2,3017.0,3022.5,3012.0
ADANIENT,2026-07-30,BULL,09:15,3018.6001,3009.3999,3018.6001,2996.7
ADANIENT,2026-08-04,BEAR,10:30,3068.8,3067.6001,3069.0,3065.5
ADANIENT,2026-08-04,BEAR,11:00,3067.0,3061.5,3067.6001,3061.2
ADANIENT,2026-08-06,BULL,09:30,3054.6001,3053.3,3055.0,3048.0
ADANIENT,2026-08-06,BULL,09:45,3053.7,3053.3,3059.8,3053.0
ADANIENT,2026-08-07,BEAR,09:45,3029.0,3024.0,3033.8,3023.5
ADANIENT,2026-08-11,BULL,09:30,3014.3999,3008.2,3019.5,3003.3999
ADANIENT,2026-08-12,BEAR,10:30,2968.5,2966.1001,2972.1001,2966.1001
ADANIENT,2026-08-14,BULL,09:15,2965.3,2958.3999,2968.6001,2954.0
ADANIENT,2026-08-18,BULL,09:15,3015.8,3015.0,3019.0,3012.2
ADANIENT,2026-08-19,BEAR,09:45,3006.0,2991.1001,3006.0,2988.2
ADANIENT,2026-08-19,BEAR,10:00,3010.7,3007.0,3017.3999,3004.0
ADANIENT,2026-08-24,BEAR,10:30,3014.8,3013.1001,3016.3,3013.1001
ADANIENT,2026-08-25,BEAR,09:30,2991.8999,2985.8,2996.0,2982.6001
ADANIENT,2026-08-25,BULL,09:45,2991.8,2969.0,2993.5,2968.5
ADANIENT,2026-08-25,BULL,10:00,2969.3,2967.0,2969.5,2963.3
ADANIENT,2026-09-02,BULL,09:15,2855.0,2836.8,2856.3999,2836.0
ADANIENT,2026-09-04,BULL,09:15,2895.7,2895.0,2902.3999,2891.7
ADANIENT,2026-09-04,BULL,10:45,2937.8,2932.8,2938.1001,2932.7
ADANIENT,2026-09-04,BULL,11:00,2933.6001,2929.8,2935.8999,2929.0
ADANIENT,2026-09-07,BEAR,09:30,2945.0,2933.8,2947.0,2933.2
ADANIENT,2026-09-07,BEAR,09:45,2959.8999,2944.8,2963.7,2940.6001
ADANIENT,2026-09-07,BEAR,10:45,2936.7,2933.0,2938.2,2932.8999
ADANIENT,2026-09-08,BULL,10:30,2944.2,2943.3,2946.8999,2941.1001
ADANIENT,2026-09-08,BULL,10:45,2943.3,2941.3,2949.8999,2941.3
ADANIENT,2026-09-09,BULL,09:45,3066.8999,3053.8999,3069.8999,3029.8
ADANIENT,2026-09-11,BEAR,09:30,3028.0,3016.5,3033.0,3014.3
ADANIENT,2026-09-11,BEAR,10:00,3028.0,3026.6001,3030.0,3020.5
ADANIPORTS,2026-06-30,BULL,09:15,1789.1,1785.3,1790.6,1784.0
ADANIPORTS,2026-07-03,BEAR,09:30,1883.1,1876.1,1884.4,1874.4
ADANIPORTS,2026-07-07,BEAR,09:30,1874.0,1873.2,1877.4,1867.9
ADANIPORTS,2026-07-14,BULL,10:15,1819.7,1813.7,1820.4,1813.6
ADANIPORTS,2026-07-16,BULL,09:15,1824.6,1820.0,1824.9,1817.8
ADANIPORTS,2026-07-16,BULL,10:00,1833.5,1831.4,1836.5,1830.7
ADANIPORTS,2026-07-17,BULL,09:45,1834.0,1825.0,1835.1,1824.6
ADANIPORTS,2026-07-20,BULL,09:30,1838.0,1832.3,1839.2,1832.3
ADANIPORTS,2026-07-23,BEAR,09:15,1814.4,1811.0,1819.0,1811.0
ADANIPORTS,2026-07-27,BEAR,10:30,1765.2,1762.3,1765.5,1758.3
ADANIPORTS,2026-07-28,BEAR,09:30,1773.0,1766.5,1777.6,1764.6
ADANIPORTS,2026-07-28,BULL,10:00,1763.1,1761.0,1764.2,1758.9
ADANIPORTS,2026-07-29,BEAR,10:15,1763.0,1755.6,1765.5,1753.6
ADANIPORTS,2026-08-07,BEAR,09:45,1690.0,1689.5,1690.8,1686.6
ADANIPORTS,2026-08-11,BULL,09:15,1685.7,1681.5,1690.0,1678.0
ADANIPORTS,2026-08-11,BEAR,10:45,1682.2,1682.0,1682.3,1680.0
ADANIPORTS,2026-08-12,BEAR,10:30,1656.3,1654.8,1657.0,1654.3
ADANIPORTS,2026-08-17,BEAR,10:00,1692.3,1691.8,1694.2,1691.8
ADANIPORTS,2026-08-17,BEAR,11:00,1684.5,1684.4,1684.9,1682.5
ADANIPORTS,2026-08-18,BEAR,10:00,1682.8,1682.5,1683.9,1680.5
ADANIPORTS,2026-08-19,BEAR,10:00,1677.6,1673.9,1679.8,1673.7
ADANIPORTS,2026-08-19,BEAR,10:30,1674.8,1674.0,1675.2,1671.6
ADANIPORTS,2026-08-20,BULL,09:45,1686.6,1685.6,1687.9,1685.6
ADANIPORTS,2026-08-28,BEAR,11:00,1708.9,1708.8,1710.8,1707.8
ADANIPORTS,2026-09-02,BULL,09:15,1647.9,1645.6,1648.1,1643.2
ADANIPORTS,2026-09-03,BULL,11:00,1702.6,1700.3,1703.6,1697.8
ADANIPORTS,2026-09-07,BEAR,09:30,1706.5,1705.4,1709.4,1705.4
ADANIPORTS,2026-09-08,BULL,10:15,1703.8,1701.9,1705.8,1700.3
ADANIPORTS,2026-09-08,BULL,10:30,1701.4,1701.2,1703.4,1701.0
ADANIPORTS,2026-09-09,BULL,09:45,1724.8,1715.3,1725.3,1715.0
ADANIPORTS,2026-09-11,BEAR,10:00,1758.3,1755.9,1758.9,1755.0
APOLLOHOSP,2026-06-25,BULL,09:30,8557.0,8545.0,8573.5,8543.5
APOLLOHOSP,2026-06-29,BULL,09:15,8681.0,8656.0,8681.0,8641.0
APOLLOHOSP,2026-07-03,BULL,09:15,8799.0,8770.0,8799.0,8769.5
APOLLOHOSP,2026-07-03,BULL,09:45,8841.0,8833.0,8841.5,8822.0
APOLLOHOSP,2026-07-03,BULL,10:00,8832.0,8824.0,8839.0,8798.5
APOLLOHOSP,2026-07-03,BULL,10:30,8863.0,8855.5,8880.5,8855.0
APOLLOHOSP,2026-07-06,BULL,10:15,8898.0,8884.0,8900.0,8876.5
APOLLOHOSP,2026-07-06,BEAR,10:45,8915.0,8912.5,8925.0,8909.0
APOLLOHOSP,2026-07-08,BEAR,09:15,8877.0,8859.0,8879.0,8852.0
APOLLOHOSP,2026-07-08,BEAR,10:45,8861.5,8850.5,8865.0,8848.0
APOLLOHOSP,2026-07-14,BULL,09:15,8833.0,8818.0,8835.0,8800.0
APOLLOHOSP,2026-07-14,BULL,09:30,8822.0,8800.5,8825.0,8797.0
APOLLOHOSP,2026-07-14,BULL,10:30,8857.5,8850.0,8875.0,8845.0
APOLLOHOSP,2026-07-16,BEAR,10:00,8904.5,8902.0,8916.5,8901.0
APOLLOHOSP,2026-07-16,BEAR,10:15,8908.0,8906.0,8909.0,8900.0
APOLLOHOSP,2026-07-16,BEAR,10:30,8911.0,8908.0,8916.0,8905.5
APOLLOHOSP,2026-07-17,BEAR,09:15,8871.5,8864.5,8880.0,8847.0
APOLLOHOSP,2026-07-20,BULL,09:15,8882.5,8842.0,8896.0,8838.5
APOLLOHOSP,2026-07-23,BEAR,09:15,8908.5,8900.0,8918.0,8895.0
APOLLOHOSP,2026-07-23,BEAR,10:30,8892.5,8888.0,8904.5,8888.0
APOLLOHOSP,2026-07-24,BEAR,09:15,8854.0,8847.0,8867.0,8846.0
APOLLOHOSP,2026-07-24,BEAR,11:00,8826.5,8822.0,8830.0,8818.0
APOLLOHOSP,2026-07-27,BULL,09:30,8817.0,8800.0,8821.5,8798.5
APOLLOHOSP,2026-07-27,BEAR,09:45,8826.5,8801.0,8830.0,8782.5
APOLLOHOSP,2026-07-27,BEAR,10:00,8831.0,8825.0,8845.0,8825.0
APOLLOHOSP,2026-07-28,BULL,09:15,8865.0,8839.0,8878.0,8834.0
APOLLOHOSP,2026-07-30,BULL,09:15,8936.0,8932.5,8936.5,8916.0
APOLLOHOSP,2026-08-03,BULL,09:30,8960.5,8943.5,8989.0,8940.5
APOLLOHOSP,2026-08-12,BEAR,10:00,8626.0,8609.0,8630.0,8575.0
APOLLOHOSP,2026-08-18,BULL,09:30,8855.0,8841.0,8856.0,8819.0
APOLLOHOSP,2026-08-25,BULL,11:00,8668.0,8661.5,8669.5,8660.0
APOLLOHOSP,2026-08-28,BULL,10:15,8862.5,8856.0,8867.0,8850.5
APOLLOHOSP,2026-09-02,BEAR,09:15,8735.5,8721.5,8737.0,8713.5
APOLLOHOSP,2026-09-03,BULL,09:15,8679.0,8673.5,8685.5,8658.5
APOLLOHOSP,2026-09-04,BEAR,10:15,8707.5,8705.5,8711.5,8705.0
APOLLOHOSP,2026-09-07,BULL,09:30,8677.5,8674.5,8686.5,8666.5
APOLLOHOSP,2026-09-07,BULL,09:45,8674.5,8671.5,8674.5,8665.0
APOLLOHOSP,2026-09-09,BULL,10:00,8918.0,8912.0,8936.0,8910.0
APOLLOHOSP,2026-09-11,BULL,10:45,8901.5,8890.0,8905.0,8884.5
ASIANPAINT,2026-06-25,BULL,09:15,2660.3999,2655.5,2661.3999,2651.1001
ASIANPAINT,2026-06-25,BULL,10:15,2676.1001,2675.0,2678.6001,2669.3999
ASIANPAINT,2026-06-25,BULL,10:45,2679.0,2675.8999,2680.0,2674.0
ASIANPAINT,2026-06-30,BULL,09:15,2666.8,2659.5,2667.0,2655.2
ASIANPAINT,2026-07-02,BULL,09:15,2719.3,2715.0,2722.5,2714.8999
ASIANPAINT,2026-07-02,BULL,10:00,2725.0,2718.8999,2727.0,2717.7
ASIANPAINT,2026-07-02,BULL,10:30,2725.2,2723.7,2725.3999,2711.8
ASIANPAINT,2026-07-02,BULL,11:00,2733.8999,2731.3999,2734.0,2728.5
ASIANPAINT,2026-07-09,BULL,09:45,2699.5,2698.8,2702.3999,2695.8
ASIANPAINT,2026-07-09,BULL,10:15,2702.0,2700.7,2704.8999,2700.0
ASIANPAINT,2026-07-15,BULL,10:00,2673.7,2670.3999,2675.0,2669.0
ASIANPAINT,2026-07-20,BULL,09:45,2690.0,2685.1001,2690.0,2684.8999
ASIANPAINT,2026-07-20,BULL,10:00,2688.2,2684.0,2688.2,2683.0
ASIANPAINT,2026-07-23,BEAR,10:45,2685.0,2684.8999,2686.6001,2682.3999
ASIANPAINT,2026-07-24,BEAR,10:15,2644.0,2639.0,2646.7,2638.0
ASIANPAINT,2026-07-29,BULL,09:15,2724.1001,2723.0,2730.8999,2719.2
ASIANPAINT,2026-07-29,BULL,11:00,2761.0,2758.2,2762.0,2754.8
ASIANPAINT,2026-08-10,BULL,10:45,2726.5,2721.7,2728.6001,2721.3999
ASIANPAINT,2026-08-11,BEAR,10:15,2739.6001,2732.1001,2742.2,2732.1001
ASIANPAINT,2026-08-14,BEAR,09:30,2738.8999,2731.8999,2739.8,2728.2
ASIANPAINT,2026-08-14,BEAR,10:15,2730.2,2728.8999,2733.1001,2728.0
ASIANPAINT,2026-08-18,BEAR,09:15,2659.6001,2655.0,2661.6001,2653.0
ASIANPAINT,2026-08-18,BEAR,11:00,2648.7,2643.3999,2648.7,2642.0
ASIANPAINT,2026-08-19,BEAR,09:30,2621.0,2616.8,2624.6001,2615.1001
ASIANPAINT,2026-08-19,BEAR,09:45,2628.7,2619.8999,2633.2,2619.8999
ASIANPAINT,2026-08-25,BEAR,09:30,2622.2,2622.0,2626.8,2621.0
ASIANPAINT,2026-08-27,BULL,09:45,2637.2,2628.1001,2638.2,2628.0
ASIANPAINT,2026-08-28,BEAR,11:00,2610.0,2609.3999,2610.0,2607.2
ASIANPAINT,2026-09-02,BEAR,10:15,2528.2,2522.0,2528.2,2521.1001
ASIANPAINT,2026-09-03,BEAR,10:30,2523.3,2520.0,2524.8,2518.8999
ASIANPAINT,2026-09-04,BULL,10:00,2546.2,2545.8999,2550.0,2545.0
ASIANPAINT,2026-09-07,BEAR,10:45,2510.1001,2509.6001,2510.5,2508.0
ASIANPAINT,2026-09-07,BEAR,11:00,2511.7,2509.6001,2511.8999,2508.3
ASIANPAINT,2026-09-09,BEAR,09:15,2475.3,2473.8999,2476.3,2467.8999
ASIANPAINT,2026-09-10,BULL,11:00,2476.3,2475.7,2476.8999,2474.2
ASIANPAINT,2026-09-11,BEAR,10:00,2458.1001,2455.3999,2458.1001,2453.8999
AXISBANK,2026-06-24,BULL,09:45,1370.0,1363.3,1370.6,1361.6
AXISBANK,2026-06-25,BULL,09:30,1388.9,1387.5,1390.0,1387.4
AXISBANK,2026-06-29,BULL,09:30,1384.0,1381.8,1385.1,1381.3
AXISBANK,2026-06-29,BULL,10:00,1383.4,1382.6,1386.9,1381.7
AXISBANK,2026-07-01,BULL,09:15,1351.8,1350.0,1352.0,1348.2
AXISBANK,2026-07-01,BULL,10:30,1365.0,1361.9,1365.7,1360.8
AXISBANK,2026-07-03,BEAR,09:15,1365.3,1363.3,1366.6,1361.1
AXISBANK,2026-07-03,BEAR,09:45,1368.1,1365.4,1369.6,1364.8
AXISBANK,2026-07-09,BEAR,10:00,1315.7,1314.6,1318.3,1314.6
AXISBANK,2026-07-13,BULL,09:15,1318.2,1318.1,1320.2,1317.2
AXISBANK,2026-07-13,BEAR,11:00,1323.2,1322.0,1323.6,1320.5
AXISBANK,2026-07-15,BULL,10:30,1338.0,1337.7,1338.9,1336.5
AXISBANK,2026-07-15,BULL,10:45,1337.8,1335.9,1339.2,1335.5
AXISBANK,2026-07-15,BULL,11:00,1336.0,1335.8,1336.2,1332.5
AXISBANK,2026-07-16,BEAR,11:00,1306.7,1305.0,1309.4,1305.0
AXISBANK,2026-07-17,BULL,09:45,1321.2,1316.9,1323.4,1315.5
AXISBANK,2026-07-21,BULL,09:15,1256.8,1247.3,1256.8,1246.1
AXISBANK,2026-07-23,BEAR,09:15,1235.5,1233.1,1238.0,1233.1
AXISBANK,2026-07-28,BULL,09:15,1229.0,1226.7,1229.7,1225.7
AXISBANK,2026-07-28,BULL,09:30,1226.4,1223.2,1226.8,1222.8
AXISBANK,2026-07-29,BEAR,09:15,1220.9,1220.2,1223.7,1219.3
AXISBANK,2026-07-29,BEAR,10:00,1221.6,1217.0,1221.6,1216.5
AXISBANK,2026-08-03,BULL,10:45,1244.7,1243.7,1245.7,1243.3
AXISBANK,2026-08-07,BEAR,10:00,1248.7,1248.3,1248.8,1246.5
AXISBANK,2026-08-13,BEAR,09:30,1223.9,1222.6,1224.5,1221.1
AXISBANK,2026-08-17,BULL,09:15,1220.5,1217.6,1220.9,1217.0
AXISBANK,2026-08-17,BEAR,10:45,1217.6,1215.3,1218.2,1214.8
AXISBANK,2026-08-24,BEAR,09:15,1246.9,1246.5,1248.6,1245.9
AXISBANK,2026-08-24,BEAR,10:15,1241.8,1239.0,1242.1,1239.0
AXISBANK,2026-08-25,BEAR,10:45,1235.1,1234.0,1235.7,1233.7
AXISBANK,2026-08-26,BULL,10:15,1243.4,1243.0,1243.7,1241.5
AXISBANK,2026-09-03,BULL,09:15,1268.2,1267.8,1272.4,1266.7
AXISBANK,2026-09-08,BEAR,09:45,1255.7,1255.6,1256.9,1254.5
AXISBANK,2026-09-08,BEAR,10:00,1258.5,1255.5,1258.5,1254.7
AXISBANK,2026-09-08,BEAR,10:45,1252.7,1252.0,1253.1,1251.7
BAJAJFINSV,2026-06-24,BEAR,09:15,1763.5,1758.0,1765.3,1757.2
BAJAJFINSV,2026-07-02,BULL,09:45,1823.1,1821.0,1826.0,1818.9
BAJAJFINSV,2026-07-02,BULL,10:30,1848.2,1843.7,1853.9,1840.1
BAJAJFINSV,2026-07-07,BULL,09:30,1880.7,1879.9,1885.0,1872.5
BAJAJFINSV,2026-07-09,BULL,10:45,1869.8,1869.3,1870.4,1861.9
BAJAJFINSV,2026-07-14,BEAR,09:15,1893.4,1887.6,1899.0,1886.9
BAJAJFINSV,2026-07-17,BULL,09:45,1848.0,1846.3,1851.5,1843.7
BAJAJFINSV,2026-07-21,BULL,09:45,1882.1,1881.2,1888.0,1877.1
BAJAJFINSV,2026-07-23,BULL,09:30,1876.4,1871.9,1877.4,1870.3
BAJAJFINSV,2026-07-24,BEAR,09:15,1874.6,1874.2,1879.3,1873.6
BAJAJFINSV,2026-07-28,BULL,10:15,1918.8,1916.1,1922.1,1914.0
BAJAJFINSV,2026-07-29,BEAR,11:00,1925.0,1923.3,1926.6,1922.5
BAJAJFINSV,2026-07-30,BEAR,09:15,1929.6,1928.5,1931.3,1925.3
BAJAJFINSV,2026-07-31,BULL,10:30,1991.0,1987.1,1991.0,1981.6
BAJAJFINSV,2026-07-31,BULL,10:45,1987.7,1977.6,1993.0,1975.2
BAJAJFINSV,2026-08-04,BEAR,10:45,2085.1001,2079.8999,2088.0,2079.3999
BAJAJFINSV,2026-08-07,BEAR,10:00,2018.4,2016.0,2021.7,2012.2
BAJAJFINSV,2026-08-10,BULL,09:30,1997.3,1996.0,1998.5,1994.0
BAJAJFINSV,2026-08-10,BULL,10:00,1999.2,1997.5,2000.3,1996.0
BAJAJFINSV,2026-08-10,BULL,10:30,2010.0,2008.2,2010.8,2004.6
BAJAJFINSV,2026-08-13,BULL,09:30,2018.6,2017.6,2020.0,2015.5
BAJAJFINSV,2026-08-21,BULL,09:15,2017.9,2016.5,2019.7,2014.0
BAJAJFINSV,2026-08-24,BEAR,10:30,2024.1,2023.5,2025.5,2023.1
BAJAJFINSV,2026-08-25,BEAR,09:15,2003.5,1996.0,2010.0,1995.9
BAJAJFINSV,2026-08-27,BEAR,09:30,2016.1,2015.3,2017.5,2014.2
BAJAJFINSV,2026-08-31,BEAR,10:00,1978.1,1974.0,1980.7,1974.0
BAJAJFINSV,2026-09-02,BEAR,09:15,1952.9,1952.3,1953.9,1946.5
BAJAJFINSV,2026-09-09,BULL,10:30,1940.0,1939.5,1940.0,1936.5
BAJFINANCE,2026-06-24,BULL,09:45,968.55,965.35,968.95,965.35
BAJFINANCE,2026-06-24,BULL,10:30,975.95,974.8,977.0,973.1
BAJFINANCE,2026-06-30,BULL,09:15,979.85,979.4,981.55,978.0
BAJFINANCE,2026-07-01,BULL,09:45,1008.1,1003.8,1008.1,1002.7
BAJFINANCE,2026-07-01,BULL,10:45,1012.0,1011.6,1012.0,1010.2
BAJFINANCE,2026-07-02,BULL,09:15,1006.9,1006.2,1009.0,1002.0
BAJFINANCE,2026-07-02,BULL,10:00,1018.0,1017.5,1021.0,1017.5
BAJFINANCE,2026-07-03,BULL,09:45,1031.4,1027.5,1036.0,1026.8
BAJFINANCE,2026-07-06,BULL,09:30,1033.1,1031.3,1033.9,1030.8
BAJFINANCE,2026-07-07,BULL,09:30,1030.4,1028.4,1031.5,1026.3
BAJFINANCE,2026-07-07,BULL,10:00,1033.0,1032.0,1034.3,1031.1
BAJFINANCE,2026-07-07,BULL,10:45,1036.4,1034.7,1036.7,1033.4
BAJFINANCE,2026-07-08,BEAR,09:15,1028.2,1027.5,1029.3,1026.1
BAJFINANCE,2026-07-08,BEAR,09:45,1028.4,1026.7,1028.8,1026.7
BAJFINANCE,2026-07-09,BEAR,09:15,1005.9,1003.7,1007.9,1003.6
BAJFINANCE,2026-07-16,BULL,10:00,1033.4,1032.7,1034.5,1031.9
BAJFINANCE,2026-07-17,BULL,09:30,1047.6,1044.8,1049.9,1043.5
BAJFINANCE,2026-07-17,BULL,09:45,1044.8,1043.2,1048.5,1041.9
BAJFINANCE,2026-07-20,BEAR,10:00,1051.0,1050.5,1052.4,1049.6
BAJFINANCE,2026-07-20,BEAR,10:45,1046.8,1046.5,1048.3,1046.0
BAJFINANCE,2026-07-21,BULL,09:15,1066.3,1061.9,1067.3,1061.4
BAJFINANCE,2026-07-24,BEAR,09:15,1027.1,1025.6,1029.6,1023.6
BAJFINANCE,2026-07-27,BULL,10:30,1035.3,1034.1,1035.6,1031.8
BAJFINANCE,2026-07-30,BEAR,09:15,1053.8,1049.1,1053.8,1046.6
BAJFINANCE,2026-07-31,BULL,11:00,1127.5,1126.3,1128.0,1123.5
BAJFINANCE,2026-08-06,BULL,09:30,1154.6,1151.3,1155.2,1148.9
BAJFINANCE,2026-08-12,BEAR,09:15,1091.7,1087.8,1094.1,1086.9
BAJFINANCE,2026-08-13,BEAR,09:45,1090.3,1088.0,1090.4,1087.6
BAJFINANCE,2026-08-17,BULL,10:15,1085.0,1084.4,1085.2,1082.7
BAJFINANCE,2026-08-20,BULL,10:15,1097.6,1094.2,1099.0,1093.2
BAJFINANCE,2026-08-21,BEAR,10:15,1097.0,1096.5,1097.9,1095.7
BAJFINANCE,2026-08-24,BEAR,09:15,1092.7,1091.9,1094.4,1091.2
BAJFINANCE,2026-08-24,BEAR,09:45,1092.1,1091.8,1092.9,1091.4
BAJFINANCE,2026-08-24,BEAR,10:15,1091.4,1089.4,1092.4,1089.3
BAJFINANCE,2026-08-25,BEAR,09:15,1075.7,1075.4,1076.6,1075.0
BAJFINANCE,2026-09-02,BEAR,10:15,1042.4,1038.6,1042.5,1037.3
BAJFINANCE,2026-09-02,BEAR,10:30,1042.9,1042.5,1044.0,1042.4
BAJFINANCE,2026-09-04,BULL,10:45,1054.0,1052.8,1054.1,1052.2
BAJFINANCE,2026-09-04,BULL,11:00,1052.7,1052.3,1053.8,1051.3
BAJFINANCE,2026-09-09,BEAR,09:15,1046.2,1045.7,1048.5,1045.3
BAJFINANCE,2026-09-09,BEAR,09:30,1046.4,1046.3,1047.3,1041.2
BAJFINANCE,2026-09-09,BULL,10:30,1049.2,1047.5,1049.2,1046.6
BAJFINANCE,2026-09-10,BULL,09:45,1044.6,1043.7,1046.8,1043.2
BHARTIARTL,2026-06-25,BEAR,10:45,1871.5,1870.6,1872.3,1868.8
BHARTIARTL,2026-06-29,BEAR,10:15,1843.6,1840.1,1844.9,1840.0
BHARTIARTL,2026-06-30,BULL,09:15,1851.2,1849.4,1853.1,1846.2
BHARTIARTL,2026-07-01,BULL,10:30,1861.4,1858.5,1862.3,1858.0
BHARTIARTL,2026-07-02,BEAR,09:15,1861.3,1856.5,1863.0,1856.1
BHARTIARTL,2026-07-03,BULL,11:00,1896.6,1896.3,1897.5,1894.8
BHARTIARTL,2026-07-07,BULL,09:15,1926.5,1920.0,1926.9,1919.0
BHARTIARTL,2026-07-13,BEAR,10:15,1909.0,1906.6,1913.8,1903.1
BHARTIARTL,2026-07-13,BEAR,10:30,1910.0,1909.0,1915.0,1907.0
BHARTIARTL,2026-07-14,BULL,09:45,1932.8,1926.4,1932.8,1923.7
BHARTIARTL,2026-07-14,BULL,10:15,1929.9,1929.4,1930.4,1921.8
BHARTIARTL,2026-07-17,BEAR,09:45,1917.4,1915.6,1920.6,1915.6
BHARTIARTL,2026-07-22,BEAR,10:15,1945.3,1944.5,1945.7,1943.2
BHARTIARTL,2026-07-23,BEAR,09:45,1940.5,1938.5,1942.0,1936.0
BHARTIARTL,2026-07-28,BEAR,09:30,1900.0,1896.1,1900.0,1895.5
BHARTIARTL,2026-07-29,BULL,09:30,1933.3,1932.2,1934.2,1929.4
BHARTIARTL,2026-07-31,BULL,09:30,1959.1,1953.7,1960.0,1947.6
BHARTIARTL,2026-08-03,BEAR,09:15,1969.2,1968.5,1970.3,1963.3
BHARTIARTL,2026-08-03,BEAR,10:15,1962.9,1962.5,1964.3,1962.1
BHARTIARTL,2026-08-03,BEAR,11:00,1957.8,1957.2,1958.0,1952.1
BHARTIARTL,2026-08-04,BEAR,09:45,1958.6,1958.0,1959.7,1955.6
BHARTIARTL,2026-08-10,BEAR,09:30,1946.6,1945.7,1947.9,1943.5
BHARTIARTL,2026-08-13,BULL,09:15,1942.7,1940.6,1945.0,1939.8
BHARTIARTL,2026-08-13,BULL,09:30,1940.6,1936.4,1940.6,1930.5
BHARTIARTL,2026-08-14,BULL,09:45,1945.0,1944.0,1946.7,1942.4
BHARTIARTL,2026-08-14,BULL,10:15,1946.6,1944.4,1947.4,1943.8
BHARTIARTL,2026-08-19,BEAR,10:30,1937.5,1937.2,1938.4,1936.0
BHARTIARTL,2026-08-19,BEAR,10:45,1940.5,1937.6,1941.5,1936.9
BHARTIARTL,2026-08-20,BULL,11:00,1941.1,1940.2,1943.3,1940.2
BHARTIARTL,2026-08-24,BEAR,09:15,1944.8,1943.7,1945.2,1942.3
BHARTIARTL,2026-08-24,BEAR,10:30,1941.3,1941.0,1942.0,1940.4
BHARTIARTL,2026-08-25,BEAR,09:15,1941.5,1935.6,1943.7,1935.0
BHARTIARTL,2026-08-26,BEAR,09:30,1925.9,1925.6,1928.5,1923.1
BHARTIARTL,2026-08-26,BEAR,09:45,1927.6,1925.9,1929.2,1925.2
BHARTIARTL,2026-08-26,BEAR,11:00,1923.1,1922.5,1925.5,1922.4
BHARTIARTL,2026-08-31,BULL,10:00,1885.0,1880.0,1885.0,1879.7
BHARTIARTL,2026-09-04,BULL,10:15,1861.2,1860.5,1862.0,1859.5
BHARTIARTL,2026-09-04,BULL,10:30,1860.3,1859.4,1860.9,1859.0
BHARTIARTL,2026-09-08,BEAR,09:15,1838.1,1838.0,1842.7,1837.6
BHARTIARTL,2026-09-10,BULL,10:45,1823.1,1820.1,1823.4,1817.7
BHARTIARTL,2026-09-11,BULL,09:15,1840.6,1839.0,1845.3,1839.0
BHARTIARTL,2026-09-11,BULL,10:30,1846.4,1843.2,1848.6,1842.9
BPCL,2026-06-24,BULL,09:30,310.5,310.35,310.65,309.5
BPCL,2026-06-24,BULL,09:45,310.35,310.25,310.7,309.15
BPCL,2026-06-25,BEAR,10:45,316.5,315.95,316.55,315.7
BPCL,2026-06-29,BEAR,09:30,303.9,303.85,304.3,302.2
BPCL,2026-06-30,BULL,11:00,301.8,301.7,301.9,301.5
BPCL,2026-07-02,BULL,09:45,312.4,312.0,313.9,311.85
BPCL,2026-07-06,BULL,09:15,306.65,306.2,306.85,306.1
BPCL,2026-07-09,BULL,10:45,306.0,305.5,306.15,305.3
BPCL,2026-07-20,BEAR,09:30,313.3,313.25,313.35,312.2
BPCL,2026-07-20,BEAR,10:00,312.5,312.45,313.35,312.25
BPCL,2026-07-22,BULL,10:00,314.9,314.75,315.4,314.2
BPCL,2026-07-22,BULL,10:15,314.75,314.6,315.0,314.2
BPCL,2026-07-22,BULL,11:00,319.6,319.1,319.8,319.0
BPCL,2026-07-27,BULL,10:30,314.65,314.4,314.65,313.5
BPCL,2026-07-28,BULL,09:30,318.6,317.85,318.8,317.75
BPCL,2026-07-28,BULL,09:45,317.85,316.75,317.95,316.65
BPCL,2026-07-31,BULL,09:15,315.95,315.05,316.8,315.05
BPCL,2026-07-31,BULL,09:45,315.55,315.1,315.85,315.0
BPCL,2026-08-04,BEAR,11:00,325.3,325.1,325.75,325.05
BPCL,2026-08-05,BULL,10:00,326.4,326.25,326.4,325.8
BPCL,2026-08-06,BEAR,09:15,324.4,323.85,324.85,323.85
BPCL,2026-08-06,BEAR,09:30,324.7,324.5,325.65,324.1
BPCL,2026-08-12,BEAR,09:15,318.25,316.7,318.4,316.5
BPCL,2026-08-14,BULL,10:30,317.05,316.0,317.2,315.05
BPCL,2026-08-17,BEAR,10:15,316.45,316.35,316.55,315.8
BPCL,2026-08-20,BULL,10:15,307.35,306.55,307.45,306.5
BPCL,2026-08-21,BULL,10:00,310.2,309.85,310.45,309.7
BPCL,2026-08-25,BULL,10:30,311.75,311.5,311.85,311.5
BPCL,2026-08-25,BULL,11:00,312.3,311.7,312.45,311.6
BPCL,2026-08-27,BEAR,10:00,317.75,316.6,318.7,316.5
BPCL,2026-09-07,BEAR,09:45,314.4,314.25,314.75,313.8
BPCL,2026-09-08,BEAR,10:00,309.6,309.05,309.75,308.95
BPCL,2026-09-10,BEAR,11:00,303.7,303.3,303.7,303.3
BRITANNIA,2026-06-29,BEAR,10:45,5203.0,5195.5,5203.0,5186.0
BRITANNIA,2026-07-06,BULL,09:30,5379.0,5374.5,5389.0,5374.5
BRITANNIA,2026-07-07,BULL,09:30,5435.0,5433.0,5444.5,5431.0
BRITANNIA,2026-07-08,BEAR,09:45,5427.5,5426.0,5430.0,5420.0
BRITANNIA,2026-07-08,BEAR,11:00,5422.5,5419.0,5428.0,5417.0
BRITANNIA,2026-07-10,BEAR,11:00,5387.5,5385.5,5389.5,5379.5
BRITANNIA,2026-07-13,BEAR,09:15,5351.5,5335.0,5353.0,5334.0
BRITANNIA,2026-07-13,BULL,11:00,5338.0,5337.5,5340.0,5334.5
BRITANNIA,2026-07-14,BEAR,09:15,5328.0,5316.5,5343.5,5315.5
BRITANNIA,2026-07-14,BEAR,09:45,5341.5,5324.0,5343.0,5324.0
BRITANNIA,2026-07-14,BEAR,10:15,5319.5,5309.5,5320.0,5300.5
BRITANNIA,2026-07-16,BULL,10:00,5328.0,5326.0,5331.0,5321.0
BRITANNIA,2026-07-17,BULL,10:15,5345.0,5337.0,5348.0,5334.0
BRITANNIA,2026-07-17,BULL,10:30,5337.0,5332.0,5337.5,5326.0
BRITANNIA,2026-07-21,BEAR,10:15,5480.0,5475.5,5480.0,5472.5
BRITANNIA,2026-07-21,BEAR,10:30,5478.5,5477.0,5482.5,5474.0
BRITANNIA,2026-07-21,BEAR,10:45,5481.0,5480.5,5482.5,5476.0
BRITANNIA,2026-07-22,BULL,10:15,5455.0,5454.5,5462.0,5452.0
BRITANNIA,2026-07-24,BEAR,09:15,5355.5,5354.5,5371.5,5345.0
BRITANNIA,2026-07-24,BEAR,09:30,5361.5,5351.0,5362.0,5349.0
BRITANNIA,2026-07-24,BULL,11:00,5380.0,5369.0,5380.5,5365.0
BRITANNIA,2026-08-06,BEAR,09:30,5429.5,5426.0,5440.0,5419.5
BRITANNIA,2026-08-06,BEAR,10:00,5416.0,5409.0,5420.5,5408.5
BRITANNIA,2026-08-06,BEAR,10:15,5432.5,5416.5,5432.5,5414.0
BRITANNIA,2026-08-11,BEAR,10:45,5635.0,5632.0,5643.0,5622.0
BRITANNIA,2026-08-11,BEAR,11:00,5635.0,5634.0,5635.5,5627.5
BRITANNIA,2026-08-12,BEAR,09:15,5611.0,5597.5,5615.0,5593.5
BRITANNIA,2026-08-12,BEAR,09:30,5610.5,5608.5,5614.5,5606.5
BRITANNIA,2026-08-17,BEAR,09:45,5532.5,5530.0,5535.0,5529.0
BRITANNIA,2026-08-18,BEAR,09:30,5527.0,5520.0,5534.0,5517.5
BRITANNIA,2026-08-21,BEAR,09:45,5401.5,5395.0,5404.5,5387.0
BRITANNIA,2026-08-21,BEAR,10:15,5388.0,5370.5,5394.5,5370.5
BRITANNIA,2026-08-24,BEAR,10:30,5333.5,5323.0,5336.0,5322.5
BRITANNIA,2026-08-25,BULL,10:45,5312.0,5311.5,5315.0,5304.5
BRITANNIA,2026-08-27,BEAR,11:00,5325.5,5316.0,5328.0,5313.5
BRITANNIA,2026-08-28,BULL,09:30,5328.0,5321.5,5329.5,5320.0
BRITANNIA,2026-09-01,BEAR,10:45,5224.5,5210.0,5225.5,5204.5
BRITANNIA,2026-09-02,BEAR,09:15,5092.0,5087.5,5095.0,5083.5
BRITANNIA,2026-09-02,BEAR,10:15,5071.5,5064.0,5071.5,5062.0
BRITANNIA,2026-09-10,BEAR,09:30,5067.0,5046.0,5072.0,5045.0
CIPLA,2026-06-29,BULL,09:15,1454.6,1451.7,1456.6,1449.8
CIPLA,2026-07-03,BULL,09:15,1462.3,1459.8,1463.6,1457.3
CIPLA,2026-07-06,BEAR,09:15,1467.2,1458.3,1467.2,1458.0
CIPLA,2026-07-07,BULL,09:15,1477.4,1470.6,1478.6,1470.6
CIPLA,2026-07-07,BEAR,09:30,1474.0,1471.5,1481.7,1471.5
CIPLA,2026-07-07,BEAR,09:45,1477.4,1474.0,1479.9,1473.0
CIPLA,2026-07-13,BEAR,09:30,1433.5,1432.8,1438.3,1432.0
CIPLA,2026-07-17,BEAR,10:15,1419.0,1418.7,1424.6,1417.3
CIPLA,2026-07-17,BEAR,11:00,1417.0,1414.8,1419.4,1414.7
CIPLA,2026-07-20,BULL,11:00,1444.5,1441.8,1445.0,1441.1
CIPLA,2026-07-21,BEAR,09:15,1437.0,1434.1,1438.2,1432.9
CIPLA,2026-07-21,BEAR,10:15,1433.2,1431.9,1437.6,1430.1
CIPLA,2026-07-23,BULL,11:00,1411.7,1408.0,1412.9,1407.5
CIPLA,2026-07-29,BULL,09:30,1454.9,1452.4,1461.5,1451.0
CIPLA,2026-07-31,BEAR,09:30,1469.2,1467.7,1472.4,1467.2
CIPLA,2026-07-31,BULL,11:00,1466.2,1465.0,1466.8,1462.7
CIPLA,2026-08-06,BULL,10:30,1484.9,1482.0,1485.3,1480.2
CIPLA,2026-08-18,BULL,09:30,1434.0,1432.6,1434.9,1431.5
CIPLA,2026-08-20,BULL,09:30,1430.9,1430.4,1431.3,1428.0
CIPLA,2026-08-21,BEAR,10:15,1428.3,1427.6,1429.8,1427.1
CIPLA,2026-08-24,BULL,09:30,1420.3,1418.0,1421.3,1417.1
CIPLA,2026-08-25,BEAR,09:30,1422.9,1420.8,1425.4,1420.6
CIPLA,2026-08-26,BEAR,10:45,1415.9,1413.6,1416.7,1413.6
CIPLA,2026-08-28,BEAR,11:00,1414.1,1412.7,1414.2,1412.1
CIPLA,2026-08-31,BULL,10:00,1416.4,1414.5,1416.6,1414.4
CIPLA,2026-08-31,BEAR,10:15,1419.0,1414.9,1419.3,1414.4
CIPLA,2026-09-02,BEAR,10:00,1408.8,1406.4,1409.1,1405.8
CIPLA,2026-09-03,BEAR,09:45,1414.0,1407.7,1415.4,1407.2
CIPLA,2026-09-03,BEAR,10:30,1406.0,1405.9,1406.8,1404.9
CIPLA,2026-09-09,BEAR,09:15,1383.5,1381.0,1386.4,1380.0
CIPLA,2026-09-09,BEAR,10:15,1376.0,1373.7,1377.7,1373.7
COALINDIA,2026-06-25,BEAR,09:45,435.75,435.1,436.3,435.0
COALINDIA,2026-06-25,BEAR,11:00,435.6,434.3,435.8,434.3
COALINDIA,2026-06-29,BULL,09:45,437.8,436.8,438.3,436.8
COALINDIA,2026-06-29,BULL,10:45,438.2,437.05,438.2,436.9
COALINDIA,2026-06-29,BULL,11:00,437.05,436.2,437.3,435.4
COALINDIA,2026-07-01,BEAR,10:45,438.45,437.85,438.75,437.5
COALINDIA,2026-07-02,BEAR,10:00,436.1,435.85,436.55,435.7
COALINDIA,2026-07-03,BULL,09:30,439.25,438.3,439.5,438.3
COALINDIA,2026-07-06,BEAR,09:45,440.2,437.95,440.45,437.9
COALINDIA,2026-07-07,BEAR,09:30,428.75,428.45,429.15,428.1
COALINDIA,2026-07-10,BEAR,10:45,430.8,430.7,430.95,430.5
COALINDIA,2026-07-14,BULL,10:45,433.4,433.3,433.7,433.0
COALINDIA,2026-07-14,BULL,11:00,433.4,433.1,433.95,432.95
COALINDIA,2026-07-16,BULL,09:15,428.3,427.8,429.05,427.05
COALINDIA,2026-07-17,BULL,10:30,427.3,426.75,427.3,426.65
COALINDIA,2026-07-17,BEAR,10:45,427.85,426.8,429.65,426.65
COALINDIA,2026-07-22,BEAR,09:15,431.2,430.25,431.65,430.25
COALINDIA,2026-07-27,BULL,09:15,427.15,426.85,427.15,425.75
COALINDIA,2026-07-27,BULL,09:45,427.55,427.5,427.85,427.2
COALINDIA,2026-07-27,BULL,10:30,430.0,428.8,430.0,428.5
COALINDIA,2026-07-29,BULL,09:15,408.85,407.7,408.85,407.0
COALINDIA,2026-07-30,BULL,10:00,413.2,412.15,413.35,411.8
COALINDIA,2026-08-05,BEAR,10:45,414.4,413.85,414.5,413.65
COALINDIA,2026-08-11,BULL,10:30,411.3,411.2,411.8,411.2
COALINDIA,2026-08-13,BEAR,10:15,408.05,407.6,408.2,407.5
COALINDIA,2026-08-13,BEAR,10:30,408.25,408.0,408.25,407.85
COALINDIA,2026-08-14,BEAR,09:45,409.1,408.6,409.35,408.25
COALINDIA,2026-08-14,BEAR,10:00,409.35,409.2,410.4,409.0
COALINDIA,2026-08-17,BULL,09:15,406.5,406.25,406.6,406.05
COALINDIA,2026-08-20,BULL,10:45,400.6,400.45,400.65,400.2
COALINDIA,2026-08-21,BULL,09:30,403.7,403.5,403.7,403.05
COALINDIA,2026-08-25,BEAR,11:00,403.55,403.3,403.7,403.25
COALINDIA,2026-08-27,BEAR,09:15,403.15,402.95,403.7,402.8
COALINDIA,2026-08-28,BULL,09:15,401.25,400.55,401.6,400.4
COALINDIA,2026-08-28,BULL,09:30,400.55,400.15,400.75,399.3
COALINDIA,2026-08-28,BULL,09:45,400.2,399.9,400.5,399.9
COALINDIA,2026-08-28,BULL,10:45,401.8,401.7,402.25,401.6
COALINDIA,2026-08-31,BULL,09:45,403.85,403.15,404.0,402.65
COALINDIA,2026-08-31,BULL,10:00,403.15,402.8,403.2,402.25
COALINDIA,2026-09-02,BULL,10:15,418.0,417.3,418.0,416.6
COALINDIA,2026-09-07,BULL,09:15,418.45,416.8,418.45,416.65
COALINDIA,2026-09-10,BULL,09:45,431.05,431.0,431.8,430.85
COALINDIA,2026-09-11,BEAR,10:30,429.9,429.6,430.2,429.5
DIVISLAB,2026-06-25,BEAR,09:30,6745.5,6734.0,6749.0,6732.5
DIVISLAB,2026-07-02,BULL,09:15,6575.5,6563.0,6584.0,6558.5
DIVISLAB,2026-07-02,BULL,09:45,6583.5,6580.0,6592.0,6577.0
DIVISLAB,2026-07-07,BULL,09:15,6900.0,6895.5,6907.0,6888.5
DIVISLAB,2026-07-08,BULL,09:30,6809.0,6787.0,6825.0,6787.0
DIVISLAB,2026-07-14,BULL,10:15,7023.5,7006.5,7027.0,6976.0
DIVISLAB,2026-07-16,BULL,09:15,7303.5,7291.5,7311.5,7287.0
DIVISLAB,2026-07-16,BULL,09:30,7290.0,7288.0,7296.0,7285.0
DIVISLAB,2026-07-17,BEAR,09:15,7280.5,7271.5,7280.5,7250.0
DIVISLAB,2026-07-20,BULL,09:15,7318.5,7280.0,7321.0,7279.5
DIVISLAB,2026-07-24,BEAR,10:15,7257.0,7245.5,7265.0,7245.5
DIVISLAB,2026-07-27,BULL,11:00,7360.0,7352.5,7373.0,7352.5
DIVISLAB,2026-07-28,BULL,10:15,7451.0,7437.5,7451.0,7431.0
DIVISLAB,2026-07-29,BULL,09:45,7572.5,7555.0,7580.0,7550.0
DIVISLAB,2026-07-29,BULL,10:15,7579.5,7576.5,7585.0,7565.0
DIVISLAB,2026-07-30,BULL,09:15,7836.0,7798.0,7837.0,7795.0
DIVISLAB,2026-08-03,BULL,09:45,8384.5,8353.0,8411.5,8344.0
DIVISLAB,2026-08-05,BEAR,09:30,8397.5,8378.0,8399.5,8370.5
DIVISLAB,2026-08-05,BULL,10:15,8360.0,8358.5,8363.0,8340.5
DIVISLAB,2026-08-06,BULL,10:30,8420.0,8416.0,8426.0,8415.0
DIVISLAB,2026-08-11,BULL,09:15,8308.5,8291.5,8313.5,8287.0
DIVISLAB,2026-08-11,BULL,09:45,8310.5,8308.0,8319.5,8298.5
DIVISLAB,2026-08-11,BULL,11:00,8434.0,8427.0,8443.0,8421.0
DIVISLAB,2026-08-13,BEAR,09:30,8469.5,8467.5,8488.5,8455.0
DIVISLAB,2026-08-14,BULL,09:15,8528.0,8521.5,8536.5,8505.5
DIVISLAB,2026-08-19,BEAR,10:15,8569.5,8567.0,8571.5,8563.0
DIVISLAB,2026-08-25,BULL,10:30,8532.5,8515.0,8536.0,8511.0
DIVISLAB,2026-08-28,BULL,10:00,9153.5,9147.0,9163.5,9143.5
DIVISLAB,2026-08-31,BULL,09:15,9196.0,9177.5,9200.0,9162.0
DIVISLAB,2026-09-03,BEAR,10:30,9258.0,9241.0,9261.0,9233.0
DIVISLAB,2026-09-07,BULL,09:15,9174.5,9148.0,9174.5,9140.5
DIVISLAB,2026-09-08,BULL,10:00,9404.5,9394.5,9406.0,9377.0
DIVISLAB,2026-09-09,BEAR,10:45,9494.5,9480.5,9499.0,9478.0
DIVISLAB,2026-09-10,BULL,10:00,9470.0,9452.0,9470.0,9448.5
DIVISLAB,2026-09-10,BEAR,10:15,9468.5,9451.0,9477.5,9451.0
DIVISLAB,2026-09-10,BEAR,10:30,9514.0,9472.5,9522.5,9468.0
DRREDDY,2026-06-25,BULL,09:15,1351.1,1350.0,1351.5,1344.0
DRREDDY,2026-06-29,BULL,09:15,1408.8,1399.5,1409.9,1397.5
DRREDDY,2026-07-03,BULL,09:15,1357.0,1355.9,1361.2,1354.8
DRREDDY,2026-07-03,BULL,09:45,1371.7,1368.4,1372.0,1366.4
DRREDDY,2026-07-03,BULL,10:45,1375.7,1369.8,1377.6,1367.0
DRREDDY,2026-07-06,BEAR,09:15,1377.7,1372.0,1378.5,1371.9
DRREDDY,2026-07-06,BEAR,10:15,1370.2,1370.1,1371.8,1367.5
DRREDDY,2026-07-09,BEAR,10:15,1321.4,1320.5,1327.4,1319.0
DRREDDY,2026-07-13,BEAR,09:30,1240.4,1239.3,1241.8,1238.6
DRREDDY,2026-07-13,BEAR,09:45,1241.8,1240.4,1241.9,1239.0
DRREDDY,2026-07-15,BEAR,10:00,1237.2,1236.3,1239.8,1235.8
DRREDDY,2026-07-17,BEAR,09:15,1219.2,1216.2,1221.3,1213.8
DRREDDY,2026-07-21,BEAR,10:45,1218.3,1217.8,1219.2,1214.9
DRREDDY,2026-07-22,BEAR,09:15,1196.0,1191.2,1200.9,1189.8
DRREDDY,2026-07-22,BEAR,09:45,1191.8,1189.8,1193.8,1189.1
DRREDDY,2026-07-22,BEAR,10:00,1192.4,1191.3,1193.6,1189.7
DRREDDY,2026-07-28,BEAR,09:15,1147.5,1144.7,1147.5,1143.0
DRREDDY,2026-07-29,BULL,09:15,1136.4,1135.3,1139.6,1133.8
DRREDDY,2026-07-29,BULL,09:30,1135.3,1132.3,1137.6,1132.0
DRREDDY,2026-07-29,BULL,10:15,1139.3,1137.9,1139.9,1136.5
DRREDDY,2026-08-05,BULL,10:15,1165.8,1165.2,1166.0,1164.3
DRREDDY,2026-08-06,BEAR,09:15,1172.5,1169.5,1173.4,1169.5
DRREDDY,2026-08-10,BEAR,10:30,1169.1,1169.0,1169.9,1168.0
DRREDDY,2026-08-11,BEAR,09:45,1159.4,1157.3,1160.7,1157.3
DRREDDY,2026-08-11,BULL,10:30,1157.2,1156.1,1158.1,1155.6
DRREDDY,2026-08-13,BULL,10:30,1196.6,1195.6,1199.0,1194.0
DRREDDY,2026-08-20,BULL,11:00,1174.8,1173.4,1176.4,1172.9
DRREDDY,2026-09-02,BEAR,10:00,1167.0,1165.8,1167.3,1164.4
DRREDDY,2026-09-04,BULL,09:15,1163.0,1158.4,1163.0,1158.4
DRREDDY,2026-09-08,BULL,10:45,1145.9,1145.5,1146.0,1144.5
DRREDDY,2026-09-09,BEAR,10:15,1143.2,1139.7,1143.5,1139.5
DRREDDY,2026-09-09,BEAR,10:45,1141.5,1140.8,1141.7,1140.1
DRREDDY,2026-09-10,BEAR,10:00,1140.0,1139.2,1140.9,1137.7
DRREDDY,2026-09-10,BEAR,10:15,1140.1,1140.0,1141.7,1139.1
DRREDDY,2026-09-11,BULL,09:15,1140.2,1139.9,1141.0,1138.2
EICHERMOT,2026-06-24,BEAR,09:15,7542.5,7535.0,7548.5,7535.0
EICHERMOT,2026-06-29,BEAR,09:30,7550.0,7549.0,7555.0,7526.5
EICHERMOT,2026-07-03,BULL,09:45,7303.5,7289.0,7309.0,7282.5
EICHERMOT,2026-07-06,BULL,09:30,7356.5,7346.5,7360.0,7337.5
EICHERMOT,2026-07-06,BULL,10:00,7392.0,7377.5,7397.5,7369.5
EICHERMOT,2026-07-07,BULL,09:15,7563.5,7548.0,7567.0,7524.5
EICHERMOT,2026-07-07,BULL,10:15,7570.5,7551.5,7579.5,7551.5
EICHERMOT,2026-07-09,BEAR,10:15,7392.5,7387.5,7405.0,7382.5
EICHERMOT,2026-07-13,BEAR,11:00,7297.0,7296.0,7309.0,7291.0
EICHERMOT,2026-07-23,BULL,09:30,7654.5,7612.0,7654.5,7612.0
EICHERMOT,2026-07-27,BULL,09:45,7709.5,7693.0,7726.0,7682.0
EICHERMOT,2026-07-27,BULL,10:00,7693.0,7691.0,7708.0,7678.0
EICHERMOT,2026-07-27,BULL,10:45,7727.5,7719.0,7742.0,7707.0
EICHERMOT,2026-07-27,BULL,11:00,7719.0,7717.0,7723.5,7711.0
EICHERMOT,2026-07-29,BEAR,10:15,7847.5,7842.0,7847.5,7827.0
EICHERMOT,2026-07-29,BEAR,10:30,7847.0,7844.0,7850.0,7823.5
EICHERMOT,2026-07-30,BULL,09:30,7800.5,7779.5,7855.0,7732.5
EICHERMOT,2026-08-03,BULL,09:45,7981.0,7965.0,7986.5,7953.0
EICHERMOT,2026-08-03,BULL,10:15,7990.0,7966.0,8000.0,7931.5
EICHERMOT,2026-08-05,BULL,10:15,7948.5,7947.0,7958.0,7945.0
EICHERMOT,2026-08-10,BEAR,09:15,7993.5,7976.0,7997.0,7959.5
EICHERMOT,2026-08-14,BULL,09:15,8075.0,8051.0,8077.5,8049.0
EICHERMOT,2026-08-17,BEAR,10:00,8103.5,8097.0,8113.0,8096.0
EICHERMOT,2026-08-18,BEAR,09:15,8069.0,8067.0,8087.0,8063.0
EICHERMOT,2026-08-18,BEAR,09:45,8059.5,8052.0,8063.5,8049.0
EICHERMOT,2026-08-20,BULL,10:15,8012.0,8011.5,8024.5,8007.0
EICHERMOT,2026-08-20,BULL,10:30,8012.0,8011.5,8019.5,8007.5
EICHERMOT,2026-08-20,BULL,10:45,8011.0,8008.0,8011.5,7997.5
EICHERMOT,2026-08-21,BEAR,09:15,8056.5,8047.5,8065.5,8039.0
EICHERMOT,2026-08-21,BEAR,10:45,8008.5,8004.5,8019.0,8004.0
EICHERMOT,2026-08-21,BEAR,11:00,8017.0,8011.5,8024.5,8009.0
EICHERMOT,2026-08-24,BULL,09:15,7986.0,7974.5,7990.0,7974.0
EICHERMOT,2026-08-25,BEAR,09:45,8023.0,8011.0,8035.5,8011.0
EICHERMOT,2026-08-26,BULL,09:45,8056.0,8041.5,8059.5,8037.0
EICHERMOT,2026-08-28,BULL,09:15,8087.0,8086.0,8098.5,8077.5
EICHERMOT,2026-08-28,BEAR,10:45,8106.0,8105.0,8111.0,8102.0
EICHERMOT,2026-09-01,BULL,09:15,7978.5,7969.5,7982.0,7958.5
EICHERMOT,2026-09-01,BULL,09:30,7978.5,7964.5,7982.5,7961.0
EICHERMOT,2026-09-01,BULL,10:15,8033.0,8004.0,8052.0,8004.0
EICHERMOT,2026-09-09,BEAR,11:00,7703.5,7693.0,7709.0,7687.5
GRASIM,2026-06-24,BEAR,09:15,3135.5,3127.2,3141.0,3125.3
GRASIM,2026-06-25,BEAR,09:15,3133.7,3129.0,3140.0,3129.0
GRASIM,2026-06-25,BULL,10:30,3121.6001,3120.8999,3122.6001,3118.8
GRASIM,2026-06-30,BULL,10:30,3086.5,3085.0,3090.7,3084.0
GRASIM,2026-07-01,BULL,10:30,3114.0,3112.5,3117.3999,3111.6001
GRASIM,2026-07-07,BEAR,09:30,3208.7,3208.5,3210.3,3200.5
GRASIM,2026-07-07,BEAR,11:00,3202.2,3195.2,3202.8999,3192.1001
GRASIM,2026-07-09,BULL,10:15,3189.1001,3180.3,3193.5,3178.8
GRASIM,2026-07-13,BEAR,09:45,3197.3999,3191.8,3199.5,3190.3
GRASIM,2026-07-20,BULL,10:00,3125.0,3123.8,3125.0,3119.8999
GRASIM,2026-07-30,BEAR,09:15,3109.3999,3108.5,3113.5,3107.8
GRASIM,2026-07-30,BEAR,10:45,3104.8,3102.8999,3106.5,3100.3
GRASIM,2026-07-30,BEAR,11:00,3110.1001,3104.1001,3110.1001,3103.0
GRASIM,2026-07-31,BULL,09:15,3131.8,3124.5,3133.8999,3124.5
GRASIM,2026-07-31,BULL,09:30,3125.7,3123.3999,3126.6001,3117.3
GRASIM,2026-08-03,BULL,10:30,3136.2,3129.0,3136.5,3126.8999
GRASIM,2026-08-05,BULL,09:15,3155.0,3153.8,3157.0,3151.0
GRASIM,2026-08-07,BULL,09:45,3197.5,3190.3,3198.3999,3188.0
GRASIM,2026-08-14,BEAR,10:15,3245.8999,3245.0,3248.1001,3242.8
GRASIM,2026-08-18,BULL,09:15,3271.7,3266.8,3275.8,3266.8
GRASIM,2026-08-19,BEAR,09:45,3268.1001,3262.0,3270.0,3259.8
GRASIM,2026-08-25,BEAR,09:45,3282.3999,3272.5,3286.8,3272.5
GRASIM,2026-08-25,BEAR,10:45,3255.0,3246.1001,3260.8,3244.0
GRASIM,2026-08-28,BEAR,09:15,3253.0,3251.6001,3256.0,3250.0
GRASIM,2026-09-08,BULL,09:45,3292.5,3290.8999,3296.0,3288.2
GRASIM,2026-09-10,BULL,10:15,3297.3,3290.0,3303.3,3288.0
HCLTECH,2026-06-25,BULL,09:15,1119.2,1116.6,1120.5,1116.5
HCLTECH,2026-06-25,BULL,09:30,1117.3,1117.0,1117.6,1111.3
HCLTECH,2026-07-02,BULL,10:30,1073.5,1071.7,1074.3,1071.1
HCLTECH,2026-07-03,BULL,10:15,1126.1,1122.9,1126.5,1121.1
HCLTECH,2026-07-06,BEAR,09:15,1144.0,1138.1,1147.3,1136.3
HCLTECH,2026-07-07,BULL,09:15,1150.0,1145.5,1156.4,1141.6
HCLTECH,2026-07-07,BULL,10:30,1157.7,1152.0,1157.7,1150.6
HCLTECH,2026-07-08,BEAR,09:15,1175.5,1173.0,1176.0,1173.0
HCLTECH,2026-07-09,BULL,11:00,1145.0,1144.0,1146.0,1143.1
HCLTECH,2026-07-13,BULL,10:00,1174.9,1174.0,1177.1,1172.2
HCLTECH,2026-07-14,BEAR,10:15,1197.9,1190.3,1198.8,1185.7
HCLTECH,2026-07-16,BULL,09:30,1194.8,1192.6,1197.0,1191.3
HCLTECH,2026-07-21,BULL,10:45,1225.7,1221.7,1225.7,1221.2
HCLTECH,2026-07-23,BULL,09:15,1234.5,1233.6,1236.4,1231.9
HCLTECH,2026-07-23,BULL,10:15,1240.4,1240.3,1240.8,1238.7
HCLTECH,2026-07-23,BULL,10:30,1240.6,1239.6,1241.0,1238.7
HCLTECH,2026-07-24,BEAR,09:45,1256.5,1253.6,1260.8,1253.6
HCLTECH,2026-07-29,BULL,09:15,1334.8,1334.6,1336.7,1323.2
HCLTECH,2026-07-29,BULL,10:00,1341.8,1339.3,1344.3,1338.1
HCLTECH,2026-07-30,BULL,09:15,1360.0,1359.1,1364.5,1358.7
HCLTECH,2026-08-03,BULL,09:30,1349.7,1346.6,1351.0,1346.0
HCLTECH,2026-08-04,BEAR,11:00,1363.9,1363.5,1364.5,1360.8
HCLTECH,2026-08-10,BULL,09:30,1358.7,1355.3,1359.8,1353.4
HCLTECH,2026-08-10,BULL,10:00,1361.0,1359.6,1361.3,1357.0
HCLTECH,2026-08-11,BULL,09:15,1375.8,1371.7,1376.0,1370.3
HCLTECH,2026-08-11,BULL,09:30,1371.2,1371.0,1374.6,1369.5
HCLTECH,2026-08-12,BEAR,09:15,1365.6,1365.0,1365.6,1362.5
HCLTECH,2026-08-12,BEAR,10:30,1355.9,1355.6,1358.5,1354.5
HCLTECH,2026-08-17,BEAR,10:00,1340.3,1338.9,1340.9,1338.5
HCLTECH,2026-08-18,BEAR,09:45,1311.3,1310.4,1314.3,1309.2
HCLTECH,2026-08-18,BEAR,10:15,1312.9,1309.3,1313.9,1308.2
HCLTECH,2026-08-20,BULL,09:15,1329.7,1329.5,1330.8,1324.4
HCLTECH,2026-09-01,BULL,10:45,1340.9,1339.7,1344.8,1339.0
HCLTECH,2026-09-04,BEAR,10:00,1313.9,1313.0,1315.0,1312.5
HCLTECH,2026-09-07,BEAR,10:30,1274.0,1273.0,1274.4,1272.3
HCLTECH,2026-09-10,BULL,09:15,1226.9,1223.4,1227.6,1221.0
HCLTECH,2026-09-10,BEAR,09:30,1233.6,1223.7,1237.0,1222.4
HCLTECH,2026-09-11,BULL,09:15,1215.2,1203.8,1218.3,1196.7
HCLTECH,2026-09-11,BULL,10:45,1218.2,1213.2,1218.3,1212.3
HDFCBANK,2026-06-24,BULL,10:30,785.1,784.95,785.5,784.35
HDFCBANK,2026-06-25,BULL,11:00,798.2,797.7,798.55,797.5
HDFCBANK,2026-06-29,BEAR,09:30,798.85,795.7,799.0,793.4
HDFCBANK,2026-06-29,BULL,09:45,799.0,795.4,799.25,795.3
HDFCBANK,2026-07-01,BEAR,09:30,799.9,799.1,800.05,798.5
HDFCBANK,2026-07-01,BEAR,10:15,798.2,797.65,799.5,797.25
HDFCBANK,2026-07-03,BULL,09:30,802.85,802.4,804.9,801.85
HDFCBANK,2026-07-06,BULL,09:15,815.9,815.5,816.6,814.0
HDFCBANK,2026-07-06,BULL,10:00,821.45,821.0,824.45,820.7
HDFCBANK,2026-07-06,BULL,11:00,824.5,822.5,824.65,822.25
HDFCBANK,2026-07-07,BULL,09:30,835.3,833.45,836.15,832.0
HDFCBANK,2026-07-08,BULL,09:15,828.6,828.45,829.2,826.15
HDFCBANK,2026-07-09,BULL,10:15,816.15,814.6,816.3,813.85
HDFCBANK,2026-07-15,BULL,09:45,815.65,815.25,816.1,814.8
HDFCBANK,2026-07-17,BULL,11:00,819.4,817.45,819.85,817.15
HDFCBANK,2026-07-29,BULL,10:15,747.6,746.4,747.9,746.4
HDFCBANK,2026-07-30,BEAR,09:15,749.65,748.6,749.65,747.85
HDFCBANK,2026-07-30,BULL,10:00,747.1,746.1,747.7,746.05
HDFCBANK,2026-08-03,BULL,09:15,752.65,751.6,752.65,750.35
HDFCBANK,2026-08-04,BEAR,10:45,744.2,743.95,744.65,743.9
HDFCBANK,2026-08-10,BULL,09:15,731.8,729.9,732.9,729.5
HDFCBANK,2026-08-12,BEAR,09:15,727.35,725.0,727.95,725.0
HDFCBANK,2026-08-12,BEAR,10:15,725.6,725.2,725.7,725.0
HDFCBANK,2026-08-18,BEAR,10:15,725.3,725.0,725.6,724.85
HDFCBANK,2026-08-19,BEAR,10:00,718.95,718.2,719.8,717.5
HDFCBANK,2026-08-21,BULL,09:45,731.85,730.4,732.55,730.0
HDFCBANK,2026-08-21,BULL,10:00,730.4,729.75,730.4,729.15
HDFCBANK,2026-08-26,BULL,10:45,726.1,725.9,726.35,725.0
HDFCBANK,2026-09-04,BULL,10:30,711.6,711.1,711.95,711.0
HDFCBANK,2026-09-07,BEAR,10:15,710.15,709.0,710.35,709.0
HDFCBANK,2026-09-07,BEAR,10:30,710.5,710.3,710.7,709.75
HDFCBANK,2026-09-08,BEAR,10:00,707.1,706.35,707.2,705.55
HDFCBANK,2026-09-10,BEAR,09:15,690.3,688.9,690.35,687.85
HDFCLIFE,2026-06-29,BEAR,09:30,583.9,583.6,584.6,581.55
HDFCLIFE,2026-07-01,BEAR,11:00,573.5,572.2,573.5,571.65
HDFCLIFE,2026-07-03,BEAR,09:15,574.85,573.9,575.0,573.25
HDFCLIFE,2026-07-03,BEAR,10:45,568.8,567.8,569.15,566.9
HDFCLIFE,2026-07-03,BEAR,11:00,569.0,568.7,569.45,568.6
HDFCLIFE,2026-07-06,BULL,09:15,570.1,568.25,570.3,567.35
HDFCLIFE,2026-07-06,BULL,09:30,568.25,566.25,569.35,566.15
HDFCLIFE,2026-07-07,BULL,10:00,566.65,565.75,567.0,565.6
HDFCLIFE,2026-07-07,BULL,10:15,565.6,565.05,566.3,564.55
HDFCLIFE,2026-07-09,BEAR,10:30,558.3,558.25,559.2,557.65
HDFCLIFE,2026-07-10,BULL,10:45,563.4,562.25,564.5,562.25
HDFCLIFE,2026-07-14,BEAR,09:15,570.4,569.5,571.75,568.8
HDFCLIFE,2026-07-14,BEAR,10:45,564.95,563.65,565.15,563.25
HDFCLIFE,2026-07-15,BULL,10:00,568.65,567.65,568.7,566.2
HDFCLIFE,2026-07-21,BEAR,09:15,564.35,562.3,564.5,561.6
HDFCLIFE,2026-07-21,BEAR,10:00,563.05,562.4,563.2,562.3
HDFCLIFE,2026-07-24,BULL,11:00,551.9,551.6,552.2,551.0
HDFCLIFE,2026-07-27,BULL,09:15,555.6,555.4,555.9,555.05
HDFCLIFE,2026-07-28,BULL,10:00,553.3,553.15,553.35,552.5
HDFCLIFE,2026-07-30,BEAR,09:45,553.8,553.35,554.6,553.15
HDFCLIFE,2026-07-30,BEAR,10:15,551.95,551.6,552.15,551.25
HDFCLIFE,2026-07-30,BEAR,11:00,550.85,550.3,551.0,550.0
HDFCLIFE,2026-07-31,BULL,09:45,545.75,545.4,546.0,545.0
HDFCLIFE,2026-07-31,BULL,10:00,545.35,545.0,545.85,544.65
HDFCLIFE,2026-08-04,BEAR,09:30,545.5,545.35,545.95,544.5
HDFCLIFE,2026-08-04,BEAR,09:45,546.4,545.4,546.75,545.0
HDFCLIFE,2026-08-05,BULL,10:30,542.45,542.35,542.9,541.8
HDFCLIFE,2026-08-07,BULL,10:00,541.2,540.35,541.3,540.35
HDFCLIFE,2026-08-11,BEAR,09:45,537.9,536.85,538.15,536.55
HDFCLIFE,2026-08-11,BEAR,10:30,536.9,535.0,537.6,534.9
HDFCLIFE,2026-08-12,BEAR,10:15,536.0,535.9,536.65,535.65
HDFCLIFE,2026-08-13,BULL,09:15,534.45,534.2,535.45,534.15
HDFCLIFE,2026-08-17,BULL,10:15,541.85,540.95,541.9,539.75
HDFCLIFE,2026-08-17,BULL,10:30,541.55,540.5,541.55,540.5
HDFCLIFE,2026-08-19,BEAR,09:45,536.0,535.85,536.45,535.15
HDFCLIFE,2026-08-19,BEAR,10:00,536.35,536.0,536.8,535.3
HDFCLIFE,2026-08-20,BULL,09:30,538.95,537.2,538.95,536.75
HDFCLIFE,2026-08-21,BULL,09:45,539.7,539.0,539.9,538.7
HDFCLIFE,2026-08-21,BULL,10:00,539.1,538.6,539.35,538.35
HDFCLIFE,2026-08-24,BEAR,10:30,553.55,553.4,553.8,552.55
HDFCLIFE,2026-08-26,BULL,10:15,552.9,551.8,553.1,551.35
HDFCLIFE,2026-09-02,BEAR,11:00,535.5,535.45,535.8,535.25
HDFCLIFE,2026-09-04,BULL,09:15,538.4,536.45,538.4,536.15
HDFCLIFE,2026-09-04,BULL,11:00,544.9,544.3,545.3,543.55
HDFCLIFE,2026-09-09,BEAR,09:15,527.45,526.7,528.05,525.85
HDFCLIFE,2026-09-10,BEAR,09:30,514.65,513.8,515.1,513.55
HDFCLIFE,2026-09-11,BULL,10:15,521.65,521.4,522.5,520.2
HDFCLIFE,2026-09-11,BULL,10:45,522.0,520.4,522.55,520.25
HEROMOTOCO,2026-06-25,BULL,09:30,5019.3999,5004.0,5037.2998,4991.0
HEROMOTOCO,2026-06-25,BULL,09:45,5004.2002,5000.8999,5017.1001,4994.2998
HEROMOTOCO,2026-06-29,BEAR,09:30,4913.2998,4905.6001,4924.0,4895.1001
HEROMOTOCO,2026-06-29,BEAR,10:15,4884.1001,4866.8999,4888.7998,4866.2998
HEROMOTOCO,2026-07-03,BEAR,09:30,4872.1001,4870.0,4881.3999,4864.7002
HEROMOTOCO,2026-07-06,BULL,09:30,4848.8999,4846.0,4856.0,4841.6001
HEROMOTOCO,2026-07-06,BULL,10:00,4859.0,4857.3999,4867.2002,4852.0
HEROMOTOCO,2026-07-07,BULL,09:15,4980.0,4969.0,4985.0,4960.0
HEROMOTOCO,2026-07-07,BULL,09:30,4969.0,4960.0,4976.0,4955.7002
HEROMOTOCO,2026-07-07,BULL,09:45,4960.0,4958.7998,4962.7998,4945.1001
HEROMOTOCO,2026-07-17,BEAR,09:15,4912.2002,4902.0,4925.0,4895.0
HEROMOTOCO,2026-07-17,BEAR,10:15,4896.8999,4886.2002,4899.7998,4883.2002
HEROMOTOCO,2026-07-20,BULL,09:15,4928.7002,4910.1001,4934.8999,4905.7998
HEROMOTOCO,2026-07-23,BULL,10:45,5156.0,5150.0,5166.1001,5141.5
HEROMOTOCO,2026-07-27,BULL,10:15,5059.7998,5058.8999,5062.6001,5053.0
HEROMOTOCO,2026-07-29,BULL,09:15,5208.2998,5185.0,5214.0,5175.7002
HEROMOTOCO,2026-07-29,BULL,10:00,5188.1001,5167.2998,5203.5,5166.3999
HEROMOTOCO,2026-07-31,BULL,10:00,5324.7002,5324.2002,5328.0,5316.2002
HEROMOTOCO,2026-07-31,BULL,10:30,5328.0,5323.0,5334.8999,5318.0
HEROMOTOCO,2026-08-04,BULL,10:45,5515.0,5511.5,5516.0,5504.5
HEROMOTOCO,2026-08-05,BULL,09:30,5625.5,5612.0,5629.5,5606.0
HEROMOTOCO,2026-08-07,BULL,10:30,5728.0,5712.0,5728.0,5712.0
HEROMOTOCO,2026-08-13,BEAR,11:00,5869.0,5867.0,5870.0,5862.5
HEROMOTOCO,2026-08-14,BEAR,09:30,5832.5,5807.0,5836.0,5806.5
HEROMOTOCO,2026-08-17,BEAR,09:15,5796.0,5795.5,5810.0,5792.0
HEROMOTOCO,2026-08-18,BEAR,09:15,5756.0,5743.0,5778.0,5743.0
HEROMOTOCO,2026-08-19,BULL,09:15,5726.0,5713.5,5745.0,5712.0
HEROMOTOCO,2026-08-20,BULL,09:15,5697.0,5676.0,5697.0,5674.0
HEROMOTOCO,2026-08-20,BULL,10:45,5695.0,5693.5,5695.0,5687.5
HEROMOTOCO,2026-08-21,BEAR,09:45,5699.5,5695.0,5705.0,5692.0
HEROMOTOCO,2026-08-26,BULL,09:15,5625.5,5617.0,5633.5,5617.0
HEROMOTOCO,2026-08-28,BULL,10:00,5622.5,5613.5,5632.0,5606.0
HEROMOTOCO,2026-09-01,BULL,09:15,5623.5,5577.5,5634.5,5573.5
HEROMOTOCO,2026-09-01,BULL,09:30,5581.0,5570.0,5589.5,5562.0
HEROMOTOCO,2026-09-04,BEAR,10:15,5308.5,5295.5,5311.5,5293.5
HEROMOTOCO,2026-09-10,BEAR,09:45,5200.5,5193.0,5210.0,5190.0
HINDALCO,2026-06-24,BEAR,09:15,978.8,977.2,979.0,974.9
HINDALCO,2026-06-29,BULL,10:45,967.8,967.3,968.3,965.6
HINDALCO,2026-07-07,BEAR,09:15,976.6,972.35,976.6,966.75
HINDALCO,2026-07-09,BEAR,09:15,962.75,960.65,962.75,959.1
HINDALCO,2026-07-10,BULL,09:30,977.35,976.4,979.95,976.1
HINDALCO,2026-07-13,BEAR,11:00,960.65,960.15,961.65,959.0
HINDALCO,2026-07-14,BULL,09:45,984.15,977.5,984.15,977.5
HINDALCO,2026-07-14,BULL,10:15,991.3,990.7,991.85,987.55
HINDALCO,2026-07-16,BULL,09:15,964.8,962.2,968.7,961.55
HINDALCO,2026-07-17,BEAR,09:30,956.2,949.35,957.3,949.35
HINDALCO,2026-07-20,BULL,09:15,949.7,947.5,951.3,944.65
HINDALCO,2026-07-20,BULL,09:30,947.25,946.75,948.0,944.45
HINDALCO,2026-07-29,BULL,09:15,943.4,942.45,943.95,940.65
HINDALCO,2026-07-29,BULL,09:30,943.15,942.85,943.15,938.15
HINDALCO,2026-07-29,BULL,10:30,953.05,952.6,954.0,951.0
HINDALCO,2026-07-29,BULL,10:45,952.55,952.2,954.6,950.55
HINDALCO,2026-07-31,BULL,09:15,980.55,977.6,982.9,977.6
HINDALCO,2026-07-31,BULL,09:30,977.55,977.1,978.1,974.95
HINDALCO,2026-08-14,BEAR,09:45,1030.55,1026.5,1031.15,1026.25
HINDALCO,2026-08-17,BULL,09:15,1039.95,1035.8,1041.8,1034.8
HINDALCO,2026-08-17,BULL,10:45,1037.6,1036.3,1038.0,1034.2
HINDALCO,2026-08-18,BEAR,09:15,1046.75,1043.15,1046.75,1042.2
HINDALCO,2026-08-24,BULL,09:30,1047.95,1045.85,1047.95,1043.4
HINDALCO,2026-08-24,BULL,10:00,1051.2,1049.75,1052.9,1049.55
HINDALCO,2026-08-28,BULL,10:15,1032.0,1030.9,1032.75,1029.5
HINDALCO,2026-08-28,BULL,10:30,1030.9,1030.65,1031.85,1029.8
HINDALCO,2026-09-02,BEAR,10:45,1009.4,1006.5,1009.9,1006.2
HINDALCO,2026-09-04,BULL,09:15,1007.5,1007.1,1009.6,1006.5
HINDALCO,2026-09-04,BULL,10:30,1009.8,1008.0,1009.8,1007.4
HINDALCO,2026-09-07,BEAR,09:30,1008.7,1008.6,1009.9,1008.0
HINDALCO,2026-09-08,BULL,09:30,1017.0,1015.8,1019.8,1015.3
HINDALCO,2026-09-09,BULL,09:45,1017.0,1014.0,1017.0,1014.0
HINDALCO,2026-09-10,BEAR,10:15,1021.5,1020.4,1023.4,1020.4
HINDALCO,2026-09-10,BEAR,11:00,1017.8,1016.4,1017.8,1016.0
HINDUNILVR,2026-06-24,BEAR,09:15,2157.8999,2155.3999,2162.0,2154.5
HINDUNILVR,2026-06-29,BEAR,11:00,2180.8999,2180.0,2182.0,2179.2
HINDUNILVR,2026-07-02,BULL,09:15,2187.6001,2184.1001,2188.0,2183.3999
HINDUNILVR,2026-07-06,BULL,09:30,2202.3,2196.3,2206.5,2195.1001
HINDUNILVR,2026-07-06,BULL,09:45,2196.3,2191.3999,2198.0,2190.5
HINDUNILVR,2026-07-07,BULL,09:30,2205.3,2201.8,2206.1001,2200.2
HINDUNILVR,2026-07-07,BULL,09:45,2201.8,2201.1001,2202.8,2197.5
HINDUNILVR,2026-07-08,BEAR,09:30,2180.1001,2179.0,2180.8999,2175.5
HINDUNILVR,2026-07-09,BULL,10:00,2152.0,2149.0,2154.7,2148.1001
HINDUNILVR,2026-07-13,BEAR,09:30,2137.8999,2136.8999,2138.2,2132.8
HINDUNILVR,2026-07-15,BEAR,10:30,2106.8,2105.7,2108.6001,2104.3999
HINDUNILVR,2026-07-16,BULL,10:30,2113.6001,2111.1001,2113.7,2110.6001
HINDUNILVR,2026-07-21,BEAR,09:45,2145.7,2141.5,2147.3999,2139.1001
HINDUNILVR,2026-07-21,BEAR,10:45,2135.8,2134.8999,2136.8999,2133.3999
HINDUNILVR,2026-07-22,BULL,10:30,2137.0,2132.3,2138.0,2130.6001
HINDUNILVR,2026-07-23,BULL,09:45,2151.6001,2143.3999,2151.8999,2139.8999
HINDUNILVR,2026-07-24,BEAR,09:30,2157.5,2155.0,2161.0,2152.8999
HINDUNILVR,2026-07-24,BEAR,09:45,2159.0,2157.8999,2163.0,2155.3999
HINDUNILVR,2026-07-24,BEAR,10:15,2151.5,2150.3,2155.0,2147.6001
HINDUNILVR,2026-07-28,BULL,09:15,2189.1001,2189.0,2193.0,2178.8999
HINDUNILVR,2026-07-28,BEAR,09:30,2201.8999,2189.8,2204.0,2189.8
HINDUNILVR,2026-07-28,BEAR,09:45,2209.0,2201.8999,2209.2,2201.8999
HINDUNILVR,2026-07-30,BEAR,09:15,2128.5,2128.3,2129.0,2123.3
HINDUNILVR,2026-08-03,BULL,09:15,2115.8,2111.7,2116.8,2105.5
HINDUNILVR,2026-08-04,BEAR,10:30,2107.0,2105.8999,2107.1001,2103.3
HINDUNILVR,2026-08-06,BULL,09:15,2085.0,2077.3999,2085.8999,2076.3999
HINDUNILVR,2026-08-06,BULL,10:30,2086.0,2084.8,2086.0,2081.7
HINDUNILVR,2026-08-06,BULL,10:45,2084.7,2084.3999,2085.0,2081.0
HINDUNILVR,2026-08-11,BEAR,10:30,2076.7,2075.8999,2077.7,2075.2
HINDUNILVR,2026-08-12,BEAR,09:15,2061.0,2060.3,2063.3,2057.3
HINDUNILVR,2026-08-13,BULL,10:15,2058.5,2057.5,2059.8,2056.0
HINDUNILVR,2026-08-13,BULL,11:00,2062.8,2062.0,2063.8999,2061.2
HINDUNILVR,2026-08-14,BEAR,10:30,2084.3,2082.3,2084.7,2080.3999
HINDUNILVR,2026-08-19,BEAR,09:45,2031.2,2031.0,2032.3,2029.6
HINDUNILVR,2026-08-21,BEAR,09:30,2022.8,2021.6,2024.1,2019.1
HINDUNILVR,2026-08-24,BEAR,10:30,2017.5,2016.4,2018.5,2015.6
HINDUNILVR,2026-08-31,BEAR,09:15,1997.7,1993.0,1998.0,1992.4
HINDUNILVR,2026-09-02,BEAR,10:15,1974.9,1972.5,1975.4,1971.2
HINDUNILVR,2026-09-02,BEAR,10:45,1972.5,1969.3,1972.9,1969.0
HINDUNILVR,2026-09-04,BULL,09:30,1956.6,1953.5,1956.6,1952.7
HINDUNILVR,2026-09-04,BULL,10:30,1969.1,1968.2,1969.4,1966.4
HINDUNILVR,2026-09-08,BULL,09:15,1967.8,1965.3,1967.8,1962.5
HINDUNILVR,2026-09-08,BULL,09:30,1966.0,1964.6,1967.0,1963.5
HINDUNILVR,2026-09-08,BULL,10:15,1980.8,1977.4,1982.1,1976.2
HINDUNILVR,2026-09-08,BULL,10:30,1977.2,1976.0,1977.8,1972.6
ICICIBANK,2026-06-24,BULL,09:45,1363.6,1362.5,1364.8,1359.1
ICICIBANK,2026-06-30,BEAR,09:15,1390.5,1390.4,1391.4,1388.8
ICICIBANK,2026-06-30,BEAR,10:00,1386.8,1386.1,1390.9,1386.0
ICICIBANK,2026-07-08,BEAR,10:45,1416.0,1415.7,1417.0,1415.1
ICICIBANK,2026-07-14,BEAR,09:15,1399.2,1396.9,1401.3,1396.9
ICICIBANK,2026-07-15,BULL,09:45,1424.2,1420.3,1425.0,1419.8
ICICIBANK,2026-07-17,BULL,09:45,1429.9,1429.0,1430.7,1427.4
ICICIBANK,2026-07-30,BEAR,09:30,1430.5,1427.2,1430.9,1426.2
ICICIBANK,2026-07-30,BEAR,10:00,1429.3,1427.9,1430.0,1427.4
ICICIBANK,2026-08-11,BEAR,09:15,1427.1,1423.8,1427.2,1423.8
ICICIBANK,2026-08-11,BEAR,10:30,1425.6,1423.4,1426.7,1421.8
ICICIBANK,2026-08-12,BULL,09:45,1430.0,1428.2,1431.8,1428.0
ICICIBANK,2026-08-17,BEAR,10:15,1413.2,1412.6,1413.7,1411.1
ICICIBANK,2026-08-18,BEAR,10:15,1412.8,1412.7,1412.8,1410.6
ICICIBANK,2026-08-19,BEAR,09:15,1409.7,1408.0,1410.4,1407.5
ICICIBANK,2026-08-19,BEAR,10:30,1404.0,1403.4,1405.0,1402.8
ICICIBANK,2026-08-24,BEAR,10:15,1422.2,1421.5,1423.1,1421.0
ICICIBANK,2026-08-24,BEAR,10:30,1422.4,1422.1,1423.5,1421.9
ICICIBANK,2026-08-28,BEAR,09:15,1438.4,1436.7,1438.7,1435.3
ICICIBANK,2026-08-28,BEAR,11:00,1430.9,1430.5,1431.1,1430.0
ICICIBANK,2026-09-08,BEAR,10:30,1410.5,1410.3,1411.6,1409.5
ICICIBANK,2026-09-08,BEAR,10:45,1411.6,1410.4,1413.1,1409.0
ICICIBANK,2026-09-09,BEAR,09:45,1393.4,1389.8,1394.2,1388.2
INDUSINDBK,2026-06-24,BEAR,09:15,907.5,906.2,908.0,906.0
INDUSINDBK,2026-06-24,BULL,09:30,906.9,901.4,907.4,901.4
INDUSINDBK,2026-06-24,BULL,09:45,901.85,901.15,904.8,900.15
INDUSINDBK,2026-06-25,BEAR,09:30,934.2,931.3,934.75,930.5
INDUSINDBK,2026-06-30,BULL,09:15,926.65,920.0,927.45,918.75
INDUSINDBK,2026-06-30,BULL,09:30,919.85,918.95,920.9,917.45
INDUSINDBK,2026-06-30,BULL,10:15,926.95,925.95,927.95,925.05
INDUSINDBK,2026-07-01,BULL,09:15,930.35,928.45,931.75,928.45
INDUSINDBK,2026-07-01,BULL,10:30,935.9,932.9,936.05,931.85
INDUSINDBK,2026-07-02,BEAR,09:30,942.35,935.1,942.5,935.0
INDUSINDBK,2026-07-03,BULL,11:00,950.8,949.8,951.5,949.55
INDUSINDBK,2026-07-06,BULL,09:15,980.3,975.1,981.25,975.1
INDUSINDBK,2026-07-07,BULL,10:15,1016.55,1013.2,1021.7,1011.65
INDUSINDBK,2026-07-07,BULL,10:45,1015.8,1014.95,1016.0,1014.1
INDUSINDBK,2026-07-15,BULL,09:15,1007.45,1007.0,1009.25,1005.15
INDUSINDBK,2026-07-15,BULL,10:15,1016.55,1016.15,1016.75,1015.7
INDUSINDBK,2026-07-17,BULL,09:45,1022.9,1021.9,1025.85,1020.0
INDUSINDBK,2026-07-17,BULL,10:00,1021.95,1020.0,1022.3,1019.3
INDUSINDBK,2026-07-20,BEAR,09:45,1024.6,1023.4,1026.25,1023.4
INDUSINDBK,2026-07-21,BULL,09:15,1045.15,1044.0,1045.5,1041.1
INDUSINDBK,2026-07-23,BEAR,09:15,1024.8,1021.65,1032.8,1020.5
INDUSINDBK,2026-07-29,BULL,10:15,1000.75,1000.55,1003.1,1000.3
INDUSINDBK,2026-07-30,BEAR,09:45,1009.65,1005.55,1009.95,1005.1
INDUSINDBK,2026-07-30,BEAR,10:30,1005.8,1004.55,1005.85,1002.85
INDUSINDBK,2026-07-31,BEAR,09:15,1009.9,1009.7,1012.0,1009.25
INDUSINDBK,2026-08-06,BULL,09:45,1023.5,1023.2,1025.6,1022.8
INDUSINDBK,2026-08-06,BULL,11:00,1029.9,1029.0,1030.6,1028.6
INDUSINDBK,2026-08-07,BEAR,10:00,1011.6,1011.0,1013.4,1010.0
INDUSINDBK,2026-08-14,BEAR,10:30,1021.7,1019.2,1023.4,1019.0
INDUSINDBK,2026-08-17,BEAR,09:30,1010.7,1009.3,1011.2,1009.3
INDUSINDBK,2026-08-17,BEAR,10:00,1010.0,1009.4,1010.4,1009.0
INDUSINDBK,2026-08-31,BEAR,09:15,987.5,986.0,989.9,986.0
INDUSINDBK,2026-08-31,BULL,11:00,986.2,985.8,986.6,985.2
INDUSINDBK,2026-09-02,BEAR,09:30,977.5,976.6,979.2,976.3
INDUSINDBK,2026-09-02,BEAR,09:45,977.6,977.4,978.3,975.1
INDUSINDBK,2026-09-02,BEAR,10:30,975.2,974.3,976.7,974.3
INDUSINDBK,2026-09-07,BULL,10:30,1014.4,1012.9,1015.8,1012.9
INDUSINDBK,2026-09-07,BULL,10:45,1013.0,1012.8,1013.9,1012.4
INDUSINDBK,2026-09-09,BULL,09:30,996.7,996.2,998.4,995.3
INDUSINDBK,2026-09-09,BULL,10:30,1004.5,1001.8,1004.7,1001.4
INDUSINDBK,2026-09-10,BEAR,09:15,1001.9,1001.0,1001.9,998.1
INDUSINDBK,2026-09-10,BEAR,09:45,1000.5,1000.2,1001.1,1000.0
INDUSINDBK,2026-09-10,BEAR,10:30,999.3,997.6,999.8,997.0
INDUSINDBK,2026-09-11,BEAR,09:15,984.4,983.0,986.2,982.6
INDUSINDBK,2026-09-11,BEAR,10:00,981.4,979.6,982.2,979.1
INDUSINDBK,2026-09-11,BEAR,10:30,978.8,978.5,978.9,977.4
INFY,2026-06-24,BULL,09:15,1044.9,1040.5,1045.5,1038.5
INFY,2026-06-24,BULL,09:45,1043.9,1042.0,1048.5,1041.5
INFY,2026-07-06,BEAR,09:15,1046.8,1043.4,1047.7,1042.7
INFY,2026-07-06,BEAR,10:45,1039.1,1038.3,1039.9,1038.0
INFY,2026-07-07,BULL,09:15,1061.0,1059.7,1067.3,1057.2
INFY,2026-07-13,BULL,09:15,1072.2,1061.4,1072.5,1060.0
INFY,2026-07-13,BULL,10:00,1070.0,1068.8,1070.8,1067.1
INFY,2026-07-20,BEAR,09:30,1096.9,1096.5,1098.8,1093.6
INFY,2026-07-21,BEAR,09:15,1093.8,1083.5,1094.4,1083.5
INFY,2026-07-21,BEAR,10:00,1080.0,1078.5,1081.4,1077.5
INFY,2026-07-24,BEAR,09:45,1035.3,1031.6,1040.6,1031.2
INFY,2026-07-28,BULL,09:15,1107.5,1106.5,1108.3,1104.4
INFY,2026-07-29,BULL,09:15,1142.0,1138.4,1142.1,1128.5
INFY,2026-07-29,BULL,09:45,1148.6,1143.2,1148.6,1138.0
INFY,2026-07-29,BULL,10:30,1151.1,1150.3,1153.9,1150.0
INFY,2026-08-10,BULL,09:30,1180.5,1178.8,1183.0,1178.0
INFY,2026-08-12,BEAR,09:15,1187.9,1184.7,1187.9,1183.5
INFY,2026-08-12,BEAR,09:30,1189.0,1187.7,1190.3,1186.7
INFY,2026-08-12,BEAR,10:30,1179.3,1177.4,1180.0,1176.8
INFY,2026-08-12,BEAR,11:00,1171.6,1169.4,1172.0,1167.0
INFY,2026-08-13,BEAR,09:15,1167.2,1164.9,1167.2,1164.3
INFY,2026-08-13,BEAR,10:00,1165.6,1161.7,1168.1,1161.0
INFY,2026-08-14,BEAR,10:00,1170.5,1169.6,1171.9,1169.4
INFY,2026-08-17,BEAR,10:00,1150.4,1149.9,1152.9,1149.6
INFY,2026-08-17,BEAR,10:15,1151.6,1150.0,1152.0,1150.0
INFY,2026-08-18,BEAR,10:15,1121.4,1118.9,1122.3,1118.7
INFY,2026-08-27,BEAR,09:30,1119.3,1117.0,1119.3,1115.3
INFY,2026-08-27,BEAR,10:45,1114.4,1111.0,1115.2,1110.2
INFY,2026-09-07,BEAR,09:45,1101.7,1100.6,1102.7,1100.2
INFY,2026-09-09,BEAR,09:30,1051.0,1044.8,1053.8,1044.8
ITC,2026-06-24,BULL,09:45,290.25,289.65,290.35,289.65
ITC,2026-06-25,BULL,09:15,289.7,289.6,289.8,289.2
ITC,2026-06-25,BULL,11:00,291.5,291.15,291.6,291.05
ITC,2026-07-01,BULL,10:30,289.3,288.85,289.4,288.7
ITC,2026-07-02,BEAR,09:15,290.65,290.55,290.85,290.25
ITC,2026-07-03,BULL,09:45,290.65,290.5,290.9,290.45
ITC,2026-07-06,BEAR,09:15,288.6,288.4,288.85,288.2
ITC,2026-07-10,BEAR,10:30,283.0,282.95,283.2,282.6
ITC,2026-07-14,BEAR,09:15,279.95,279.85,280.5,279.75
ITC,2026-07-15,BULL,09:15,276.6,276.5,276.85,275.7
ITC,2026-07-15,BULL,09:30,276.45,276.25,276.55,275.7
ITC,2026-07-20,BULL,10:00,280.7,280.35,280.8,280.25
ITC,2026-07-23,BULL,10:15,280.4,280.2,280.6,280.1
ITC,2026-07-23,BULL,11:00,282.4,282.2,282.5,281.9
ITC,2026-07-24,BULL,09:30,281.15,280.85,281.6,280.75
ITC,2026-07-24,BULL,10:00,281.1,280.7,281.1,280.5
ITC,2026-07-28,BEAR,09:15,287.3,286.4,287.85,285.95
ITC,2026-07-28,BEAR,10:15,286.0,285.25,286.2,285.05
ITC,2026-07-30,BEAR,09:45,287.35,287.25,287.7,287.05
ITC,2026-08-04,BULL,10:15,285.95,285.8,286.05,285.6
ITC,2026-08-04,BULL,10:30,285.8,285.5,285.95,285.35
ITC,2026-08-04,BULL,10:45,285.55,285.15,285.65,284.9
ITC,2026-08-05,BEAR,09:30,287.35,287.0,287.55,286.8
ITC,2026-08-06,BEAR,09:15,286.15,285.95,286.2,285.75
ITC,2026-08-11,BEAR,09:30,281.2,281.15,281.5,281.0
ITC,2026-08-12,BEAR,09:15,278.65,278.15,278.8,278.1
ITC,2026-08-12,BEAR,10:30,277.95,277.85,278.2,277.8
ITC,2026-08-13,BULL,11:00,276.75,276.5,276.8,276.4
ITC,2026-08-19,BEAR,09:30,270.35,270.1,270.5,269.85
ITC,2026-08-20,BEAR,10:00,267.9,267.75,267.9,267.6
ITC,2026-08-24,BEAR,10:00,269.65,269.45,269.65,269.2
ITC,2026-08-25,BULL,10:45,268.75,268.6,268.95,268.45
ITC,2026-08-25,BULL,11:00,268.6,268.45,268.65,268.4
ITC,2026-08-27,BEAR,10:00,269.9,269.6,269.9,269.55
ITC,2026-08-31,BEAR,09:15,265.4,265.15,265.4,265.1
ITC,2026-08-31,BEAR,09:45,265.3,264.75,265.4,264.7
ITC,2026-09-02,BULL,10:00,264.9,264.6,265.0,264.3
ITC,2026-09-04,BULL,11:00,265.4,265.0,265.5,264.9
ITC,2026-09-08,BULL,09:15,264.2,263.3,264.2,263.15
ITC,2026-09-08,BULL,10:30,264.5,264.0,264.55,263.9
ITC,2026-09-09,BEAR,10:15,262.6,261.85,262.6,261.75
ITC,2026-09-10,BEAR,10:30,261.45,261.25,261.6,261.15
JSWSTEEL,2026-06-29,BULL,09:30,1245.9,1243.9,1245.9,1240.2
JSWSTEEL,2026-06-30,BEAR,10:45,1232.4,1232.2,1234.7,1231.9
JSWSTEEL,2026-06-30,BEAR,11:00,1232.7,1232.3,1233.9,1228.1
JSWSTEEL,2026-07-01,BEAR,09:15,1219.7,1217.9,1223.8,1216.9
JSWSTEEL,2026-07-06,BULL,09:45,1235.7,1234.9,1236.0,1233.2
JSWSTEEL,2026-07-08,BEAR,09:15,1239.8,1233.8,1240.2,1232.4
JSWSTEEL,2026-07-09,BULL,10:15,1224.1,1221.6,1224.2,1221.3
JSWSTEEL,2026-07-13,BEAR,11:00,1232.5,1230.3,1233.5,1229.4
JSWSTEEL,2026-07-15,BEAR,10:30,1243.8,1243.2,1244.3,1242.5
JSWSTEEL,2026-07-17,BULL,09:30,1229.7,1228.5,1230.9,1227.2
JSWSTEEL,2026-07-17,BULL,09:45,1228.5,1226.5,1229.5,1225.1
JSWSTEEL,2026-07-22,BULL,09:30,1265.7,1264.3,1268.9,1263.7
JSWSTEEL,2026-07-22,BULL,10:00,1267.5,1267.3,1272.5,1266.0
JSWSTEEL,2026-07-23,BEAR,10:45,1266.7,1265.8,1267.8,1265.0
JSWSTEEL,2026-07-24,BEAR,09:15,1241.5,1234.7,1241.5,1234.1
JSWSTEEL,2026-07-29,BULL,09:30,1258.6,1254.5,1259.1,1252.0
JSWSTEEL,2026-07-29,BULL,10:45,1269.4,1268.7,1269.8,1267.2
JSWSTEEL,2026-07-30,BEAR,09:15,1277.4,1274.6,1277.8,1273.4
JSWSTEEL,2026-07-30,BEAR,10:15,1273.3,1273.0,1273.9,1272.2
JSWSTEEL,2026-07-31,BULL,09:15,1278.8,1270.3,1278.8,1270.3
JSWSTEEL,2026-08-04,BULL,10:30,1284.9,1284.3,1286.2,1282.5
JSWSTEEL,2026-08-05,BULL,11:00,1300.2,1297.2,1300.7,1296.0
JSWSTEEL,2026-08-07,BEAR,09:45,1303.8,1302.6,1306.2,1302.0
JSWSTEEL,2026-08-11,BEAR,09:45,1302.4,1300.0,1303.5,1300.0
JSWSTEEL,2026-08-11,BEAR,10:00,1302.5,1302.4,1303.5,1302.0
JSWSTEEL,2026-08-12,BEAR,10:30,1285.2,1284.9,1285.7,1284.5
JSWSTEEL,2026-08-14,BEAR,09:15,1265.8,1265.1,1268.5,1265.1
JSWSTEEL,2026-08-14,BEAR,10:30,1264.8,1263.9,1266.0,1262.7
JSWSTEEL,2026-08-19,BULL,09:15,1264.4,1264.3,1265.9,1262.1
JSWSTEEL,2026-08-20,BULL,09:30,1291.4,1288.7,1293.8,1287.6
JSWSTEEL,2026-08-20,BULL,09:45,1288.9,1285.1,1289.0,1282.0
JSWSTEEL,2026-08-28,BEAR,09:15,1341.3,1341.2,1343.5,1339.3
JSWSTEEL,2026-08-28,BEAR,11:00,1332.8,1329.7,1332.8,1328.2
JSWSTEEL,2026-09-01,BULL,09:15,1319.0,1318.9,1319.6,1314.2
JSWSTEEL,2026-09-01,BULL,10:30,1317.9,1316.9,1318.0,1316.1
JSWSTEEL,2026-09-07,BEAR,10:00,1316.1,1315.7,1317.9,1312.6
JSWSTEEL,2026-09-09,BEAR,09:15,1301.0,1297.4,1301.5,1295.0
JSWSTEEL,2026-09-09,BULL,09:30,1301.4,1297.6,1301.4,1295.8
JSWSTEEL,2026-09-09,BULL,09:45,1297.6,1292.3,1301.5,1291.6
JSWSTEEL,2026-09-10,BEAR,10:30,1310.0,1309.7,1311.1,1309.3
KOTAKBANK,2026-06-24,BULL,09:30,404.7,404.05,404.95,404.0
KOTAKBANK,2026-06-24,BULL,09:45,404.2,403.85,404.95,403.4
KOTAKBANK,2026-06-24,BULL,10:45,405.95,405.5,406.55,405.25
KOTAKBANK,2026-06-25,BULL,09:30,408.8,408.15,408.8,407.9
KOTAKBANK,2026-07-02,BEAR,10:45,399.65,399.35,399.75,399.15
KOTAKBANK,2026-07-03,BEAR,09:15,399.75,399.4,400.45,399.2
KOTAKBANK,2026-07-03,BEAR,10:15,398.25,397.65,398.55,397.35
KOTAKBANK,2026-07-09,BULL,10:45,371.55,370.5,371.6,369.3
KOTAKBANK,2026-07-17,BULL,09:30,378.9,378.8,380.3,378.5
KOTAKBANK,2026-07-17,BULL,10:30,382.8,382.65,383.5,382.35
KOTAKBANK,2026-07-21,BULL,10:15,382.25,382.2,382.85,381.1
KOTAKBANK,2026-07-23,BULL,09:15,380.9,380.65,381.5,380.5
KOTAKBANK,2026-07-24,BEAR,09:15,382.8,381.65,383.3,381.65
KOTAKBANK,2026-07-28,BULL,11:00,385.0,384.8,385.15,384.35
KOTAKBANK,2026-08-07,BEAR,10:45,392.45,392.1,392.6,391.8
KOTAKBANK,2026-08-12,BEAR,09:15,391.05,389.3,391.05,389.2
KOTAKBANK,2026-08-12,BEAR,10:00,389.7,389.05,389.7,388.9
KOTAKBANK,2026-08-12,BEAR,10:30,389.8,389.45,390.45,389.35
KOTAKBANK,2026-08-17,BEAR,09:45,392.8,392.4,393.0,392.0
KOTAKBANK,2026-08-19,BULL,11:00,389.0,388.75,389.0,388.1
KOTAKBANK,2026-08-20,BULL,10:30,396.2,395.5,396.25,394.95
KOTAKBANK,2026-08-24,BEAR,09:15,404.25,403.2,404.6,402.9
KOTAKBANK,2026-08-24,BEAR,10:30,402.9,402.3,403.2,402.05
KOTAKBANK,2026-08-31,BULL,09:15,423.15,421.85,423.15,421.5
KOTAKBANK,2026-09-01,BULL,10:15,421.85,421.5,422.0,421.35
KOTAKBANK,2026-09-01,BULL,10:30,421.55,421.5,422.1,421.5
KOTAKBANK,2026-09-02,BEAR,09:15,424.0,423.3,424.5,423.25
KOTAKBANK,2026-09-02,BEAR,10:45,422.15,421.55,422.25,421.05
KOTAKBANK,2026-09-04,BULL,09:15,423.5,422.95,423.5,422.05
KOTAKBANK,2026-09-08,BEAR,09:15,421.85,421.35,422.05,420.85
KOTAKBANK,2026-09-11,BULL,10:45,415.2,413.9,415.35,413.7
LT,2026-06-25,BULL,10:00,4213.2998,4209.7998,4213.5,4208.0
LT,2026-06-25,BULL,11:00,4235.0,4230.8999,4235.8999,4226.0
LT,2026-06-29,BULL,09:45,4230.0,4226.7002,4235.0,4217.0
LT,2026-06-29,BULL,10:00,4225.7998,4225.0,4233.7998,4219.8999
LT,2026-06-30,BEAR,09:30,4177.7998,4175.2998,4185.0,4166.7998
LT,2026-07-01,BEAR,10:45,4127.2998,4120.0,4128.2002,4119.0
LT,2026-07-06,BULL,10:15,4044.8999,4036.0,4045.0,4023.5
LT,2026-07-06,BULL,10:45,4054.8,4046.0,4060.0,4044.0
LT,2026-07-16,BEAR,09:30,3779.1001,3775.0,3779.8999,3772.2
LT,2026-07-17,BULL,10:00,3781.2,3779.3,3783.5,3773.0
LT,2026-07-17,BULL,10:45,3790.8999,3783.5,3791.1001,3781.2
LT,2026-07-17,BULL,11:00,3783.7,3782.5,3787.0,3781.2
LT,2026-07-20,BULL,09:30,3821.0,3818.0,3824.0,3816.1001
LT,2026-07-20,BULL,09:45,3818.1001,3816.3,3821.8999,3813.8999
LT,2026-07-23,BULL,09:30,3813.3,3807.0,3815.5,3804.3999
LT,2026-07-28,BEAR,09:45,3808.0,3803.7,3811.2,3798.0
LT,2026-07-29,BULL,09:15,3945.6001,3939.2,3964.8,3936.6001
LT,2026-07-30,BEAR,09:15,3924.1001,3920.0,3930.6001,3918.3
LT,2026-07-30,BEAR,09:45,3914.0,3912.1001,3921.5,3905.7
LT,2026-08-07,BEAR,09:30,4059.7,4055.0,4062.0,4052.3999
LT,2026-08-10,BULL,09:30,4034.6001,4030.1001,4035.0,4026.2
LT,2026-08-11,BEAR,10:15,4047.6001,4045.0,4051.5,4040.1001
LT,2026-08-12,BEAR,09:15,4027.7,4017.3999,4028.8,4010.6001
LT,2026-08-13,BEAR,10:00,4004.0,3999.2,4008.0,3996.2
LT,2026-08-13,BULL,10:30,3996.2,3993.2,3999.0,3993.2
LT,2026-08-13,BULL,11:00,3996.5,3990.1001,3996.5,3990.0
LT,2026-08-24,BULL,09:15,4093.3,4088.0,4094.0,4087.0
LT,2026-08-26,BEAR,11:00,4084.1001,4081.0,4085.0,4076.8
LT,2026-08-27,BEAR,09:15,4046.1001,4044.7,4047.8999,4040.3999
LT,2026-08-27,BEAR,10:30,4038.6001,4038.0,4040.8999,4035.0
LT,2026-08-31,BEAR,10:15,3999.5,3996.7,4000.5,3994.1001
LT,2026-09-03,BULL,09:15,4004.1001,3999.8,4006.6001,3999.1001
LT,2026-09-07,BULL,09:15,3973.8999,3973.7,3977.6001,3972.0
LT,2026-09-07,BULL,09:30,3972.8,3972.0,3979.0,3970.7
LT,2026-09-10,BEAR,10:30,3924.7,3915.2,3925.0,3915.0
M&M,2026-06-24,BEAR,09:15,3046.0,3028.3,3046.8,3025.0
M&M,2026-06-24,BULL,09:45,3044.8,3033.8,3045.5,3032.1001
M&M,2026-06-24,BULL,10:30,3052.0,3050.3999,3056.5,3049.2
M&M,2026-06-25,BULL,09:30,3153.8999,3138.8,3162.0,3133.0
M&M,2026-06-25,BULL,10:00,3144.3,3141.0,3145.0,3131.1001
M&M,2026-06-29,BEAR,10:30,3138.3,3137.2,3140.0,3131.8999
M&M,2026-06-30,BULL,09:15,3087.3,3086.5,3093.1001,3081.2
M&M,2026-06-30,BULL,10:30,3104.1001,3099.3999,3107.5,3096.2
M&M,2026-06-30,BULL,10:45,3099.3999,3096.0,3102.0,3095.0
M&M,2026-07-01,BULL,09:15,3131.1001,3122.0,3143.7,3120.2
M&M,2026-07-06,BULL,09:30,3154.5,3154.0,3157.0,3149.3999
M&M,2026-07-07,BEAR,09:15,3208.8,3201.6001,3208.8,3197.7
M&M,2026-07-07,BULL,09:45,3198.0,3184.5,3198.1001,3181.6001
M&M,2026-07-16,BULL,10:30,3127.8,3127.1001,3131.8,3125.6001
M&M,2026-07-21,BULL,10:30,3155.8,3153.5,3155.8999,3150.5
M&M,2026-07-23,BULL,10:45,3237.6001,3234.0,3241.5,3231.0
M&M,2026-07-24,BEAR,09:45,3185.2,3185.1001,3190.7,3180.8
M&M,2026-07-24,BEAR,10:30,3157.5,3154.2,3164.6001,3152.5
M&M,2026-07-27,BULL,10:45,3197.6001,3188.7,3199.8999,3185.5
M&M,2026-07-28,BULL,10:00,3256.1001,3255.5,3257.0,3247.3999
M&M,2026-07-31,BULL,09:45,3382.2,3364.0,3389.0,3358.0
M&M,2026-07-31,BULL,10:00,3362.1001,3351.8,3363.8999,3345.8
M&M,2026-08-06,BEAR,11:00,3432.7,3428.7,3434.3,3424.0
M&M,2026-08-07,BULL,10:30,3443.3,3440.3999,3449.6001,3439.8
M&M,2026-08-12,BEAR,09:15,3468.3999,3441.8999,3471.8,3440.0
M&M,2026-08-20,BULL,10:30,3421.5,3419.2,3423.8999,3419.2
M&M,2026-08-21,BEAR,09:45,3432.6001,3426.6001,3434.8999,3424.8999
M&M,2026-08-24,BULL,09:15,3422.0,3414.6001,3422.0,3410.5
M&M,2026-08-24,BULL,09:30,3415.7,3409.5,3417.2,3407.1001
M&M,2026-08-27,BEAR,10:15,3378.1001,3376.3,3383.2,3376.3
M&M,2026-08-28,BEAR,11:00,3334.2,3333.7,3340.3999,3332.0
M&M,2026-09-02,BEAR,09:45,3203.0,3200.7,3204.0,3195.1001
MARUTI,2026-06-25,BULL,09:45,13610.0,13600.0,13690.0,13584.0
MARUTI,2026-06-25,BULL,11:00,13827.0,13818.0,13849.0,13802.0
MARUTI,2026-06-29,BEAR,09:30,13757.0,13741.0,13793.0,13715.0
MARUTI,2026-07-02,BEAR,10:15,14405.0,14397.0,14413.0,14380.0
MARUTI,2026-07-02,BEAR,10:30,14407.0,14405.0,14412.0,14380.0
MARUTI,2026-07-03,BULL,09:30,14434.0,14425.0,14476.0,14392.0
MARUTI,2026-07-03,BULL,09:45,14428.0,14410.0,14428.0,14386.0
MARUTI,2026-07-06,BULL,09:30,14417.0,14406.0,14424.0,14398.0
MARUTI,2026-07-07,BULL,10:15,14483.0,14469.0,14487.0,14427.0
MARUTI,2026-07-07,BULL,10:30,14468.0,14415.0,14468.0,14415.0
MARUTI,2026-07-08,BEAR,09:30,14344.0,14311.0,14357.0,14294.0
MARUTI,2026-07-09,BEAR,10:15,13913.0,13846.0,13924.0,13845.0
MARUTI,2026-07-09,BEAR,10:30,13941.0,13912.0,13970.0,13898.0
MARUTI,2026-07-15,BULL,09:15,13539.0,13510.0,13559.0,13454.0
MARUTI,2026-07-15,BEAR,10:30,13527.0,13512.0,13546.0,13503.0
MARUTI,2026-07-15,BEAR,10:45,13528.0,13527.0,13534.0,13510.0
MARUTI,2026-07-17,BEAR,09:45,13809.0,13800.0,13820.0,13780.0
MARUTI,2026-07-20,BEAR,10:30,13628.0,13623.0,13635.0,13601.0
MARUTI,2026-07-20,BEAR,10:45,13653.0,13629.0,13663.0,13621.0
MARUTI,2026-07-21,BEAR,09:30,13467.0,13442.0,13467.0,13416.0
MARUTI,2026-07-21,BEAR,10:15,13419.0,13403.0,13419.0,13380.0
MARUTI,2026-07-27,BULL,11:00,13617.0,13590.0,13627.0,13574.0
MARUTI,2026-07-28,BULL,11:00,13731.0,13712.0,13734.0,13706.0
MARUTI,2026-08-06,BEAR,10:00,14124.0,14115.0,14138.0,14094.0
MARUTI,2026-08-06,BEAR,10:15,14139.0,14125.0,14145.0,14120.0
MARUTI,2026-08-06,BEAR,10:30,14142.0,14141.0,14150.0,14126.0
MARUTI,2026-08-10,BULL,10:00,14063.0,14044.0,14065.0,14036.0
MARUTI,2026-08-11,BULL,11:00,14119.0,14093.0,14120.0,14090.0
MARUTI,2026-08-12,BEAR,09:15,13988.0,13968.0,14003.0,13968.0
MARUTI,2026-08-13,BEAR,09:30,13909.0,13894.0,13917.0,13865.0
MARUTI,2026-08-14,BEAR,09:30,13826.0,13820.0,13843.0,13818.0
MARUTI,2026-08-20,BULL,11:00,13717.0,13708.0,13724.0,13700.0
MARUTI,2026-08-21,BEAR,09:45,13740.0,13728.0,13755.0,13724.0
MARUTI,2026-08-21,BEAR,11:00,13711.0,13702.0,13722.0,13702.0
MARUTI,2026-08-25,BEAR,10:30,13509.0,13495.0,13510.0,13485.0
MARUTI,2026-08-25,BEAR,11:00,13504.0,13496.0,13507.0,13490.0
MARUTI,2026-08-27,BEAR,09:30,13470.0,13460.0,13472.0,13437.0
MARUTI,2026-08-31,BEAR,09:45,13367.0,13357.0,13390.0,13353.0
MARUTI,2026-08-31,BEAR,10:30,13347.0,13334.0,13352.0,13328.0
MARUTI,2026-09-02,BEAR,09:45,12855.0,12774.0,12857.0,12755.0
MARUTI,2026-09-02,BEAR,10:30,12785.0,12773.0,12787.0,12761.0
MARUTI,2026-09-03,BULL,10:15,12854.0,12828.0,12855.0,12821.0
MARUTI,2026-09-03,BULL,11:00,12878.0,12851.0,12883.0,12843.0
MARUTI,2026-09-08,BEAR,09:45,12656.0,12640.0,12658.0,12623.0
MARUTI,2026-09-09,BEAR,09:45,12604.0,12598.0,12614.0,12587.0
MARUTI,2026-09-10,BULL,10:45,12563.0,12554.0,12568.0,12545.0
MARUTI,2026-09-11,BEAR,10:15,12460.0,12440.0,12476.0,12430.0
NESTLEIND,2026-06-24,BEAR,09:15,1392.7,1391.3,1396.3,1391.3
NESTLEIND,2026-06-25,BULL,09:15,1386.0,1385.4,1386.9,1383.9
NESTLEIND,2026-06-29,BULL,09:15,1414.7,1411.6,1422.1,1411.5
NESTLEIND,2026-06-30,BULL,10:00,1404.5,1403.6,1406.3,1403.3
NESTLEIND,2026-07-03,BULL,09:15,1453.3,1453.1,1455.2,1452.1
NESTLEIND,2026-07-13,BEAR,09:15,1444.1,1442.0,1445.0,1441.2
NESTLEIND,2026-07-13,BEAR,10:00,1438.3,1437.8,1439.9,1435.9
NESTLEIND,2026-07-15,BULL,09:15,1433.6,1428.4,1435.6,1425.8
NESTLEIND,2026-07-15,BULL,09:30,1429.0,1428.1,1431.8,1425.6
NESTLEIND,2026-07-17,BULL,09:30,1422.8,1422.2,1424.5,1421.7
NESTLEIND,2026-07-21,BULL,09:15,1458.6,1451.6,1460.0,1451.5
NESTLEIND,2026-07-22,BULL,09:45,1466.0,1464.5,1468.0,1463.0
NESTLEIND,2026-07-22,BULL,10:15,1467.7,1466.7,1469.8,1465.4
NESTLEIND,2026-07-24,BULL,10:00,1457.0,1455.8,1457.7,1453.2
NESTLEIND,2026-07-28,BULL,10:00,1480.5,1478.0,1481.0,1465.7
NESTLEIND,2026-07-29,BULL,11:00,1504.7,1499.6,1505.0,1499.4
NESTLEIND,2026-07-31,BEAR,09:45,1517.0,1515.0,1517.8,1513.9
NESTLEIND,2026-07-31,BEAR,10:15,1514.5,1511.9,1514.7,1510.7
NESTLEIND,2026-08-03,BULL,09:45,1518.7,1516.8,1519.1,1516.8
NESTLEIND,2026-08-04,BULL,09:15,1523.0,1522.4,1526.9,1520.0
NESTLEIND,2026-08-07,BULL,09:15,1540.9,1540.5,1543.2,1536.1
NESTLEIND,2026-08-07,BULL,10:30,1546.8,1544.2,1547.7,1543.5
NESTLEIND,2026-08-07,BULL,11:00,1545.9,1542.1,1546.0,1541.0
NESTLEIND,2026-08-10,BEAR,10:15,1536.8,1535.7,1537.1,1534.1
NESTLEIND,2026-08-11,BEAR,09:30,1525.2,1524.8,1526.1,1520.5
NESTLEIND,2026-08-11,BEAR,10:45,1506.7,1503.3,1508.0,1501.2
NESTLEIND,2026-08-14,BULL,09:45,1507.6,1506.5,1508.1,1505.4
NESTLEIND,2026-08-14,BULL,10:00,1506.5,1506.2,1508.5,1506.0
NESTLEIND,2026-08-17,BEAR,10:00,1491.1,1490.2,1491.5,1489.4
NESTLEIND,2026-08-19,BULL,09:15,1474.2,1471.8,1481.1,1471.7
NESTLEIND,2026-08-21,BULL,10:45,1458.6,1458.4,1459.0,1453.9
NESTLEIND,2026-08-26,BEAR,10:30,1462.5,1461.5,1462.5,1460.9
NESTLEIND,2026-08-26,BEAR,11:00,1462.5,1460.5,1464.1,1459.2
NESTLEIND,2026-08-28,BEAR,10:45,1446.3,1446.0,1447.0,1445.1
NESTLEIND,2026-09-02,BEAR,09:15,1425.0,1419.3,1425.8,1419.3
NESTLEIND,2026-09-02,BEAR,09:30,1426.4,1424.7,1427.9,1423.5
NESTLEIND,2026-09-03,BEAR,10:30,1417.4,1416.0,1418.4,1415.3
NESTLEIND,2026-09-08,BULL,09:15,1403.3,1398.9,1403.3,1398.1
NESTLEIND,2026-09-08,BULL,09:45,1401.0,1400.2,1402.2,1399.1
NESTLEIND,2026-09-10,BEAR,10:00,1394.1,1392.8,1395.7,1390.2
NESTLEIND,2026-09-11,BULL,09:15,1381.8,1377.3,1382.2,1376.5
NTPC,2026-06-24,BEAR,09:15,363.5,363.2,363.55,362.85
NTPC,2026-06-24,BEAR,09:45,361.7,361.6,361.95,360.7
NTPC,2026-06-24,BEAR,11:00,360.1,360.0,360.75,359.95
NTPC,2026-06-29,BULL,09:15,352.95,352.9,353.5,351.55
NTPC,2026-06-29,BULL,10:45,355.0,354.5,355.45,354.2
NTPC,2026-07-01,BULL,10:30,357.0,356.9,358.0,356.7
NTPC,2026-07-02,BULL,10:15,357.3,357.0,357.6,356.7
NTPC,2026-07-03,BULL,09:30,356.45,356.4,357.0,356.25
NTPC,2026-07-08,BEAR,09:15,352.7,352.4,352.85,352.0
NTPC,2026-07-09,BEAR,10:00,345.85,345.8,346.9,345.8
NTPC,2026-07-17,BEAR,10:45,343.3,342.85,343.4,342.55
NTPC,2026-07-20,BULL,10:00,347.8,347.3,347.9,346.5
NTPC,2026-07-21,BULL,10:15,347.2,346.65,347.3,346.55
NTPC,2026-07-22,BULL,11:00,347.55,347.15,347.6,347.05
NTPC,2026-07-27,BULL,09:45,349.05,348.35,349.05,348.2
NTPC,2026-07-29,BEAR,10:15,343.9,343.45,344.2,343.3
NTPC,2026-07-29,BEAR,11:00,343.0,342.4,343.05,342.0
NTPC,2026-07-30,BULL,10:00,344.1,342.95,344.15,342.85
NTPC,2026-08-04,BEAR,11:00,348.0,347.5,348.15,347.5
NTPC,2026-08-06,BEAR,09:45,346.9,346.55,347.55,346.4
NTPC,2026-08-10,BEAR,09:45,342.0,341.9,342.15,341.65
NTPC,2026-08-10,BEAR,10:15,341.7,341.35,342.0,341.3
NTPC,2026-08-11,BEAR,10:15,337.9,337.5,338.1,337.45
NTPC,2026-08-12,BEAR,09:15,338.95,338.45,339.1,338.15
NTPC,2026-08-14,BEAR,09:45,341.5,341.0,341.55,340.95
NTPC,2026-08-14,BEAR,10:00,341.7,341.5,341.8,341.2
NTPC,2026-08-14,BEAR,10:15,341.85,341.7,342.3,341.45
NTPC,2026-08-19,BEAR,09:45,336.8,336.55,336.95,336.4
NTPC,2026-08-20,BULL,10:15,335.85,335.6,336.0,335.6
NTPC,2026-08-21,BULL,09:15,339.45,337.9,339.5,337.9
NTPC,2026-08-24,BEAR,10:45,341.0,340.25,341.8,340.05
NTPC,2026-08-25,BEAR,09:15,338.35,338.1,338.75,338.0
NTPC,2026-08-25,BEAR,09:45,337.85,337.8,338.45,337.75
NTPC,2026-08-25,BEAR,11:00,338.1,337.35,338.2,337.25
NTPC,2026-09-03,BULL,10:30,330.25,330.1,330.35,329.8
NTPC,2026-09-08,BEAR,10:00,331.45,331.0,331.5,331.0
NTPC,2026-09-10,BULL,10:45,334.55,333.75,334.6,333.4
NTPC,2026-09-11,BULL,09:15,334.0,333.45,335.2,333.45
ONGC,2026-06-25,BEAR,09:15,240.15,239.15,240.45,239.15
ONGC,2026-07-02,BULL,10:30,234.69,234.0,234.85,233.84
ONGC,2026-07-03,BULL,09:30,237.1,236.88,237.6,236.85
ONGC,2026-07-09,BEAR,10:30,246.17,245.93,246.8,245.83
ONGC,2026-07-15,BEAR,10:45,248.62,248.6,248.71,248.27
ONGC,2026-07-29,BEAR,09:45,239.34,238.85,239.35,238.72
ONGC,2026-07-29,BULL,11:00,239.0,238.92,239.1,238.89
ONGC,2026-08-04,BULL,09:15,242.49,242.37,242.79,242.24
ONGC,2026-08-05,BEAR,09:15,241.2,240.8,241.24,240.32
ONGC,2026-08-05,BEAR,09:30,241.35,241.11,242.23,240.84
ONGC,2026-08-05,BEAR,10:15,241.01,240.63,241.12,240.63
ONGC,2026-08-05,BEAR,10:45,240.5,240.25,240.62,240.18
ONGC,2026-08-05,BEAR,11:00,240.59,240.5,240.85,240.3
ONGC,2026-08-13,BEAR,09:45,239.33,238.99,239.38,238.98
ONGC,2026-08-13,BEAR,10:15,239.3,239.22,239.35,239.21
ONGC,2026-08-14,BEAR,10:00,238.25,238.22,238.58,238.2
ONGC,2026-08-17,BULL,09:15,237.45,237.36,237.65,236.86
ONGC,2026-08-19,BULL,10:15,240.23,240.06,240.44,240.0
ONGC,2026-08-19,BULL,10:45,240.09,240.04,240.24,239.99
ONGC,2026-08-21,BEAR,10:30,238.89,238.74,239.2,238.74
ONGC,2026-08-25,BEAR,10:45,235.6,235.49,235.88,235.44
ONGC,2026-08-26,BEAR,09:15,233.05,231.79,233.1,231.69
ONGC,2026-09-02,BULL,09:15,237.01,236.87,237.2,235.7
ONGC,2026-09-08,BEAR,10:15,232.96,232.95,233.2,232.82
POWERGRID,2026-06-29,BULL,10:45,285.15,284.75,285.15,284.55
POWERGRID,2026-07-01,BULL,10:30,287.3,286.95,287.6,286.9
POWERGRID,2026-07-01,BULL,10:45,286.95,286.55,287.3,286.15
POWERGRID,2026-07-02,BULL,10:00,285.6,285.3,286.0,285.3
POWERGRID,2026-07-03,BULL,10:30,289.85,289.25,290.0,289.05
POWERGRID,2026-07-08,BEAR,09:45,284.85,284.3,284.9,283.9
POWERGRID,2026-07-09,BULL,09:45,281.95,281.8,282.35,281.5
POWERGRID,2026-07-09,BULL,10:15,282.0,281.95,282.15,281.7
POWERGRID,2026-07-10,BULL,09:30,282.35,282.2,282.75,282.2
POWERGRID,2026-07-13,BULL,09:30,284.85,284.35,284.9,284.25
POWERGRID,2026-07-14,BEAR,09:15,284.75,284.7,285.4,284.45
POWERGRID,2026-07-14,BEAR,10:30,284.05,283.0,284.25,282.95
POWERGRID,2026-07-15,BEAR,09:45,284.9,284.2,285.1,284.2
POWERGRID,2026-07-15,BEAR,11:00,282.9,282.65,283.1,282.5
POWERGRID,2026-07-21,BEAR,10:45,288.65,288.35,288.7,288.25
POWERGRID,2026-07-22,BULL,11:00,286.1,285.85,286.15,285.75
POWERGRID,2026-07-23,BULL,09:30,289.4,288.9,289.8,288.75
POWERGRID,2026-07-23,BULL,10:45,289.55,288.9,289.55,288.8
POWERGRID,2026-07-28,BEAR,09:45,284.4,284.15,284.7,284.15
POWERGRID,2026-07-28,BEAR,10:30,284.75,283.45,284.8,283.3
POWERGRID,2026-07-29,BEAR,10:45,283.5,283.3,283.7,283.1
POWERGRID,2026-07-29,BEAR,11:00,283.9,283.55,284.1,283.45
POWERGRID,2026-07-30,BULL,10:15,284.0,283.5,284.1,283.25
POWERGRID,2026-07-30,BULL,10:45,284.8,284.45,284.9,284.35
POWERGRID,2026-08-04,BEAR,10:45,285.2,284.85,285.65,284.55
POWERGRID,2026-08-04,BEAR,11:00,285.45,285.2,285.7,284.85
POWERGRID,2026-08-06,BEAR,10:15,274.55,273.95,274.6,273.95
POWERGRID,2026-08-07,BULL,10:30,270.9,270.8,270.95,270.65
POWERGRID,2026-08-07,BULL,11:00,271.55,271.5,271.95,271.3
POWERGRID,2026-08-11,BEAR,10:15,268.3,267.95,268.35,267.95
POWERGRID,2026-08-19,BEAR,09:45,265.3,265.25,265.4,265.05
POWERGRID,2026-08-20,BULL,10:15,263.85,263.75,264.15,263.6
POWERGRID,2026-08-21,BULL,09:15,266.75,265.0,266.75,265.0
POWERGRID,2026-08-24,BEAR,10:30,270.9,270.85,271.7,270.6
POWERGRID,2026-08-26,BEAR,10:30,269.45,269.1,270.7,269.0
POWERGRID,2026-08-27,BEAR,09:15,264.4,264.15,265.05,264.1
POWERGRID,2026-09-01,BEAR,09:15,263.5,262.75,263.5,262.3
POWERGRID,2026-09-02,BULL,09:15,263.55,263.4,263.8,262.45
POWERGRID,2026-09-02,BULL,10:00,265.5,265.15,265.75,264.9
POWERGRID,2026-09-02,BULL,11:00,266.5,265.6,266.5,265.55
POWERGRID,2026-09-07,BULL,10:00,266.25,265.5,266.25,265.35
POWERGRID,2026-09-08,BEAR,09:45,265.4,265.2,265.95,265.2
POWERGRID,2026-09-10,BULL,09:30,268.1,267.65,268.4,267.5
POWERGRID,2026-09-10,BULL,10:45,269.35,268.85,269.35,268.6
POWERGRID,2026-09-11,BEAR,09:45,271.2,271.1,271.7,270.8
RELIANCE,2026-07-01,BULL,09:30,1301.0,1298.1,1301.3,1297.0
RELIANCE,2026-07-01,BULL,10:30,1307.0,1303.9,1308.2,1303.0
RELIANCE,2026-07-02,BEAR,09:15,1308.7,1308.0,1312.4,1307.8
RELIANCE,2026-07-02,BEAR,09:30,1312.2,1309.0,1313.0,1308.7
RELIANCE,2026-07-03,BULL,11:00,1303.3,1302.5,1304.5,1302.1
RELIANCE,2026-07-06,BULL,10:30,1309.1,1308.7,1311.0,1308.3
RELIANCE,2026-07-07,BEAR,11:00,1319.7,1318.5,1320.0,1317.8
RELIANCE,2026-07-09,BULL,10:00,1290.0,1288.5,1292.5,1287.9
RELIANCE,2026-07-13,BEAR,09:45,1304.7,1303.7,1306.3,1303.5
RELIANCE,2026-07-14,BULL,10:15,1298.1,1298.0,1299.8,1296.3
RELIANCE,2026-07-21,BEAR,10:45,1317.0,1315.5,1317.4,1314.8
RELIANCE,2026-07-22,BEAR,09:45,1296.0,1294.6,1297.3,1294.6
RELIANCE,2026-07-24,BULL,10:30,1271.4,1270.6,1271.9,1270.2
RELIANCE,2026-07-30,BULL,10:00,1282.3,1280.8,1283.7,1280.6
RELIANCE,2026-07-30,BULL,10:45,1285.3,1284.7,1286.5,1284.5
RELIANCE,2026-08-05,BEAR,10:45,1293.1,1292.0,1293.5,1290.7
RELIANCE,2026-08-06,BULL,10:00,1303.8,1300.8,1303.8,1300.3
RELIANCE,2026-08-06,BULL,10:15,1300.7,1300.0,1300.9,1298.2
RELIANCE,2026-08-07,BULL,10:45,1324.2,1324.0,1326.7,1323.1
RELIANCE,2026-08-12,BEAR,09:15,1319.5,1318.5,1320.4,1316.4
RELIANCE,2026-08-17,BEAR,09:45,1304.6,1304.3,1305.2,1304.0
RELIANCE,2026-08-17,BEAR,10:00,1305.4,1305.0,1305.7,1304.1
RELIANCE,2026-08-19,BEAR,09:30,1316.8,1314.0,1317.7,1313.0
RELIANCE,2026-08-25,BEAR,09:30,1303.1,1302.5,1304.0,1302.0
RELIANCE,2026-08-27,BEAR,09:30,1302.5,1301.8,1302.6,1299.6
RELIANCE,2026-08-28,BEAR,11:00,1287.3,1286.8,1287.9,1286.1
RELIANCE,2026-09-01,BULL,09:45,1298.5,1294.0,1298.5,1293.1
RELIANCE,2026-09-01,BULL,11:00,1305.8,1304.0,1305.9,1303.9
RELIANCE,2026-09-04,BULL,09:15,1319.2,1314.7,1321.9,1313.1
RELIANCE,2026-09-04,BULL,09:30,1314.6,1313.8,1314.8,1312.8
RELIANCE,2026-09-07,BEAR,10:00,1318.6,1315.5,1318.9,1315.1
RELIANCE,2026-09-08,BEAR,10:00,1301.6,1301.1,1301.6,1300.1
RELIANCE,2026-09-11,BEAR,09:45,1259.9,1259.2,1260.1,1259.2
SBILIFE,2026-07-02,BEAR,10:30,1778.9,1776.3,1780.1,1776.0
SBILIFE,2026-07-06,BULL,09:15,1789.7,1787.7,1791.2,1787.0
SBILIFE,2026-07-06,BULL,09:30,1788.3,1783.8,1790.3,1783.8
SBILIFE,2026-07-07,BULL,10:00,1834.8,1833.8,1838.0,1831.2
SBILIFE,2026-07-07,BULL,10:15,1833.0,1828.5,1836.0,1828.1
SBILIFE,2026-07-08,BULL,10:15,1835.3,1835.0,1836.2,1833.0
SBILIFE,2026-07-08,BULL,10:45,1836.5,1835.0,1839.8,1833.0
SBILIFE,2026-07-14,BEAR,09:15,1851.3,1848.5,1852.4,1847.8
SBILIFE,2026-07-17,BEAR,10:00,1823.3,1820.9,1823.9,1819.1
SBILIFE,2026-07-20,BEAR,10:15,1824.6,1822.0,1826.3,1821.5
SBILIFE,2026-07-22,BEAR,10:15,1809.5,1805.8,1809.9,1805.0
SBILIFE,2026-07-22,BEAR,10:45,1808.1,1806.9,1809.5,1806.9
SBILIFE,2026-07-23,BULL,10:30,1814.3,1814.1,1814.8,1812.5
SBILIFE,2026-07-23,BULL,10:45,1813.8,1811.6,1815.5,1811.2
SBILIFE,2026-07-28,BULL,10:00,1872.4,1872.2,1872.6,1869.3
SBILIFE,2026-07-28,BULL,10:15,1872.3,1870.7,1874.0,1869.2
SBILIFE,2026-07-29,BULL,09:45,1890.1,1884.1,1892.0,1883.6
SBILIFE,2026-07-30,BEAR,10:00,1903.6,1901.1,1906.4,1901.1
SBILIFE,2026-07-30,BEAR,10:15,1904.3,1904.0,1906.0,1899.5
SBILIFE,2026-07-30,BEAR,11:00,1895.4,1889.6,1895.4,1885.6
SBILIFE,2026-08-03,BULL,09:30,1889.0,1884.9,1894.2,1883.3
SBILIFE,2026-08-04,BEAR,11:00,1884.0,1883.0,1886.7,1883.0
SBILIFE,2026-08-11,BEAR,09:45,1836.0,1833.0,1836.0,1831.6
SBILIFE,2026-08-13,BEAR,10:45,1819.4,1814.6,1824.1,1814.4
SBILIFE,2026-08-17,BEAR,09:30,1792.9,1787.9,1793.5,1787.3
SBILIFE,2026-08-17,BEAR,09:45,1794.0,1792.8,1798.8,1792.1
SBILIFE,2026-08-19,BEAR,10:00,1756.3,1753.7,1757.3,1752.6
SBILIFE,2026-08-20,BULL,09:30,1787.0,1780.7,1789.0,1777.8
SBILIFE,2026-08-20,BULL,09:45,1780.6,1780.0,1781.9,1779.0
SBILIFE,2026-08-26,BULL,10:45,1774.7,1774.5,1775.5,1772.1
SBILIFE,2026-08-27,BULL,09:15,1773.4,1769.5,1776.2,1767.9
SBILIFE,2026-08-27,BULL,09:45,1780.7,1779.8,1782.4,1779.6
SBILIFE,2026-08-28,BEAR,11:00,1765.2,1764.1,1765.9,1762.1
SBILIFE,2026-08-31,BEAR,10:15,1750.8,1750.3,1750.8,1748.1
SBILIFE,2026-09-03,BULL,09:15,1730.1,1722.0,1730.9,1720.4
SBILIFE,2026-09-04,BULL,09:15,1719.5,1717.4,1720.3,1716.0
SBILIFE,2026-09-04,BULL,11:00,1759.9,1756.4,1760.8,1753.0
SBILIFE,2026-09-08,BEAR,10:00,1724.4,1721.0,1725.4,1720.5
SBIN,2026-06-24,BULL,10:15,1025.6,1025.05,1026.9,1025.05
SBIN,2026-06-24,BULL,10:30,1025.3,1024.45,1025.6,1023.95
SBIN,2026-06-30,BULL,09:15,1037.25,1034.5,1037.85,1033.3
SBIN,2026-06-30,BULL,10:30,1037.3,1036.8,1038.5,1036.5
SBIN,2026-06-30,BULL,10:45,1037.05,1035.95,1038.0,1035.1
SBIN,2026-07-13,BULL,10:00,1037.3,1034.8,1038.1,1034.5
SBIN,2026-07-14,BEAR,09:15,1028.3,1027.3,1029.2,1027.0
SBIN,2026-07-16,BULL,10:15,1029.3,1028.6,1029.8,1027.6
SBIN,2026-07-22,BEAR,09:30,1030.4,1030.0,1031.0,1028.1
SBIN,2026-07-22,BEAR,10:45,1027.6,1025.5,1028.5,1025.3
SBIN,2026-07-24,BEAR,10:15,1005.0,1004.1,1006.8,1003.8
SBIN,2026-07-30,BULL,09:30,1012.2,1011.7,1013.3,1010.7
SBIN,2026-08-03,BULL,10:30,1043.8,1043.4,1044.9,1041.3
SBIN,2026-08-03,BULL,10:45,1043.0,1042.9,1044.3,1042.0
SBIN,2026-08-05,BULL,09:15,1043.4,1043.2,1043.9,1042.0
SBIN,2026-08-05,BULL,10:15,1049.1,1046.7,1053.2,1046.0
SBIN,2026-08-07,BULL,09:30,1084.7,1083.8,1088.0,1081.2
SBIN,2026-08-07,BULL,10:30,1087.1,1084.6,1089.2,1083.2
SBIN,2026-08-10,BEAR,11:00,1089.1,1089.0,1089.5,1087.3
SBIN,2026-08-14,BEAR,10:00,1073.9,1072.4,1075.4,1071.8
SBIN,2026-08-17,BEAR,09:30,1058.5,1057.1,1059.9,1055.7
SBIN,2026-08-18,BEAR,10:00,1060.0,1059.9,1061.3,1058.8
SBIN,2026-08-18,BEAR,10:15,1059.8,1059.5,1061.6,1058.7
SBIN,2026-08-19,BEAR,09:45,1052.8,1049.0,1054.5,1047.8
SBIN,2026-08-20,BULL,10:15,1049.8,1048.2,1050.0,1048.2
SBIN,2026-08-25,BULL,10:15,1037.2,1034.2,1037.3,1033.5
SBIN,2026-08-25,BULL,11:00,1040.2,1039.4,1040.7,1037.2
SBIN,2026-08-28,BULL,09:30,1044.5,1042.8,1044.5,1041.7
SBIN,2026-09-03,BULL,10:00,1032.4,1029.9,1032.4,1029.0
SBIN,2026-09-07,BEAR,09:30,1015.3,1013.6,1016.1,1012.5
SBIN,2026-09-08,BULL,09:15,1006.2,1003.0,1006.2,1003.0
SBIN,2026-09-08,BULL,09:45,1004.2,1004.1,1004.9,1003.3
SBIN,2026-09-08,BULL,11:00,1009.3,1007.4,1009.4,1006.6
SBIN,2026-09-09,BULL,10:00,1007.0,1006.5,1007.0,1004.8
SHRIRAMFIN,2026-06-24,BULL,10:30,992.8,992.6,993.25,988.55
SHRIRAMFIN,2026-06-30,BULL,10:30,1040.15,1036.2,1040.15,1035.8
SHRIRAMFIN,2026-06-30,BULL,10:45,1036.2,1033.5,1037.0,1033.5
SHRIRAMFIN,2026-07-02,BULL,09:15,1051.8,1050.6,1051.9,1049.0
SHRIRAMFIN,2026-07-02,BULL,10:00,1054.5,1053.6,1055.6,1051.0
SHRIRAMFIN,2026-07-06,BULL,09:15,1066.9,1064.7,1066.9,1062.7
SHRIRAMFIN,2026-07-09,BULL,10:45,1021.5,1018.9,1021.7,1018.0
SHRIRAMFIN,2026-07-17,BULL,09:30,1029.3,1028.6,1030.0,1027.2
SHRIRAMFIN,2026-07-17,BULL,09:45,1028.9,1028.1,1032.2,1027.4
SHRIRAMFIN,2026-07-17,BULL,10:00,1028.1,1026.8,1029.0,1025.0
SHRIRAMFIN,2026-07-21,BULL,09:15,1046.4,1042.8,1047.8,1042.8
SHRIRAMFIN,2026-07-23,BULL,09:30,1065.5,1064.0,1065.9,1060.2
SHRIRAMFIN,2026-07-23,BEAR,10:45,1056.1,1053.4,1057.0,1052.2
SHRIRAMFIN,2026-07-30,BEAR,09:45,1030.4,1029.9,1034.0,1027.9
SHRIRAMFIN,2026-08-03,BULL,09:45,1073.3,1070.8,1073.3,1067.8
SHRIRAMFIN,2026-08-03,BULL,10:45,1085.0,1083.9,1086.4,1081.7
SHRIRAMFIN,2026-08-04,BULL,09:30,1083.6,1083.1,1085.2,1080.2
SHRIRAMFIN,2026-08-05,BULL,09:15,1099.9,1097.8,1101.2,1094.4
SHRIRAMFIN,2026-08-06,BULL,09:45,1143.9,1141.8,1146.0,1141.0
SHRIRAMFIN,2026-08-06,BULL,10:45,1150.5,1147.9,1150.5,1146.9
SHRIRAMFIN,2026-08-10,BULL,09:45,1116.6,1116.1,1118.6,1115.4
SHRIRAMFIN,2026-08-12,BEAR,10:30,1129.6,1129.3,1131.5,1129.0
SHRIRAMFIN,2026-08-14,BULL,09:15,1132.4,1128.9,1134.3,1128.5
SHRIRAMFIN,2026-08-17,BEAR,09:45,1126.6,1122.5,1127.0,1122.4
SHRIRAMFIN,2026-08-18,BEAR,10:00,1112.6,1112.0,1113.7,1111.1
SHRIRAMFIN,2026-08-27,BEAR,10:00,1102.0,1096.0,1103.3,1094.6
SHRIRAMFIN,2026-09-01,BEAR,11:00,1072.5,1070.9,1073.2,1068.3
SHRIRAMFIN,2026-09-03,BULL,09:30,1046.4,1045.9,1046.9,1044.7
SHRIRAMFIN,2026-09-07,BEAR,09:45,1034.0,1033.6,1035.8,1032.9
SHRIRAMFIN,2026-09-07,BEAR,10:00,1034.2,1034.0,1036.8,1033.8
SHRIRAMFIN,2026-09-09,BULL,09:30,1025.8,1025.3,1026.7,1023.1
SHRIRAMFIN,2026-09-09,BULL,09:45,1025.3,1024.0,1025.4,1022.2
SHRIRAMFIN,2026-09-09,BULL,10:00,1024.2,1023.8,1025.6,1022.0
SHRIRAMFIN,2026-09-10,BULL,09:30,1023.2,1022.9,1024.9,1021.3
SUNPHARMA,2026-06-25,BULL,10:00,1879.0,1877.6,1880.0,1875.1
SUNPHARMA,2026-06-29,BULL,09:15,1889.0,1886.0,1895.6,1885.3
SUNPHARMA,2026-06-30,BEAR,10:45,1880.8,1879.3,1881.2,1877.7
SUNPHARMA,2026-06-30,BEAR,11:00,1881.9,1880.2,1883.2,1878.1
SUNPHARMA,2026-07-03,BULL,10:15,1910.0,1905.8,1911.5,1904.4
SUNPHARMA,2026-07-06,BULL,09:30,1910.7,1907.0,1911.0,1905.3
SUNPHARMA,2026-07-07,BULL,09:15,1909.5,1907.5,1912.2,1906.4
SUNPHARMA,2026-07-07,BEAR,09:45,1918.9,1913.9,1924.9,1913.4
SUNPHARMA,2026-07-08,BEAR,10:45,1913.8,1912.3,1915.0,1910.0
SUNPHARMA,2026-07-10,BULL,09:15,1931.5,1930.2,1932.6,1926.6
SUNPHARMA,2026-07-14,BULL,11:00,1932.9,1931.0,1933.4,1929.3
SUNPHARMA,2026-07-15,BULL,09:15,1950.4,1949.8,1953.4,1947.0
SUNPHARMA,2026-07-15,BULL,10:45,1956.8,1955.0,1959.3,1953.6
SUNPHARMA,2026-07-17,BEAR,10:45,1946.9,1945.2,1949.4,1944.4
SUNPHARMA,2026-07-20,BULL,09:15,1943.4,1937.1,1943.4,1935.9
SUNPHARMA,2026-07-23,BEAR,09:15,1935.4,1933.3,1938.6,1928.8
SUNPHARMA,2026-07-23,BULL,09:45,1931.6,1929.8,1932.2,1926.8
SUNPHARMA,2026-07-27,BULL,10:30,1951.3,1948.7,1951.7,1947.7
SUNPHARMA,2026-07-27,BULL,10:45,1949.1,1949.0,1954.7,1948.7
SUNPHARMA,2026-07-27,BULL,11:00,1949.2,1945.7,1950.4,1944.8
SUNPHARMA,2026-07-28,BULL,09:45,1986.2,1981.9,1987.1,1979.7
SUNPHARMA,2026-07-29,BEAR,09:15,1982.8,1982.0,1988.2,1982.0
SUNPHARMA,2026-07-29,BEAR,09:30,1983.9,1983.2,1988.5,1983.0
SUNPHARMA,2026-08-06,BULL,09:30,1952.0,1951.5,1955.5,1947.3
SUNPHARMA,2026-08-07,BEAR,09:15,1954.1,1950.8,1956.8,1945.8
SUNPHARMA,2026-08-14,BEAR,09:15,1930.0,1929.7,1933.0,1929.0
SUNPHARMA,2026-08-21,BEAR,09:45,1899.1,1898.7,1899.9,1897.6
SUNPHARMA,2026-08-24,BULL,10:30,1908.9,1908.3,1909.7,1907.2
SUNPHARMA,2026-08-27,BEAR,09:30,1910.0,1907.9,1911.1,1905.5
SUNPHARMA,2026-08-28,BEAR,10:30,1913.7,1911.3,1916.5,1911.2
SUNPHARMA,2026-08-28,BEAR,10:45,1914.4,1913.1,1915.0,1912.4
SUNPHARMA,2026-08-31,BEAR,10:30,1912.0,1911.2,1915.1,1911.0
SUNPHARMA,2026-09-03,BEAR,09:45,1928.4,1924.4,1929.1,1922.9
SUNPHARMA,2026-09-07,BULL,10:00,1898.0,1896.8,1898.5,1895.2
SUNPHARMA,2026-09-07,BEAR,10:30,1903.7,1899.8,1904.4,1898.3
SUNPHARMA,2026-09-09,BEAR,09:15,1897.9,1895.7,1898.5,1894.5
SUNPHARMA,2026-09-10,BEAR,10:30,1861.1,1857.6,1861.2,1856.6
TATACONSUM,2026-06-24,BEAR,10:15,1107.2,1107.0,1108.9,1106.7
TATACONSUM,2026-06-30,BEAR,09:15,1082.0,1076.9,1082.9,1072.0
TATACONSUM,2026-07-02,BULL,10:00,1091.1,1086.3,1093.0,1085.5
TATACONSUM,2026-07-08,BEAR,11:00,1109.3,1109.0,1111.7,1108.6
TATACONSUM,2026-07-09,BULL,10:45,1107.4,1104.0,1108.0,1103.4
TATACONSUM,2026-07-09,BULL,11:00,1104.5,1104.3,1104.9,1102.3
TATACONSUM,2026-07-13,BEAR,10:45,1102.4,1102.1,1103.0,1101.6
TATACONSUM,2026-07-13,BEAR,11:00,1102.7,1102.0,1103.0,1101.2
TATACONSUM,2026-07-15,BEAR,11:00,1091.7,1090.3,1091.8,1089.1
TATACONSUM,2026-07-16,BULL,10:00,1090.6,1090.2,1091.9,1088.9
TATACONSUM,2026-07-16,BULL,10:30,1093.4,1091.0,1094.0,1091.0
TATACONSUM,2026-07-17,BEAR,10:15,1086.7,1086.1,1089.1,1085.5
TATACONSUM,2026-07-20,BEAR,11:00,1093.2,1092.2,1093.6,1090.5
TATACONSUM,2026-07-21,BEAR,09:45,1095.4,1091.0,1095.7,1090.0
TATACONSUM,2026-07-21,BEAR,10:45,1089.5,1088.6,1089.6,1087.5
TATACONSUM,2026-07-22,BULL,10:45,1075.8,1075.2,1078.2,1074.4
TATACONSUM,2026-07-23,BULL,11:00,1105.1,1102.4,1105.5,1101.6
TATACONSUM,2026-07-24,BULL,09:15,1104.5,1103.0,1108.0,1101.9
TATACONSUM,2026-07-28,BULL,09:15,1104.3,1102.5,1105.0,1101.5
TATACONSUM,2026-08-03,BULL,09:30,1089.3,1088.9,1092.1,1088.3
TATACONSUM,2026-08-06,BULL,10:45,1099.2,1095.8,1099.2,1095.0
TATACONSUM,2026-08-07,BEAR,10:15,1087.3,1084.9,1088.0,1084.2
TATACONSUM,2026-08-07,BEAR,10:45,1089.1,1087.8,1089.3,1087.2
TATACONSUM,2026-08-10,BULL,09:30,1083.7,1083.5,1086.0,1082.8
TATACONSUM,2026-08-10,BULL,10:45,1091.4,1090.4,1091.5,1089.2
TATACONSUM,2026-08-11,BEAR,10:30,1089.4,1085.9,1090.7,1085.0
TATACONSUM,2026-08-12,BEAR,10:30,1066.1,1065.5,1067.2,1064.7
TATACONSUM,2026-08-13,BULL,09:15,1064.4,1062.7,1066.0,1062.5
TATACONSUM,2026-08-13,BULL,09:30,1063.7,1062.1,1063.7,1059.2
TATACONSUM,2026-08-14,BEAR,10:15,1089.2,1087.5,1089.5,1087.0
TATACONSUM,2026-08-14,BEAR,10:30,1089.5,1089.2,1090.6,1087.7
TATACONSUM,2026-08-21,BEAR,09:30,1054.4,1054.2,1055.8,1053.2
TATACONSUM,2026-08-24,BULL,11:00,1044.9,1043.4,1045.4,1041.9
TATACONSUM,2026-08-25,BEAR,11:00,1057.6,1056.2,1057.6,1055.8
TATACONSUM,2026-08-26,BEAR,09:30,1055.2,1053.7,1055.8,1053.3
TATACONSUM,2026-08-26,BEAR,09:45,1056.2,1054.8,1057.4,1054.0
TATACONSUM,2026-08-28,BEAR,10:45,1038.4,1036.6,1038.9,1036.5
TATACONSUM,2026-08-28,BEAR,11:00,1038.5,1038.3,1039.0,1037.3
TATACONSUM,2026-09-03,BULL,09:15,1013.0,1010.1,1013.2,1008.2
TATACONSUM,2026-09-03,BULL,11:00,1019.7,1018.6,1020.5,1018.6
TATACONSUM,2026-09-07,BEAR,09:30,1009.2,1008.9,1009.5,1007.5
TATACONSUM,2026-09-07,BULL,10:30,1008.2,1006.1,1008.4,1005.5
TATACONSUM,2026-09-07,BULL,10:45,1006.0,1005.7,1006.8,1005.0
TATASTEEL,2026-06-24,BEAR,09:15,192.86,192.82,193.09,192.45
TATASTEEL,2026-06-25,BEAR,09:30,190.18,190.09,190.85,189.92
TATASTEEL,2026-06-29,BULL,09:15,190.25,189.8,191.06,189.8
TATASTEEL,2026-07-01,BEAR,09:15,188.19,187.91,188.55,187.78
TATASTEEL,2026-07-06,BULL,09:15,190.55,190.39,190.74,189.87
TATASTEEL,2026-07-10,BULL,09:15,190.56,190.4,190.63,190.03
TATASTEEL,2026-07-13,BEAR,10:30,187.08,187.07,187.26,186.84
TATASTEEL,2026-07-14,BULL,09:45,188.71,187.7,188.78,187.7
TATASTEEL,2026-07-17,BEAR,10:15,185.9,185.65,185.99,185.56
TATASTEEL,2026-07-20,BULL,09:30,186.83,186.07,186.83,185.85
TATASTEEL,2026-07-23,BEAR,09:15,185.44,184.86,185.6,184.86
TATASTEEL,2026-07-28,BULL,09:45,183.18,182.95,183.18,182.83
TATASTEEL,2026-07-29,BULL,10:45,187.49,186.94,187.49,186.78
TATASTEEL,2026-08-07,BEAR,09:15,189.45,189.44,189.48,188.56
TATASTEEL,2026-08-10,BULL,10:45,191.28,191.2,191.7,191.11
TATASTEEL,2026-08-11,BEAR,09:15,190.08,190.01,190.4,189.88
TATASTEEL,2026-08-11,BEAR,10:15,189.87,189.35,189.92,189.28
TATASTEEL,2026-08-12,BEAR,10:00,187.83,187.42,187.85,187.2
TATASTEEL,2026-08-12,BEAR,10:15,187.99,187.83,188.15,187.65
TATASTEEL,2026-08-17,BEAR,10:15,183.4,183.39,183.41,183.13
TATASTEEL,2026-08-20,BULL,09:30,184.32,184.17,184.58,184.04
TATASTEEL,2026-08-20,BULL,09:45,184.18,183.55,184.21,183.14
TATASTEEL,2026-08-24,BULL,09:30,184.08,183.85,184.08,183.7
TATASTEEL,2026-08-28,BEAR,11:00,186.72,185.92,186.8,185.58
TATASTEEL,2026-09-04,BEAR,11:00,184.33,184.2,184.39,184.0
TATASTEEL,2026-09-08,BULL,09:15,185.95,185.52,186.0,185.39
TATASTEEL,2026-09-08,BULL,09:45,185.58,185.42,185.86,185.4
TATASTEEL,2026-09-09,BULL,09:45,185.71,184.71,186.34,184.51
TATASTEEL,2026-09-09,BULL,10:00,184.76,184.48,184.76,183.84
TATASTEEL,2026-09-10,BEAR,11:00,187.6,187.4,187.8,187.16
TCS,2026-06-24,BULL,09:15,2072.5,2066.8,2075.3,2063.5
TCS,2026-06-24,BULL,09:45,2076.8,2070.5,2082.6001,2070.1001
TCS,2026-06-24,BULL,10:45,2084.8999,2080.8999,2086.0,2077.2
TCS,2026-06-25,BULL,09:15,2123.2,2117.2,2126.3,2116.1001
TCS,2026-07-03,BULL,10:15,2093.5,2089.1001,2093.8,2086.8
TCS,2026-07-06,BEAR,09:15,2080.3,2075.1001,2082.7,2070.3
TCS,2026-07-13,BULL,09:15,2102.1001,2096.7,2108.3,2093.1001
TCS,2026-07-21,BEAR,09:15,2253.0,2250.6001,2255.3,2248.5
TCS,2026-07-21,BEAR,10:00,2238.0,2235.6001,2241.3,2234.0
TCS,2026-07-22,BEAR,09:45,2213.8,2213.0,2215.8999,2207.6001
TCS,2026-07-22,BEAR,10:00,2214.5,2213.8,2221.3999,2210.0
TCS,2026-07-23,BULL,09:15,2200.5,2195.0,2202.5,2195.0
TCS,2026-07-23,BULL,10:30,2213.5,2212.8,2213.8,2210.2
TCS,2026-07-24,BEAR,10:30,2238.3,2231.3,2238.3999,2228.0
TCS,2026-07-28,BULL,09:15,2365.2,2363.3999,2371.8,2359.0
TCS,2026-07-29,BULL,09:15,2437.7,2429.3999,2439.0,2416.1001
TCS,2026-07-30,BULL,09:15,2475.8,2472.2,2480.5,2470.0
TCS,2026-08-03,BULL,10:30,2421.5,2420.5,2423.1001,2416.6001
TCS,2026-08-05,BEAR,09:30,2443.3999,2439.6001,2443.5,2435.0
TCS,2026-08-05,BEAR,10:45,2444.3999,2441.1001,2446.3999,2436.3
TCS,2026-08-10,BULL,09:30,2459.0,2452.6001,2463.5,2452.2
TCS,2026-08-12,BEAR,09:15,2437.8,2432.6001,2437.8,2431.0
TCS,2026-08-12,BEAR,11:00,2346.5,2345.2,2359.6001,2323.2
TCS,2026-08-14,BEAR,10:15,2365.0,2362.7,2367.0,2360.8
TCS,2026-08-17,BEAR,09:30,2332.2,2328.6001,2338.8999,2320.7
TCS,2026-08-17,BEAR,10:00,2323.6001,2321.5,2325.5,2320.6001
TCS,2026-08-17,BEAR,10:15,2325.0,2323.6001,2325.1001,2322.0
TCS,2026-08-19,BEAR,09:15,2288.3,2280.0,2289.0,2268.3999
TCS,2026-08-20,BULL,09:15,2304.0,2303.0,2306.8,2301.0
TCS,2026-08-26,BEAR,11:00,2285.1001,2283.6001,2286.0,2282.5
TCS,2026-09-07,BEAR,09:45,2286.2,2281.5,2288.0,2280.3
TCS,2026-09-07,BEAR,10:45,2281.0,2279.3,2282.1001,2278.1001
TCS,2026-09-10,BULL,09:15,2218.5,2212.1001,2218.6001,2208.0
TCS,2026-09-10,BEAR,09:30,2229.0,2212.2,2232.0,2205.8
TECHM,2026-06-24,BULL,09:15,1453.0,1449.0,1456.1,1445.4
TECHM,2026-06-25,BEAR,10:00,1460.7,1457.4,1463.9,1457.4
TECHM,2026-07-03,BULL,09:30,1417.7,1411.2,1422.2,1411.2
TECHM,2026-07-06,BEAR,09:15,1410.8,1401.9,1411.9,1400.6
TECHM,2026-07-06,BEAR,09:30,1414.5,1411.2,1417.4,1408.4
TECHM,2026-07-06,BEAR,10:15,1402.8,1396.4,1402.9,1396.4
TECHM,2026-07-07,BULL,09:15,1414.8,1413.5,1423.4,1410.1
TECHM,2026-07-07,BULL,10:30,1442.1,1440.2,1442.9,1440.0
TECHM,2026-07-08,BEAR,10:45,1447.1,1442.6,1448.7,1441.0
TECHM,2026-07-13,BULL,09:15,1462.6,1452.6,1464.4,1450.2
TECHM,2026-07-13,BULL,10:00,1462.3,1456.1,1462.3,1454.6
TECHM,2026-07-15,BULL,10:30,1486.4,1484.7,1487.0,1478.4
TECHM,2026-07-15,BULL,10:45,1485.0,1479.6,1485.0,1479.6
TECHM,2026-07-15,BULL,11:00,1480.2,1478.3,1484.4,1477.2
TECHM,2026-07-23,BULL,09:15,1556.1,1552.0,1557.5,1551.7
TECHM,2026-07-28,BULL,10:00,1620.5,1619.9,1625.0,1616.5
TECHM,2026-07-28,BULL,10:30,1622.7,1618.9,1624.4,1615.3
TECHM,2026-07-29,BULL,09:15,1656.8,1651.8,1657.9,1644.1
TECHM,2026-07-30,BULL,09:15,1675.4,1665.0,1676.0,1661.6
TECHM,2026-08-03,BEAR,09:45,1656.6,1655.6,1660.4,1652.5
TECHM,2026-08-04,BULL,10:45,1644.9,1644.0,1645.0,1642.2
TECHM,2026-08-05,BULL,09:15,1655.4,1649.8,1660.0,1649.7
TECHM,2026-08-12,BEAR,11:00,1633.2,1629.2,1634.8,1628.1
TECHM,2026-08-14,BEAR,09:30,1631.2,1628.9,1634.8,1628.4
TECHM,2026-08-17,BEAR,10:15,1616.5,1615.0,1617.4,1614.6
TECHM,2026-08-19,BEAR,10:30,1586.9,1583.9,1588.1,1583.9
TECHM,2026-08-21,BULL,09:15,1595.9,1594.0,1598.0,1592.6
TECHM,2026-08-21,BULL,09:30,1594.0,1593.2,1596.3,1588.6
TECHM,2026-08-24,BULL,09:45,1594.4,1592.1,1594.4,1588.5
TECHM,2026-08-24,BULL,10:15,1593.3,1589.7,1593.3,1587.2
TECHM,2026-08-27,BULL,10:30,1593.8,1592.6,1594.3,1591.7
TECHM,2026-08-28,BULL,09:45,1632.3,1627.5,1636.0,1624.0
TECHM,2026-08-31,BEAR,10:15,1630.9,1627.5,1631.8,1626.4
TECHM,2026-09-01,BULL,11:00,1635.8,1634.7,1637.5,1633.6
TECHM,2026-09-07,BEAR,10:45,1564.0,1563.9,1564.9,1562.4
TECHM,2026-09-08,BULL,09:45,1560.3,1558.0,1564.0,1557.4
TECHM,2026-09-11,BULL,09:45,1545.6,1543.8,1545.6,1541.0
TECHM,2026-09-11,BULL,10:15,1543.8,1541.9,1544.7,1541.2
TECHM,2026-09-11,BULL,10:45,1552.4,1546.6,1553.3,1545.1
TITAN,2026-06-25,BEAR,09:45,4281.3999,4278.2002,4290.0,4278.2002
TITAN,2026-06-29,BULL,09:15,4290.1001,4288.7998,4296.5,4283.2998
TITAN,2026-06-30,BULL,09:15,4291.2998,4290.7002,4294.7002,4281.1001
TITAN,2026-06-30,BULL,09:45,4320.7998,4318.2998,4325.0,4315.6001
TITAN,2026-07-14,BEAR,10:15,4582.5,4573.3999,4585.1001,4571.2002
TITAN,2026-07-16,BULL,10:45,4630.0,4628.7002,4639.7998,4626.2998
TITAN,2026-07-17,BULL,11:00,4628.1001,4623.2002,4630.0,4621.1001
TITAN,2026-07-21,BULL,10:00,4636.5,4635.2998,4639.2002,4632.5
TITAN,2026-07-21,BULL,10:30,4646.1001,4642.7002,4647.1001,4639.1001
TITAN,2026-07-22,BULL,09:15,4710.0,4706.0,4713.3999,4691.8999
TITAN,2026-07-24,BEAR,09:30,4671.7998,4663.0,4672.7002,4655.0
TITAN,2026-07-27,BULL,09:15,4701.8999,4693.0,4705.0,4693.0
TITAN,2026-07-27,BULL,09:30,4692.7998,4688.7002,4696.0,4688.7002
TITAN,2026-07-28,BULL,10:00,4750.2998,4746.0,4750.2998,4740.6001
TITAN,2026-07-28,BULL,10:15,4745.8999,4743.0,4746.3999,4737.2998
TITAN,2026-07-30,BULL,09:30,4846.7998,4833.7998,4850.0,4831.0
TITAN,2026-07-30,BULL,11:00,4844.2002,4836.8999,4847.0,4833.7998
TITAN,2026-08-10,BULL,09:30,5012.7002,5003.6001,5023.3999,5000.0
TITAN,2026-08-11,BULL,09:15,5149.0,5135.0,5157.6001,5132.7998
TITAN,2026-08-20,BULL,09:45,5097.7002,5090.8999,5099.8999,5085.7998
TITAN,2026-08-26,BULL,09:15,5122.2998,5122.1001,5126.7998,5110.0
TITAN,2026-08-27,BEAR,09:30,5097.3999,5090.0,5107.7002,5086.1001
TITAN,2026-08-27,BULL,09:45,5098.7998,5085.0,5099.7998,5069.6001
TITAN,2026-09-08,BULL,10:30,4982.5,4981.5,4983.5,4976.5
TITAN,2026-09-10,BULL,09:15,4989.0,4987.5,4992.0,4979.0
ULTRACEMCO,2026-06-24,BULL,09:30,11330.0,11290.0,11330.0,11285.0
ULTRACEMCO,2026-06-24,BULL,10:15,11388.0,11358.0,11390.0,11354.0
ULTRACEMCO,2026-06-24,BULL,11:00,11415.0,11406.0,11425.0,11406.0
ULTRACEMCO,2026-07-02,BULL,09:15,11467.0,11450.0,11474.0,11444.0
ULTRACEMCO,2026-07-02,BULL,10:00,11511.0,11478.0,11519.0,11478.0
ULTRACEMCO,2026-07-03,BULL,09:45,11704.0,11685.0,11727.0,11683.0
ULTRACEMCO,2026-07-06,BULL,09:15,11696.0,11680.0,11700.0,11670.0
ULTRACEMCO,2026-07-07,BULL,10:30,11678.0,11673.0,11695.0,11673.0
ULTRACEMCO,2026-07-07,BULL,10:45,11673.0,11670.0,11682.0,11666.0
ULTRACEMCO,2026-07-09,BULL,10:45,11497.0,11492.0,11509.0,11480.0
ULTRACEMCO,2026-07-15,BULL,09:45,11660.0,11654.0,11663.0,11641.0
ULTRACEMCO,2026-07-15,BULL,10:00,11651.0,11644.0,11651.0,11635.0
ULTRACEMCO,2026-07-16,BULL,09:15,11845.0,11802.0,11851.0,11794.0
ULTRACEMCO,2026-07-16,BULL,11:00,11833.0,11818.0,11837.0,11808.0
ULTRACEMCO,2026-07-17,BEAR,09:30,11765.0,11758.0,11787.0,11739.0
ULTRACEMCO,2026-07-24,BEAR,09:15,11767.0,11763.0,11786.0,11732.0
ULTRACEMCO,2026-07-27,BEAR,10:45,11859.0,11857.0,11868.0,11841.0
ULTRACEMCO,2026-07-28,BULL,09:15,11922.0,11886.0,11925.0,11883.0
ULTRACEMCO,2026-07-28,BULL,10:00,11898.0,11883.0,11899.0,11858.0
ULTRACEMCO,2026-07-28,BULL,10:15,11884.0,11881.0,11903.0,11871.0
ULTRACEMCO,2026-07-30,BEAR,09:15,11826.0,11796.0,11833.0,11793.0
ULTRACEMCO,2026-07-30,BEAR,11:00,11816.0,11809.0,11816.0,11800.0
ULTRACEMCO,2026-07-31,BULL,09:45,11864.0,11839.0,11880.0,11839.0
ULTRACEMCO,2026-07-31,BULL,10:00,11843.0,11836.0,11844.0,11815.0
ULTRACEMCO,2026-07-31,BULL,10:45,11917.0,11910.0,11920.0,11903.0
ULTRACEMCO,2026-08-04,BEAR,11:00,11994.0,11970.0,11994.0,11966.0
ULTRACEMCO,2026-08-05,BULL,09:15,12033.0,12029.0,12034.0,12017.0
ULTRACEMCO,2026-08-05,BULL,09:45,12041.0,12019.0,12042.0,12005.0
ULTRACEMCO,2026-08-05,BULL,10:15,12041.0,12022.0,12041.0,12015.0
ULTRACEMCO,2026-08-06,BULL,09:45,12151.0,12137.0,12160.0,12130.0
ULTRACEMCO,2026-08-11,BEAR,10:00,11954.0,11950.0,11961.0,11945.0
ULTRACEMCO,2026-08-11,BEAR,10:30,11955.0,11954.0,11964.0,11941.0
ULTRACEMCO,2026-08-12,BEAR,10:45,11722.0,11710.0,11730.0,11697.0
ULTRACEMCO,2026-08-12,BEAR,11:00,11735.0,11714.0,11745.0,11701.0
ULTRACEMCO,2026-08-13,BEAR,09:15,11645.0,11629.0,11660.0,11588.0
ULTRACEMCO,2026-08-14,BEAR,09:45,11651.0,11627.0,11652.0,11627.0
ULTRACEMCO,2026-08-14,BEAR,10:00,11654.0,11650.0,11669.0,11648.0
ULTRACEMCO,2026-08-19,BEAR,09:45,11450.0,11437.0,11450.0,11427.0
ULTRACEMCO,2026-08-24,BEAR,10:15,11555.0,11551.0,11561.0,11547.0
ULTRACEMCO,2026-08-24,BEAR,10:30,11559.0,11555.0,11567.0,11554.0
ULTRACEMCO,2026-08-25,BEAR,09:15,11516.0,11505.0,11549.0,11490.0
ULTRACEMCO,2026-08-25,BEAR,10:45,11505.0,11492.0,11518.0,11491.0
ULTRACEMCO,2026-08-26,BULL,09:15,11647.0,11634.0,11650.0,11629.0
ULTRACEMCO,2026-08-28,BEAR,09:15,11652.0,11643.0,11665.0,11640.0
ULTRACEMCO,2026-09-02,BEAR,10:30,11244.0,11232.0,11258.0,11222.0
ULTRACEMCO,2026-09-08,BEAR,11:00,11087.0,11074.0,11088.0,11046.0
WIPRO,2026-06-24,BEAR,09:30,173.71,173.28,174.0,173.13
WIPRO,2026-06-30,BEAR,09:45,172.65,172.28,172.68,172.26
WIPRO,2026-07-02,BULL,10:00,173.91,172.8,173.91,172.5
WIPRO,2026-07-02,BULL,10:30,173.3,172.83,173.39,172.8
WIPRO,2026-07-06,BEAR,09:15,175.35,175.22,175.65,174.9
WIPRO,2026-07-09,BULL,11:00,173.21,173.14,173.22,173.01
WIPRO,2026-07-13,BULL,09:15,175.66,174.79,175.74,174.6
WIPRO,2026-07-13,BULL,10:00,175.82,175.68,175.94,175.5
WIPRO,2026-07-13,BULL,10:30,176.14,176.0,176.21,175.81
WIPRO,2026-07-14,BEAR,09:15,180.01,179.66,180.5,179.64
WIPRO,2026-07-14,BEAR,10:15,179.0,178.46,179.0,178.11
WIPRO,2026-07-16,BULL,09:30,177.09,176.57,177.11,176.32
WIPRO,2026-07-20,BULL,09:15,176.93,176.0,177.34,175.85
WIPRO,2026-07-21,BEAR,09:15,177.34,176.59,177.34,176.51
WIPRO,2026-07-21,BEAR,10:00,176.0,175.72,176.16,175.65
WIPRO,2026-07-23,BULL,09:15,174.3,173.66,174.32,173.66
WIPRO,2026-07-24,BEAR,09:45,174.03,173.71,174.36,173.55
WIPRO,2026-07-27,BEAR,09:15,176.41,176.12,176.69,175.86
WIPRO,2026-07-28,BULL,09:15,180.1,179.99,180.2,179.68
WIPRO,2026-07-28,BULL,09:45,180.45,180.19,180.48,179.48
WIPRO,2026-07-29,BULL,10:15,184.89,184.77,185.4,184.33
WIPRO,2026-07-29,BULL,10:30,184.79,184.38,184.89,184.37
WIPRO,2026-07-30,BULL,09:30,188.2,187.96,188.49,187.12
WIPRO,2026-08-11,BEAR,10:45,184.15,183.96,184.33,183.87
WIPRO,2026-08-12,BEAR,10:30,183.75,183.62,184.05,183.6
WIPRO,2026-08-13,BEAR,10:00,182.63,182.6,182.88,182.3
WIPRO,2026-08-19,BULL,11:00,178.86,178.77,178.88,178.54
WIPRO,2026-08-21,BULL,09:15,180.64,180.46,180.84,180.35
WIPRO,2026-08-24,BULL,09:15,182.05,181.82,182.4,181.57
WIPRO,2026-08-25,BEAR,09:30,180.44,180.26,180.7,180.2
WIPRO,2026-08-26,BULL,09:15,180.24,180.0,180.5,179.96
WIPRO,2026-08-27,BEAR,10:00,177.16,177.15,177.37,177.01
WIPRO,2026-08-31,BEAR,10:00,177.76,177.59,177.84,177.4
WIPRO,2026-08-31,BEAR,10:15,178.1,177.75,178.2,177.66
WIPRO,2026-09-03,BULL,10:45,177.12,176.82,177.12,176.74
WIPRO,2026-09-07,BEAR,10:15,174.13,173.92,174.18,173.73
WIPRO,2026-09-10,BEAR,09:15,168.02,167.77,168.09,167.17
WIPRO,2026-09-10,BEAR,09:30,168.23,168.06,169.19,167.94
WIPRO,2026-09-11,BULL,10:45,166.93,166.59,166.93,166.5
