tree
version=v4
num_class=1
num_tree_per_iteration=1
label_index=0
max_feature_idx=13
objective=regression
feature_names=atr_frac rsi vwap_dist ema_dist adx vol_ratio ret1 ret3 range_pct gap_pct tod body_frac sl_mult tgt_mult
feature_infos=[0.00072350963321498576:0.014443684025428677] [4.1893948138088319:98.352419049786874] [-0.34721690548927797:0.16190291595586001] [-0.11386078545693699:0.075312303694287736] [0:83.112187038515373] [0.015047957986416168:18.409304720994818] [-0.10486842105263161:0.081211213353306055] [-0.10486842105263161:0.097731023102310299] [0:0.058019953952417429] [-0.081214170219021026:0.087151575127824454] [9.25:15.416666666666666] [0:1] [1:2.5] [1.5:4]
tree_sizes=6204 6400 6333 6344 6351 6358 6337 6328 6361 6331 6348 6343 6344 6145 6322 6281 6345 6356 6345 6381 6274 6338 6284 6255 6263 6267 6228 6284 6315 6225 6232 6215 6140 6207 6183 6178 6251 6265 6157 6235 6314 6210 6141 6101 6216 6182 6294 6198 6112 6099 6172 6160 6199 6135 6094 6120 6111 6090 6177 6085 6056 6221 6076 6020 6173 6080 6279 6083 6131 6045 6109 6148 6004 6168 6116 6089 6060 6055 6137 6079 6021 6128 6112 6186 6137 6049 6088 6128 5871 6056 6019 6143 6172 6097 6101 6070 6079 5969 6026 6127 6065 6071 6097 6161 6048 6130 6099 6081 5882 6095 6087 6000 5917 6116 6076 5984 6139 5939 6011 6051 5949 6000 6160 6021 6139 6081 5925

Tree=0
num_leaves=63
num_cat=0
split_feature=12 8 8 12 10 10 12 10 12 10 12 10 12 8 8 10 8 8 12 8 8 8 12 5 5 8 5 5 5 5 5 5 8 5 5 5 12 8 5 8 10 8 8 5 5 5 8 8 5 8 8 8 12 12 8 8 8 8 12 5 5 5
split_gain=87693.2 32837.5 23314.9 9896.9 9328.89 6709.6 5040.51 4718.16 4661.03 2813.57 2626.86 2562.52 1751.75 1748.21 1661.3 1658.94 1628.96 1583.18 1164.07 1106.51 1072.65 985.519 959.943 935.422 925.874 917.093 787.331 737.88 712.454 685.036 630.576 628.345 601.206 578.953 564.058 551.393 535.198 493.37 484.052 482.201 470.843 452.585 441.718 425.82 423.363 423.169 404.434 396.373 394.758 392.104 367.574 361.792 350.211 344.62 341.685 334.046 321.447 319.047 317.037 311.058 310.911 296.995
threshold=1.3750000000000002 0.0016087668330499645 0.0017152658662093064 1.8750000000000002 12.29166666666667 11.79166666666667 1.8750000000000002 12.375000000000002 1.1250000000000002 12.125000000000002 1.1250000000000002 12.458333333333334 1.1250000000000002 0.0032819070287424634 0.0026985033233306891 12.125000000000002 0.0010512609159416349 0.0010422203463387966 2.2500000000000004 0.0009920634920635885 0.0025099213448654513 0.0028875723810852893 1.1250000000000002 1.0421062758936424 0.46515529612490503 0.0033204205866076649 1.0811336046600721 0.92695824978852748 1.6407769702381358 0.67806162519296542 0.75615758662016719 0.45666661577646411 0.0010512609159416349 0.60731384389654586 0.99779219623921667 0.44861430192480772 2.2500000000000004 0.0026796480782312099 2.2798951585276446 0.0028346725614216812 9.2916666666666696 0.0044441382372416545 0.0081403199057793075 0.52502837195174556 1.4144371761289027 1.0146375947194535 0.0021413685647275042 0.0011404335286770196 0.67285252423802666 0.0010155493713937763 0.0010155493713937763 0.000830633779300312 1.1250000000000002 1.6250000000000002 0.0048436507289409186 0.0010512609159416349 0.0010963277840152525 0.0075525345566455323 1.6250000000000002 0.52502837195174556 1.0421062758936424 2.1965902082624109
decision_type=2 2 2 2 2 2 2 2 2 2 2 2 2 2 2 2 2 2 2 2 2 2 2 2 2 2 2 2 2 2 2 2 2 2 2 2 2 2 2 2 2 2 2 2 2 2 2 2 2 2 2 2 2 2 2 2 2 2 2 2 2 2
left_child=1 4 3 7 12 13 9 31 17 21 14 36 24 22 23 39 33 29 32 48 34 59 43 -7 47 28 58 -19 46 51 -21 56 -13 -9 -11 -14 -5 45 41 -8 42 -16 -15 -3 -22 -17 -12 -1 -10 -26 -33 -6 -42 -35 -46 -20 -2 -40 -18 -4 -34 -25
right_child=2 5 6 11 8 10 15 16 19 20 25 18 35 40 38 37 26 27 55 30 44 -23 -24 61 49 -27 -28 -29 -30 -31 -32 50 60 53 -36 -37 -38 -39 57 -41 52 -43 -44 -45 54 -47 -48 -49 -50 -51 -52 -53 -54 -55 -56 -57 -58 -59 -60 -61 -62 -63
leaf_value=-0.59970688180400911 -0.58291416067116519 -0.58503594819525762 -0.57392682725205035 -0.577022823618764 -0.62060474116469078 -0.59505185433062002 -0.57004901107228101 -0.59170222686795981 -0.60394715874214688 -0.57952038148027962 -0.5901560528577644 -0.58792387153658665 -0.58712995835059656 -0.59675369613707241 -0.58903927787370691 -0.57209960620178357 -0.58868212882686544 -0.60627110135174966 -0.58112074547314796 -0.59482711109258923 -0.57380147660993008 -0.57104003327648689 -0.58176639915091433 -0.60180314734275175 -0.61175177498232547 -0.58070410486016621 -0.59263760930769382 -0.6152156067777903 -0.5949101806556808 -0.62510522658404866 -0.60278437381727457 -0.58959757433777671 -0.57958728283381211 -0.60146255001911808 -0.58545983049358863 -0.59429600820718997 -0.57245984211246526 -0.57073034095364161 -0.59799456955457941 -0.56647666126943441 -0.5795396375245907 -0.57575751418856869 -0.57981161180480123 -0.59122161704224563 -0.5809002925506338 -0.57692201715048574 -0.58394343492993939 -0.59133448154334833 -0.61194905771388841 -0.60190998475442958 -0.58330655543722076 -0.61048943329682259 -0.57425341001585639 -0.59501876455920899 -0.57299525272886875 -0.57658172656513307 -0.57774229605257821 -0.57693105650062693 -0.58373545998712828 -0.577964884161971 -0.58529523060578481 -0.60970924970502427
leaf_weight=27066 50821 52412 86887 128601 16780 58484 186649 57489 30971 70983 55261 68416 54195 5951 37230 80728 64702 51492 68356 42866 61510 185934 111822 44568 14028 38047 75193 41755 42082 35443 59394 31092 60461 41365 91502 53189 128449 122944 18787 191258 62622 7749 10883 59302 66227 104220 49807 29593 30682 36330 91696 18681 62703 41632 17225 99590 73487 1988 64862 105718 39406 16195
leaf_count=27066 50821 52412 86887 128601 16780 58484 186649 57489 30971 70983 55261 68416 54195 5951 37230 80728 64702 51492 68356 42866 61510 185934 111822 44568 14028 38047 75193 41755 42082 35443 59394 31092 60461 41365 91502 53189 128449 122944 18787 191258 62622 7749 10883 59302 66227 104220 49807 29593 30682 36330 91696 18681 62703 41632 17225 99590 73487 1988 64862 105718 39406 16195
internal_value=-0.583275 -0.593968 -0.57793 -0.583066 -0.603302 -0.587088 -0.573492 -0.587637 -0.608603 -0.576522 -0.591833 -0.578501 -0.595191 -0.582284 -0.596047 -0.570461 -0.591413 -0.614558 -0.581374 -0.602639 -0.580076 -0.573637 -0.585041 -0.599566 -0.599718 -0.587624 -0.588568 -0.610276 -0.589413 -0.620189 -0.599449 -0.582363 -0.584313 -0.595559 -0.582865 -0.590679 -0.574743 -0.573185 -0.589667 -0.568241 -0.577949 -0.586751 -0.585801 -0.58832 -0.576949 -0.574817 -0.587211 -0.595334 -0.607929 -0.604652 -0.5849 -0.615276 -0.576895 -0.59823 -0.579269 -0.578429 -0.579857 -0.595979 -0.586206 -0.576143 -0.58184 -0.60391
internal_weight=3.83576e+06 1.27836e+06 2.5574e+06 1.18562e+06 542465 735893 1.37178e+06 592339 328064 685986 370198 593279 214401 365695 185001 685799 345243 164151 336229 163913 307447 378539 223536 119247 107017 185197 204757 93247 147150 70904 102260 247096 168283 140486 162485 107384 257050 307892 65754 377907 142159 44979 16834 111714 144962 184948 105068 56659 61653 50358 122788 35461 125325 82997 83452 167946 124308 20775 129564 192605 99867 60763
internal_count=3835761 1278358 2557403 1185618 542465 735893 1371785 592339 328064 685986 370198 593279 214401 365695 185001 685799 345243 164151 336229 163913 307447 378539 223536 119247 107017 185197 204757 93247 147150 70904 102260 247096 168283 140486 162485 107384 257050 307892 65754 377907 142159 44979 16834 111714 144962 184948 105068 56659 61653 50358 122788 35461 125325 82997 83452 167946 124308 20775 129564 192605 99867 60763
is_linear=0
shrinkage=1


Tree=1
num_leaves=63
num_cat=0
split_feature=12 10 10 12 12 3 12 3 3 3 12 3 3 12 12 6 3 3 6 3 3 3 3 3 2 3 2 2 12 7 6 6 6 1 10 3 3 12 2 10 2 7 6 2 3 3 1 1 2 1 3 10 2 2 3 3 10 1 3 7 2 4
split_gain=79217 21648.9 15828.6 9308.1 6802.75 3776.94 3698.4 2788.33 2445.31 2321.15 2241.46 2062.14 1759.88 1716.93 1438.34 1226.41 1207.92 1432.4 1084.32 1007.35 1189.68 877.29 812.012 861.674 778.694 770.045 766.067 787.123 647.482 607.894 612.162 603.119 590.681 556.312 556.237 541.688 538.887 515.99 502.701 494.233 468.556 426.514 423.104 404.367 399.83 376.629 389.074 368.437 355.8 355.265 452.843 351.93 346.966 479.032 346.045 409.164 343.913 341.153 458.865 338.501 333.715 331.708
threshold=1.3750000000000002 11.79166666666667 11.875000000000002 1.8750000000000002 1.1250000000000002 0.0027151544961710782 1.8750000000000002 0.0030231197841493174 0.0027151544961710782 -0.003064550644354212 1.1250000000000002 -0.003064550644354212 -0.0026582387662735501 2.2500000000000004 1.6250000000000002 0.001242311309595179 -0.0058313201623316491 0.003480399887956323 -0.0010653948787973653 -0.0058313201623316491 0.0035773908930186358 0.0025161048648284687 -0.0058313201623316491 0.0032759035360650107 -0.14502995519491416 -0.003064550644354212 -0.14216718775254636 0.033120786178767493 2.2500000000000004 -0.0020828640840295227 0.001242311309595179 0.0012711191180192485 -0.0010653948787973653 41.600645782497828 13.04166666666667 0.0025887248420742577 -0.0023968639445223071 1.6250000000000002 -0.14216718775254636 13.04166666666667 -0.14502995519491416 -0.0035002685071005564 -0.0010653948787973653 -0.14216718775254636 0.0057816316223094485 -0.00092362815694654779 46.406116245091482 41.297284389733129 0.059818832392579485 35.824328480980142 -0.0063670243134532943 10.875000000000002 -0.19370320573681091 -0.23752482284043752 -0.0058313201623316491 0.003789130913170909 12.958333333333334 35.824328480980142 -0.0040302131338157297 -0.0026408213495470174 0.026761381170700076 23.490634895443904
decision_type=2 2 2 2 2 2 2 2 2 2 2 2 2 2 2 2 2 2 2 2 2 2 2 2 2 2 2 2 2 2 2 2 2 2 2 2 2 2 2 2 2 2 2 2 2 2 2 2 2 2 2 2 2 2 2 2 2 2 2 2 2 2
left_child=1 10 6 7 5 9 19 11 12 49 16 -4 57 21 31 18 -1 38 33 -2 37 25 -12 59 -14 -5 52 34 54 -26 39 32 -13 -11 -28 36 -15 -21 -18 -31 -16 -40 -41 -34 -7 47 -47 -36 -42 50 -3 -43 53 -20 -8 -56 -45 58 -6 -24 -53 -48
right_child=2 4 3 13 8 44 28 -9 -10 15 22 14 24 35 40 -17 17 -19 26 20 -22 -23 23 -25 29 -27 27 -29 -30 30 -32 -33 43 -35 45 -37 -38 -39 41 42 48 51 -44 56 -46 46 61 -49 -50 -51 -52 60 -54 -55 55 -57 -58 -59 -60 -61 -62 -63
leaf_value=0.0047672165974175108 0.013448153474072209 -0.00081957509591865985 0.004376768348767452 0.0089587493820871399 -0.0013692548058332973 -0.0090953176431308874 0.016410957371278925 0.0072972244164098976 0.00072918757223712277 -0.027062336410845319 0.0094108376988176982 -0.0014838775702748991 -0.0074320410555947557 0.011801156261539422 0.0029984013405259923 -0.01363876302745691 -0.0025317955334352178 0.00061239583778555714 -0.0080982017921066556 0.002989380045532218 0.010866025663850917 0.00992298687382967 0.003708248984654286 0.0055134530918808169 -0.0060085047703131028 0.0014669904250926651 -0.024748942723201266 -0.022099083462862705 0.014298397324996548 -0.01299085805001839 -0.0076017991079554486 0.00024655433804558606 -0.0032206755656884163 -0.012844651202958097 -0.03022467552284799 0.013422762454857446 0.0064665771522326764 0.0066205187853133583 -0.00099280442101258603 -0.0093967583337727627 -0.0034046320915390909 -0.0084372301696563224 -0.0191004562948595 -0.0061189374141129918 0.001897057724518824 -0.04190535620648219 -0.034216649897967522 -0.01720142148038965 0.0020161788392672932 -0.002727377818222573 -0.016532581574492094 -0.015852288775584523 -0.012451587738047385 -0.02721680132496811 0.0092763230813919309 0.014401899166331771 -0.010648989913324388 0.002371152255517919 -0.01289231237958711 -0.0025135143402931484 -0.0081907094659882697 -0.026108248754614351
leaf_weight=25210 50865 5657 77822 39005 19580 29088 25386 68893 40709 9317 25200 35389 41202 57530 43198 27746 27469 51856 4192 195752 102046 43644 25349 54222 17933 284321 48926 56557 272581 68934 21742 27777 32131 26306 17037 42362 267300 195589 12512 12379 214835 82221 121389 60263 11560 10898 39165 7972 35235 10149 24204 43766 12959 15000 198687 48426 137473 15930 15462 158883 21048 18605
leaf_count=25210 50865 5657 77822 39005 19580 29088 25386 68893 40709 9317 25200 35389 41202 57530 43198 27746 27469 51856 4192 195752 102046 43644 25349 54222 17933 284321 48926 56557 272581 68934 21742 27777 32131 26306 17037 42362 267300 195589 12512 12379 214835 82221 121389 60263 11560 10898 39165 7972 35235 10149 24204 43766 12959 15000 198687 48426 137473 15930 15462 158883 21048 18605
internal_value=1.66508e-05 -0.010146 0.00509829 0.00170824 -0.0156019 -0.0203615 0.00966422 -0.00227741 -0.0108414 -0.0221094 -0.00238602 -0.00327063 -0.0122494 0.00568766 -0.0042857 -0.0236437 -0.00564195 -0.00674051 -0.0246837 0.00674862 0.00605795 0.00326896 0.000875197 -2.68557e-05 -0.0137869 0.00237077 -0.0259342 -0.0270904 0.0125754 -0.0148671 -0.0155749 -0.0067632 -0.00749725 -0.0165632 -0.0290699 0.00810489 0.00741137 0.00480419 -0.00877933 -0.0164301 -0.00181018 -0.00985496 -0.0182025 -0.00842303 -0.00596916 -0.0313267 -0.03324 -0.0260733 -0.00264084 -0.0108091 -0.0135558 -0.0106091 -0.0187727 -0.0230408 0.0108519 0.0102808 -0.00926839 -0.00369572 -0.00645371 -0.00165744 -0.0133642 -0.0316053
internal_weight=3.83484e+06 1.27833e+06 2.55651e+06 1.46718e+06 750598 375338 1.08933e+06 733016 375260 334690 527736 664123 334551 734162 586301 294680 264082 238872 266934 544252 493387 366970 263654 238454 283579 323326 231311 199160 545080 242377 224444 293033 265256 35623 142603 367192 324830 391341 187016 202702 293268 159547 133768 229867 40648 93677 68668 25009 250070 40010 29861 147035 32151 19192 272499 247113 197736 50972 35042 184232 64814 57770
internal_count=3834844 1278334 2556510 1467178 750598 375338 1089332 733016 375260 334690 527736 664123 334551 734162 586301 294680 264082 238872 266934 544252 493387 366970 263654 238454 283579 323326 231311 199160 545080 242377 224444 293033 265256 35623 142603 367192 324830 391341 187016 202702 293268 159547 133768 229867 40648 93677 68668 25009 250070 40010 29861 147035 32151 19192 272499 247113 197736 50972 35042 184232 64814 57770
is_linear=0
shrinkage=0.05


Tree=2
num_leaves=63
num_cat=0
split_feature=0 12 12 0 0 0 0 12 12 12 12 0 12 0 0 0 12 0 0 12 0 0 0 12 0 12 12 12 12 0 0 12 0 0 0 12 12 0 0 0 0 12 0 12 0 0 0 0 0 12 0 12 0 1 12 0 0 0 10 2 2 10
split_gain=113565 54866.4 24020.2 14283.8 10830.9 10332.7 7990.96 5272.14 3801.4 3630.25 3094.88 2832.71 2568.18 1792.94 1454.91 1381.76 1304.52 1288.1 1233.57 1188.56 1129.99 1091.36 949.987 904.422 882.064 780.651 727.263 604.787 537.734 486.824 460.382 384.204 383.11 380.252 373.6 371.897 338.918 297.506 286.588 284.672 267.536 265.115 259.315 259.034 256.839 244.106 226.677 197.154 195.417 162.433 146.233 133.755 129.449 125.502 122.976 121.199 120.168 119.509 118.618 139.307 116.385 115.418
threshold=0.0018985094982703025 1.3750000000000002 1.3750000000000002 0.0013495331350436258 0.0031189993086482046 0.0013665449845959991 0.002844408806028429 1.8750000000000002 1.8750000000000002 1.1250000000000002 1.8750000000000002 0.0021721640144523042 1.1250000000000002 0.0016540609052391555 0.0016540609052391555 0.0038703418758184453 1.1250000000000002 0.0011385095547959822 0.0016540609052391555 1.1250000000000002 0.0039644852554345843 0.001008675399579 0.0011385095547959822 2.2500000000000004 0.0021721640144523042 1.8750000000000002 2.2500000000000004 1.6250000000000002 2.2500000000000004 0.0015928053020944249 0.0011720809903882426 1.6250000000000002 0.002447044795710162 0.0014875953953294139 0.0011879484712433218 1.6250000000000002 1.6250000000000002 0.001008675399579 0.0023023736924603095 0.0010731675828695995 0.0016068076222909772 1.1250000000000002 0.0054811788933351487 1.6250000000000002 0.0009643359574801752 0.002447044795710162 0.0014875953953294139 0.0054811788933351487 0.0023671124247985884 2.2500000000000004 0.0015180913033894291 1.6250000000000002 0.001008675399579 67.793000874229165 1.8750000000000002 0.0012150028078286152 0.0012818299446718867 0.0015345910591226287 14.79166666666667 0.11081959178938204 0.11081959178938204 14.458333333333334
decision_type=2 2 2 2 2 2 2 2 2 2 2 2 2 2 2 2 2 2 2 2 2 2 2 2 2 2 2 2 2 2 2 2 2 2 2 2 2 2 2 2 2 2 2 2 2 2 2 2 2 2 2 2 2 2 2 2 2 2 2 2 2 2
left_child=1 3 4 12 11 8 10 14 17 13 24 19 21 33 27 25 32 37 46 58 41 -1 44 29 43 51 30 50 38 -9 52 56 -13 -5 -23 -16 -26 53 -12 -28 -25 -6 -22 -4 -14 -18 -11 54 -30 -27 -7 -8 -10 -3 -17 -24 -19 -29 -2 -60 -15 -44
right_child=2 5 6 9 20 7 15 23 26 18 28 16 22 60 35 47 45 31 -20 -21 42 34 55 40 36 49 39 57 48 -31 -32 -33 -34 -35 -36 -37 -38 -39 -40 -41 -42 -43 61 -45 -46 -47 -48 -49 -50 -51 -52 -53 -54 -55 -56 -57 -58 -59 59 -61 -62 -63
leaf_value=-0.064738008322516707 -0.01424742367644926 -0.031134893203257713 -9.7262953303666643e-05 -0.032548640691882159 0.003442082165673932 -0.012980589144853181 0.0095797235921457214 -0.0023422461342291205 -0.021229847681024296 -0.021140677006883796 0.0070456860498148829 -0.0074689113539952237 -0.051150069720707875 -0.018992478177888003 -0.0041783723432973589 0.015896331185538286 -0.00099944659802680817 -0.020879362607633175 -0.010234058380133368 -0.0052867288759250401 0.011261040700984076 -0.049519465092107931 -0.031882734131785377 0.0035847203358907367 0.0046521451128227059 0.013884571699118747 -0.009716206707755623 -0.0069722683393468408 0.010922023335911796 0.0029297956697148415 -0.0070032048478579139 -0.012069632212392073 -0.0028322735467708115 -0.026319344065344415 -0.040846416923236012 0.00042932590317047205 0.0080229536172309185 -0.022739300344035648 0.010538887398252398 -0.0012115021302161303 0.0074554901343237105 0.0079174528106985761 0.016493311703559197 0.0037811771432047143 -0.037792810644066123 0.0026996140990032213 -0.0163247347514766 0.020805586383574513 0.013856505474516565 0.016743928063935778 -0.0090614312463452151 0.012178522546370467 -0.013260595195319497 -0.064362553054916449 0.018555892009260926 -0.025973276237428455 -0.015800724233547014 -0.0034156655210955838 -0.0073641829135930705 -0.047804583650116528 -0.03761693869212724 0.034932282776995137
leaf_weight=7174 76663 14156 86077 42493 66108 47307 99078 72600 7288 42250 121162 73213 4787 86909 87683 86970 73170 24663 87664 86027 76729 19431 12260 77612 149209 99328 12025 52667 138787 110336 42010 46737 113799 57850 34396 87485 149073 24270 113922 54134 105079 66258 23837 86127 14500 114225 57941 49377 95960 99344 47902 98968 16940 290 86890 29684 22071 42825 9197 218 847 880
leaf_count=7174 76663 14156 86077 42493 66108 47307 99078 72600 7288 42250 121162 73213 4787 86909 87683 86970 73170 24663 87664 86027 76729 19431 12260 77612 149209 99328 12025 52667 138787 110336 42010 46737 113799 57850 34396 87485 149073 24270 113922 54134 105079 66258 23837 86127 14500 114225 57941 49377 95960 99344 47902 98968 16940 290 86890 29684 22071 42825 9197 218 847 880
internal_value=6.77465e-06 -0.010762 0.00688171 -0.0243096 -0.000280672 -0.00398627 0.0104638 -0.000923563 -0.0124537 -0.0194821 0.00755833 -0.00413367 -0.0391577 -0.0243922 -0.00516696 0.0148706 -0.00169307 -0.0184517 -0.0145656 -0.00944308 0.00872532 -0.0464189 -0.0319238 0.00332264 0.00469182 0.0130999 -0.00646528 -0.00818883 0.0104288 0.000837533 -0.0101688 -0.0152752 -0.00464746 -0.0289573 -0.0439773 -0.00187713 0.00633678 -0.0261208 0.0087385 -0.00275731 0.00581108 0.0056823 0.0126958 0.00184252 -0.0411081 0.00125528 -0.0183556 0.0180174 0.0121216 0.0153144 -0.0110088 0.0108784 -0.0156578 -0.0318019 0.0172255 -0.0277006 -0.0184809 -0.00537725 -0.013597 -0.00830056 -0.0191722 0.0171498
internal_weight=3.83486e+06 1.49427e+06 2.3406e+06 498186 780324 996080 1.56027e+06 731496 264584 375954 940317 546512 122232 188099 365869 619955 374407 132187 187855 172105 233812 61001 61231 365627 470486 396718 132397 190701 469831 182936 66238 93471 187012 100343 53827 175168 298282 38716 235084 66159 182691 132366 101446 172204 19287 187395 100191 223237 234747 198672 95209 198046 24228 14446 173860 41944 46734 95492 86078 9415 87756 24717
internal_count=3834862 1494266 2340596 498186 780324 996080 1560272 731496 264584 375954 940317 546512 122232 188099 365869 619955 374407 132187 187855 172105 233812 61001 61231 365627 470486 396718 132397 190701 469831 182936 66238 93471 187012 100343 53827 175168 298282 38716 235084 66159 182691 132366 101446 172204 19287 187395 100191 223237 234747 198672 95209 198046 24228 14446 173860 41944 46734 95492 86078 9415 87756 24717
is_linear=0
shrinkage=0.05


Tree=3
num_leaves=63
num_cat=0
split_feature=0 12 12 0 0 0 0 12 12 12 12 12 0 0 0 0 0 12 0 0 12 0 0 0 12 12 12 12 12 12 0 12 12 0 0 0 0 12 0 0 0 12 0 0 0 0 0 0 12 4 0 0 0 0 2 0 12 1 3 12 2 0
split_gain=102638 47790.3 23046.5 12040.2 10358.9 8748.24 7778.53 4607.29 3315.31 3145.22 2960.02 2310.14 2287.8 2016.68 1442.77 1432.97 1232.07 1173.42 1112.24 1053.31 1020.49 958.533 878.705 858.032 846.341 777.72 605.076 519.421 480.55 439.364 432.037 411.048 403.647 393.308 334.916 323.377 319.714 303.582 273.832 269.363 251.496 251.138 232.192 223.928 216.922 184.371 172.416 168.686 156.313 146.413 146.216 142.797 141.752 138.391 133.643 125.039 122.798 120.219 114.366 109.283 108.085 103.659
threshold=0.0018620153782140318 1.3750000000000002 1.3750000000000002 0.0013495331350436258 0.0027966766662306602 0.0013495331350436258 0.0027819060838327552 1.8750000000000002 1.8750000000000002 1.1250000000000002 1.8750000000000002 1.1250000000000002 0.0021288848598889063 0.0038236737695708498 0.0037787255163597294 0.0016340989071323934 0.0015928053020944249 1.1250000000000002 0.001008675399579 0.0010731675828695995 1.1250000000000002 0.0016540609052391555 0.0021288848598889063 0.001008675399579 2.2500000000000004 1.8750000000000002 2.2500000000000004 2.2500000000000004 1.1250000000000002 1.6250000000000002 0.0015928053020944249 1.6250000000000002 1.6250000000000002 0.0011720809903882426 0.0012019726205368868 0.0014875953953294139 0.0011879484712433218 1.6250000000000002 0.0049396466154972788 0.0021721640144523042 0.0015854595510271252 1.6250000000000002 0.0010731675828695995 0.0048247459680383674 0.0014875953953294139 0.002447044795710162 0.003188815239166832 0.0022175511882742941 2.2500000000000004 16.779374314454639 0.0012019726205368868 0.001008675399579 0.0031189993086482046 0.0012019726205368868 0.061716339121268733 0.001734641428880497 1.8750000000000002 67.793000874229165 0.0015356006635783806 1.6250000000000002 0.045727579404700874 0.002447044795710162
decision_type=2 2 2 2 2 2 2 2 2 2 2 2 2 2 2 2 2 2 2 2 2 2 2 2 2 2 2 2 2 2 2 2 2 2 2 2 2 2 2 2 2 2 2 2 2 2 2 2 2 2 2 2 2 2 2 2 2 2 2 2 2 2
left_child=1 3 4 11 12 8 10 16 19 15 22 18 17 28 25 35 29 -2 -1 51 45 44 41 -13 30 52 33 39 46 -7 -9 50 -18 -10 -25 -5 60 -24 -15 -12 -26 -4 -28 56 -11 -14 -6 -29 -27 58 -21 57 -8 -33 -38 -17 -16 59 -47 -3 -20 -22
right_child=2 5 6 9 13 7 14 24 26 21 27 23 20 38 43 55 32 -19 36 31 61 -23 37 34 40 48 42 47 -30 -31 -32 53 -34 -35 -36 -37 54 -39 -40 -41 -42 -43 -44 -45 -46 49 -48 -49 -50 -51 -52 -53 -54 -55 -56 -57 -58 -59 -60 -61 -62 -63
leaf_value=-0.062439777448889705 -0.01404147753804743 -0.034319885792384541 -0.00072432636262964362 -0.031148705239757629 -0.0010716683475954572 -0.011384257763242863 0.0085458146660438092 -0.0025231750274890396 -0.014973244584482986 -0.020108784734489606 0.005968131904888728 -0.046390975117506478 -0.0071412723444340053 0.0097769316655495347 0.014376631111653798 -0.020984773428834962 -0.0050238002444581266 -0.0057866506407978358 -0.048097610137145662 -0.022787015215323059 -0.0010006636876330518 -0.0099122107366610285 0.0040752885314208473 -0.032862943116375012 0.002991896469309344 0.01289952556690567 -0.0091810930987660314 0.0098545058219962536 0.0057098408956078889 -0.0060574227989915333 0.0024744766557917562 -0.016210958644960152 -0.00047863636950040884 -0.0067729288213827302 -0.024845498177399727 -0.025220003237712771 -0.037922478929958724 0.0072417375124887969 0.014886355086205411 0.0093850103834435313 0.0068199473084688406 0.0030942805991840878 -0.001447907712628504 0.018931063663749401 -0.015402215812998325 -8.6149032888838671e-05 0.0029963527906590841 0.012523818114447933 0.015640223982124331 -0.004511378141080164 -0.017060191783809762 -0.022771162637327608 0.011160414104402787 -0.010636207005789898 -0.052111723331147934 -0.017080633654321671 0.017204901949280725 -0.062620804243386827 0.015545382142845688 -0.025567494103178462 -0.037155142558013714 0.0016105796527430749
leaf_weight=7212 86134 7121 86011 42389 53487 77470 96549 77603 24154 42312 98624 7273 85707 77031 76756 37938 97695 86068 16963 17094 85514 74920 151198 21916 75186 104013 12100 111415 104271 77371 97672 17097 97695 37053 32111 50284 32763 151585 39757 138932 99935 86217 49074 90081 58094 6739 50770 126256 104087 60133 32030 9791 111945 31912 1748 44640 76758 287 1416 7145 2603 68410
leaf_count=7212 86134 7121 86011 42389 53487 77470 96549 77603 24154 42312 98624 7273 85707 77031 76756 37938 97695 86068 16963 17094 85514 74920 151198 21916 75186 104013 12100 111415 104271 77371 97672 17097 97695 37053 32111 50284 32763 151585 39757 138932 99935 86217 49074 90081 58094 6739 50770 126256 104087 60133 32030 9791 111945 31912 1748 44640 76758 287 1416 7145 2603 68410
internal_value=4.05624e-06 -0.0106709 0.00627267 -0.0236434 -0.000632767 -0.0041789 0.00972634 -0.00133564 -0.0123145 -0.018927 0.00682989 -0.0371314 -0.00530032 0.00625588 0.0138953 -0.0236639 -0.00539121 -0.00991565 -0.0439958 -0.0181302 -0.00271922 -0.0141921 0.00403863 -0.0302682 0.00271801 0.012108 -0.0064942 0.00961988 0.00330975 -0.00872254 0.000261767 -0.0158208 -0.00275122 -0.010009 -0.0280978 -0.0279318 -0.041536 0.00566054 0.0115163 0.00796646 0.00517642 0.00118726 -0.0029775 0.0169521 -0.0173856 -0.00559699 0.000909335 0.0112725 0.0142704 -0.00365878 -0.019053 -0.0274399 0.00994965 -0.012581 -0.0386412 -0.0188743 0.0157908 -0.0305809 0.00262804 -0.0299363 -0.0466419 0.000159878
internal_weight=3.83452e+06 1.41865e+06 2.41586e+06 473166 805437 945485 1.61043e+06 700627 244858 350577 950238 122589 480121 325316 660189 175251 350231 172202 61289 122477 307919 175326 475011 61300 350396 416594 122381 475227 208528 154841 175275 98133 195390 61207 54027 92673 54077 302783 116788 237556 175121 172228 61174 243595 100406 153995 104257 237671 208100 68288 49124 24344 208494 49009 34511 82578 153514 14553 8155 14266 19566 153924
internal_count=3834515 1418651 2415864 473166 805437 945485 1610427 700627 244858 350577 950238 122589 480121 325316 660189 175251 350231 172202 61289 122477 307919 175326 475011 61300 350396 416594 122381 475227 208528 154841 175275 98133 195390 61207 54027 92673 54077 302783 116788 237556 175121 172228 61174 243595 100406 153995 104257 237671 208100 68288 49124 24344 208494 49009 34511 82578 153514 14553 8155 14266 19566 153924
is_linear=0
shrinkage=0.05


Tree=4
num_leaves=63
num_cat=0
split_feature=0 12 12 0 0 0 0 12 12 12 12 0 12 0 0 0 0 0 12 12 0 0 0 12 0 12 12 12 12 0 0 12 0 0 12 0 12 0 0 0 0 12 0 0 12 0 0 10 0 0 0 12 0 12 13 2 10 0 10 10 2 2
split_gain=92340.5 44723 19314.8 11491.2 8873.08 8616.24 6631.85 4419.14 3013.02 2855.2 2677.04 2302 2116.42 1467.11 1309.5 1181.79 1036.02 1018.22 1006.57 1002.28 990.402 952.08 811.666 756.647 734.405 654.079 533.303 532.228 428.102 426.742 353.472 346.717 322.346 312.005 300.413 282.699 257.943 244.788 232.964 230.662 221.472 216.004 203.189 201.898 201.031 188.704 182.812 180.713 163.802 160.893 136.563 133.037 129.376 128.207 128.129 117.948 117.179 116.844 116.594 118.938 113.388 110.585
threshold=0.0018985094982703025 1.3750000000000002 1.3750000000000002 0.0013495331350436258 0.0031189993086482046 0.0013495331350436258 0.002844408806028429 1.8750000000000002 1.8750000000000002 1.1250000000000002 1.8750000000000002 0.0021721640144523042 1.1250000000000002 0.0016540609052391555 0.0016540609052391555 0.003915421770894518 0.001008675399579 0.0016540609052391555 1.1250000000000002 1.1250000000000002 0.0011385095547959822 0.0039644852554345843 0.0011385095547959822 2.2500000000000004 0.0021632176634864921 1.8750000000000002 2.2500000000000004 1.6250000000000002 2.2500000000000004 0.0015928053020944249 0.0011879484712433218 1.6250000000000002 0.0011385095547959822 0.0014875953953294139 1.6250000000000002 0.0025013595224032295 1.6250000000000002 0.0015854595510271252 0.001008675399579 0.0021288848598889063 0.0009643359574801752 1.1250000000000002 0.0010731675828695995 0.0025013595224032295 1.6250000000000002 0.0014875953953294139 0.0054811788933351487 14.208333333333334 0.0050724066129618156 0.0023671124247985884 0.0012818299446718867 1.6250000000000002 0.001502174174777132 2.2500000000000004 3.2500000000000004 0.11081959178938204 14.29166666666667 0.001502174174777132 14.958333333333334 15.375000000000002 -0.24098185384994153 -0.23105312835107442
decision_type=2 2 2 2 2 2 2 2 2 2 2 2 2 2 2 2 2 2 2 2 2 2 2 2 2 2 2 2 2 2 2 2 2 2 2 2 2 2 2 2 2 2 2 2 2 2 2 2 2 2 2 2 2 2 2 2 2 2 2 2 2 2
left_child=1 3 4 12 11 8 10 14 20 13 24 19 16 33 27 25 -1 45 35 -2 38 41 40 29 44 51 32 52 39 -9 -18 -22 -10 -5 -16 47 -26 -25 -3 -12 -14 -6 -28 56 -4 -11 -23 -13 -17 -30 -24 -8 -7 -27 -49 -15 -20 -29 -32 -60 -58 -56
right_child=2 5 6 9 21 7 15 23 26 17 28 18 22 55 34 48 30 -19 43 -21 31 46 50 37 36 53 42 57 49 -31 58 -33 -34 -35 -36 -37 -38 -39 -40 -41 -42 -43 -44 -45 -46 -47 -48 54 -50 -51 -52 -53 -54 -55 61 -57 60 -59 59 -61 -62 -63
leaf_value=-0.059571941723800974 -0.012292816042081968 -0.028869026024696161 -0.00028660256979995392 -0.02935799569775684 0.0031345766314899203 -0.011994342873611345 0.0085864546021862248 -0.0021680568932912047 -0.01479238235254389 -0.01922585115909559 0.0056227999212965264 -0.0071631593751110183 -0.046460952567710954 -0.017048649101489396 -0.0036674704975546584 0.015494520288367751 -0.044817210989921835 -0.0093049837675816018 -0.0014251710335530449 -0.0046631726117880605 -0.017430985547221424 0.010388825628527583 -0.027132624440118092 0.0029497926892343017 0.004122127108006665 0.0126169522558559 -0.0086745961995719888 -0.0067476065833736694 0.0098686031611548378 0.0026724051342915827 -0.035288963779697105 -0.010990769015058004 -0.0069963189511435464 -0.023707406168558806 0.00047345555508834011 -0.0022950036674305682 0.0070384423815928231 0.0066370655255590747 -0.020868925644976746 0.0089990649416566582 -0.034070099646580268 0.0071771716921968584 -0.0014299843051414319 0.0026167197500909459 0.0031851826376826336 -0.014830870424055585 0.015333195431472733 -0.0042574918639053565 0.018447080716880119 0.012526547105423639 -0.021321484665859269 0.011143547687063916 -0.0083967799954582038 0.015127630619133617 -0.029448295869294878 -0.035797973945648924 -0.021701423588551975 -0.003326896800395242 -0.047273096376880604 -0.022129660567829602 0.0048025249748298512 0.0080958043547661035
leaf_weight=7251 86077 14572 83326 42260 66157 47190 101894 77608 19421 42227 73657 72879 4798 86677 87616 142783 19495 87682 73921 86103 41752 76712 24718 75027 151540 101677 12066 47167 138941 110174 30070 41842 41789 57900 87580 101252 151748 112509 24233 161518 14519 66016 48915 101095 83459 57928 24719 8673 70006 96466 17107 101567 53123 101713 206 847 418 53032 3740 538 11666 4095
leaf_count=7251 86077 14572 83326 42260 66157 47190 101894 77608 19421 42227 73657 72879 4798 86677 87616 142783 19495 87682 73921 86103 41752 76712 24718 75027 151540 101677 12066 47167 138941 110174 30070 41842 41789 57900 87580 101252 151748 112509 24233 161518 14519 66016 48915 101095 83459 57928 24719 8673 70006 96466 17107 101567 53123 101713 206 847 418 53032 3740 538 11666 4095
internal_value=1.9781e-05 -0.00969448 0.00621861 -0.0219319 -0.000205907 -0.00357642 0.00943021 -0.000921966 -0.011727 -0.0175975 0.00678452 -0.00369292 -0.0352475 -0.0219591 -0.00475538 0.0134465 -0.0418292 -0.0132394 -0.00149147 -0.00847742 -0.0172718 0.00795 -0.0286709 0.00291543 0.00411572 0.0118674 -0.00617286 -0.00751462 0.00945044 0.000671901 -0.0394398 -0.0142074 -0.00946989 -0.0260915 -0.00159743 -0.00408464 0.00558128 0.00516191 -0.0238731 0.00794162 -0.0371478 0.00515372 -0.00286344 0.00110178 0.00145067 -0.0166839 0.0115938 -0.00619528 0.0164659 0.0109578 -0.0247558 0.00986295 -0.0100892 0.0138725 -0.000758383 -0.0172301 -0.000678972 -0.00493714 -0.0363877 -0.0441111 0.00388572 0.0062976
internal_weight=3.83366e+06 1.49337e+06 2.34028e+06 497757 779989 995616 1.5603e+06 751026 244590 375521 940655 546385 122236 187684 375708 619640 61094 187837 374205 172180 122399 233604 61142 375318 470073 406851 122191 200512 470582 187782 53843 83594 61210 100160 175196 187105 303288 187536 38805 235175 19317 132173 60981 187100 166785 100155 101431 85853 212789 235407 41825 203461 100313 203390 12974 87524 86005 100199 34348 4278 12084 4301
internal_count=3833657 1493373 2340284 497757 779989 995616 1560295 751026 244590 375521 940655 546385 122236 187684 375708 619640 61094 187837 374205 172180 122399 233604 61142 375318 470073 406851 122191 200512 470582 187782 53843 83594 61210 100160 175196 187105 303288 187536 38805 235175 19317 132173 60981 187100 166785 100155 101431 85853 212789 235407 41825 203461 100313 203390 12974 87524 86005 100199 34348 4278 12084 4301
is_linear=0
shrinkage=0.05


Tree=5
num_leaves=63
num_cat=0
split_feature=0 12 12 0 0 0 0 12 12 12 12 12 12 0 0 0 0 0 0 0 0 0 12 0 0 12 12 0 0 12 12 0 0 12 12 12 0 0 12 0 12 0 0 0 12 2 1 0 0 0 0 2 1 0 12 12 2 2 2 12 0 0
split_gain=83275.6 40391.4 17488.6 10264.2 7830.76 7555.45 5892.73 3976.15 2644.81 2627.89 2555 1940.49 1637.63 1619.94 1316.75 1198.61 979.107 935.207 932.529 858.582 858.149 698.399 687.831 630.549 531.557 523.401 510.181 493.2 407.41 384.167 361.404 314.516 305.38 289.524 286.873 272.514 266.375 262.595 250.098 224.726 216.702 216.065 214.863 198.269 183.503 130.4 167.411 125.859 121.092 116.992 114.586 112.351 111.184 110.389 109.947 102.136 101.877 133.904 99.1302 98.4322 93.2367 89.4165
threshold=0.0018985094982703025 1.3750000000000002 1.3750000000000002 0.0013495331350436258 0.0027966766662306602 0.0013495331350436258 0.0030944582388937928 1.8750000000000002 1.1250000000000002 1.8750000000000002 1.8750000000000002 1.1250000000000002 1.1250000000000002 0.0038236737695708498 0.0016540609052391555 0.0016540609052391555 0.0021721640144523042 0.0023393111815628509 0.0016272097149572227 0.001008675399579 0.0011385095547959822 0.001008675399579 2.2500000000000004 0.0039644852554345843 0.0023671124247985884 2.2500000000000004 1.6250000000000002 0.0021288848598889063 0.0016415101732956681 1.1250000000000002 1.8750000000000002 0.0010731675828695995 0.0011879484712433218 1.6250000000000002 2.2500000000000004 1.6250000000000002 0.0011879484712433218 0.0014875953953294139 1.6250000000000002 0.001008675399579 1.6250000000000002 0.0049396466154972788 0.0016272097149572227 0.0010731675828695995 2.2500000000000004 -0.088497070528345226 35.091302957738748 0.0014875953953294139 0.0049396466154972788 0.0021288848598889063 0.0032135989236693643 0.060794178471247497 69.536062509412531 0.0015345910591226287 1.6250000000000002 1.1250000000000002 0.00047997062867004688 -0.010419901354692474 0.11081959178938204 1.6250000000000002 0.001502174174777132 0.003188815239166832
decision_type=2 2 2 2 2 2 2 2 2 2 2 2 2 2 2 2 2 2 2 2 2 2 2 2 2 2 2 2 2 2 2 2 2 2 2 2 2 2 2 2 2 2 2 2 2 2 2 2 2 2 2 2 2 2 2 2 2 2 2 2 2 2
left_child=1 3 4 11 12 9 10 15 14 20 17 19 16 29 37 26 -2 35 47 56 39 -13 28 30 34 31 53 -14 -9 50 -8 -11 -21 -17 -12 49 -23 -5 -22 52 -19 55 -24 -27 -26 -18 -47 -10 -25 -4 -6 -34 59 -7 -41 -15 57 -1 -16 -3 -28 -31
right_child=2 5 6 8 13 7 23 22 18 25 24 21 27 41 58 33 45 40 -20 32 38 36 42 48 44 43 60 -29 -30 61 -32 -33 51 -35 -36 -37 -38 -39 -40 54 -42 -43 -44 -45 -46 46 -48 -49 -50 -51 -52 -53 -54 -55 -56 -57 -58 -59 -60 -61 -62 -63
leaf_value=-0.054426582828043857 -0.011665782426799838 -0.030937928035317537 -0.0006070260881751848 -0.027863164451603407 -0.00063017078700466098 -0.011164590681999504 0.010188182731919902 -0.0017334762772883705 -0.018230234727082583 -0.016347989427528364 0.0061890783955805854 -0.041786863480076375 -0.0048344384455080974 0.0070389529990536569 -0.016310204708092298 -0.0035772992287099259 -0.0025177150280064477 0.0050907100678401988 -0.0091797509405630202 -0.042576634076166117 -0.016100735346677979 -0.029844706318352555 0.0030888575966874442 0.014687232208939756 0.0096125395378541968 -0.008326154502394564 -0.0063004489928975621 0.0001425502422255629 0.0029248220739130958 0.0037744073728177316 0.013812582347069334 -0.007350959852910852 -0.034055144463527254 0.00048815091582942225 0.0094054065671591511 0.0039360361923815616 -0.022529946962034239 -0.022682088368077735 -0.010634262001381919 -0.022788266860579776 0.0078819734527828308 0.013396219794709514 0.0064754806798296141 -0.0011772816413031975 0.012251356144468699 -0.011294079574374831 -0.0051035770225233978 -0.014480750615726477 0.017185508391046267 0.0023975456963701812 0.0026968107517195521 -0.046524810981420438 -0.064042104068648062 -0.0078110316048958118 -0.016055106219351169 0.010678563017387753 -0.065748693185512561 -0.022254398515747592 -0.033559464220307526 -0.022641281432172724 -0.0032448543840760628 0.0067057840373766775
leaf_weight=4957 86089 7128 73505 42296 56098 57361 137765 94954 42103 12111 138738 7173 73504 38503 86731 87659 40768 139074 97673 19431 41969 19513 90081 123316 131725 12089 47216 154206 92819 53514 137355 49073 32697 87514 138574 131598 34366 57982 41726 12158 139065 39829 97556 49055 131802 12462 88335 47780 79950 57935 48046 1912 203 42885 12094 38600 1928 346 841 7172 52976 50624
leaf_count=4957 86089 7128 73505 42296 56098 57361 137765 94954 42103 12111 138738 7173 73504 38503 86731 87659 40768 139074 97673 19431 41969 19513 90081 123316 131725 12089 47216 154206 92819 53514 137355 49073 32697 87514 138574 131598 34366 57982 41726 12158 139065 39829 97556 49055 131802 12462 88335 47780 79950 57935 48046 1912 203 42885 12094 38600 1928 346 841 7172 52976 50624
internal_value=-5.10522e-06 -0.0092301 0.00588038 -0.0208606 -0.000229867 -0.00341687 0.00893697 -0.000930445 -0.0167619 -0.0110456 0.00689391 -0.0334392 -0.0044621 0.00569609 -0.0209554 -0.00456758 -0.00746092 0.00446499 -0.0125619 -0.0397255 -0.0162237 -0.0271303 0.00270863 0.013558 0.00932435 -0.00586236 -0.00720806 -0.001464 0.00056919 0.003052 0.0119977 -0.00913187 -0.0375604 -0.00154626 0.00779629 0.00232764 -0.0251791 -0.0248674 -0.0133754 -0.0223749 0.0064863 0.0104058 0.00484963 -0.00259071 0.0109323 -0.00490385 -0.00586894 -0.0162371 0.0156699 0.000717303 0.000904705 -0.034744 -0.0272984 -0.00972995 -0.0194306 0.00886105 -0.055906 -0.0523275 -0.0164759 -0.0267768 -0.00468482 0.00519942
internal_weight=3.83451e+06 1.49353e+06 2.34098e+06 497729 780578 995799 1.5604e+06 751021 375406 244778 1.08202e+06 122323 455364 325214 187850 375611 227654 541177 187556 61271 122450 61052 375410 478386 540839 122328 200438 227710 187773 208282 275120 61184 54040 175173 277312 263038 53879 100278 83695 38755 278139 116932 187637 61144 263527 141565 100797 89883 203266 131440 104144 34609 14503 100246 24252 77103 7231 5303 87572 14300 100192 104138
internal_count=3834508 1493528 2340980 497729 780578 995799 1560402 751021 375406 244778 1082016 122323 455364 325214 187850 375611 227654 541177 187556 61271 122450 61052 375410 478386 540839 122328 200438 227710 187773 208282 275120 61184 54040 175173 277312 263038 53879 100278 83695 38755 278139 116932 187637 61144 263527 141565 100797 89883 203266 131440 104144 34609 14503 100246 24252 77103 7231 5303 87572 14300 100192 104138
is_linear=0
shrinkage=0.05


Tree=6
num_leaves=63
num_cat=0
split_feature=0 12 12 0 0 0 0 12 12 12 0 12 0 12 0 12 0 0 0 12 0 12 0 12 0 0 12 12 12 12 0 12 12 12 0 0 0 0 12 0 0 12 0 0 0 10 2 2 0 0 1 13 12 0 12 0 1 0 4 10 12 0
split_gain=75162.6 33507.4 18542.6 9010.29 7862.6 6664.77 5781.87 3505.13 2477.99 2344.88 2209.36 2014.08 1414.44 1381.21 1164.73 1045.74 998.554 975.693 881.299 791.009 664.649 661.565 640.034 630.781 530.809 487.13 425.882 350.185 339.379 338.324 325.426 270.488 267.85 267.025 262.713 223.477 206.605 198.615 188.024 185.681 169.562 157.3 155.712 145.041 143.863 151.666 198.268 183.975 140.054 136.923 133.661 139.316 126.912 126.244 124.491 120.172 118.65 117.889 112.971 111.099 110.332 94.1027
threshold=0.0017984622199474407 1.3750000000000002 1.3750000000000002 0.0027966766662306602 0.001303203632956579 0.002707418880394984 0.0012818299446718867 1.8750000000000002 1.8750000000000002 1.1250000000000002 0.0021288848598889063 1.8750000000000002 0.0038236737695708498 1.1250000000000002 0.0036636380808820709 1.1250000000000002 0.0015488224211048101 0.0015488224211048101 0.0021288848598889063 1.1250000000000002 0.001008675399579 2.2500000000000004 0.0016272097149572227 1.8750000000000002 0.001008675399579 0.001008675399579 2.2500000000000004 1.1250000000000002 2.2500000000000004 1.6250000000000002 0.0015565082277982408 1.6250000000000002 1.6250000000000002 1.6250000000000002 0.0021458458611161679 0.0049396466154972788 0.0010731675828695995 0.0054811788933351487 1.6250000000000002 0.0015180913033894291 0.0014637866531192422 1.6250000000000002 0.0021543508036508357 0.0016864418517801465 0.0025013595224032295 14.375000000000002 -0.2280607228569389 -0.091645602692310368 0.0014406773548415175 0.003188815239166832 71.121218995969699 2.7500000000000004 2.2500000000000004 0.0011879484712433218 1.6250000000000002 0.0011879484712433218 45.187490510142432 0.001008675399579 17.59361288389491 14.875000000000002 1.1250000000000002 0.001990163005483049
decision_type=2 2 2 2 2 2 2 2 2 2 2 2 2 2 2 2 2 2 2 2 2 2 2 2 2 2 2 2 2 2 2 2 2 2 2 2 2 2 2 2 2 2 2 2 2 2 2 2 2 2 2 2 2 2 2 2 2 2 2 2 2 2
left_child=1 4 3 10 13 8 11 17 18 16 15 24 27 20 23 61 48 29 32 44 -1 30 40 54 -3 -15 34 49 36 59 -9 -19 -4 -26 -10 60 -13 41 -20 -23 -11 -16 -28 -18 45 -12 -47 50 -6 -5 51 -48 -25 -27 -7 -22 -50 -30 -46 -8 -14 -2
right_child=2 6 5 12 9 14 7 21 26 22 19 28 35 25 37 -17 43 31 38 -21 55 39 -24 52 33 53 42 -29 57 -31 -32 -33 -34 -35 -36 -37 -38 -39 -40 -41 -42 -43 -44 -45 58 46 47 -49 56 -51 -52 -53 -54 -55 -56 -57 -58 -59 -60 -61 -62 -63
leaf_value=-0.053571433708024398 -0.013658768748870002 -0.026296449947954315 -0.0013300946538357468 -0.00081807945015506967 -0.02813817029392119 0.006967036944595266 -0.010085855814708488 -0.0029495479029538665 0.0045845629895981234 -0.018039384799906653 -0.0068550311683038701 -0.015548610523005713 0.0063997613476670509 -0.039778537287001745 0.011303936112013307 -0.0055184757762106696 -0.02007666121904772 -0.0050808867984611259 0.0033822195463432594 0.00013405095261776571 -0.040075957782640032 0.0017326285292278195 -0.0094041185652299943 0.010758176812818824 -0.018851382870818306 -0.028661746837409182 0.0079533612407864992 0.0050458564131015335 -0.009627079046211056 -0.006210621135682705 0.0014236318210131961 -0.0012145314956745722 0.0021857392610419397 -0.012838198638012317 0.0078581336717183318 0.012898544612406807 -0.0078849379849957168 0.017095440757546841 0.0059854905486080136 0.0050952590414205931 -0.013948195285584259 0.014353776108268322 0.01046926032749073 -0.016048870389787081 0.002603227299605335 -0.026383055931549285 0.0023621977188961994 -0.0033209910987082539 -0.027475402045666866 0.0028098462683537775 -0.029766342621676781 0.023237442477212444 0.013167612584489584 -0.023163126767454561 0.0093555634379976754 -0.034700997037638105 -0.021510598584942073 -0.0026507927233453909 -0.0038239779358647101 -0.015566310426734698 0.01017760763510202 -0.010644495021890216
leaf_weight=7291 65506 14517 108365 53563 39356 109079 68851 82121 113258 46674 85300 12110 38592 7223 56392 108248 49903 90489 138817 153786 19508 69309 62807 109421 36840 19515 115533 103959 7239 79572 88260 90455 108323 37009 133567 39917 32121 49254 138626 100701 55372 168920 131500 40483 7989 733 1603 9137 13527 50554 196 1594 109190 22444 109133 22271 21730 37046 47412 10682 38714 42817
leaf_count=7291 65506 14517 108365 53563 39356 109079 68851 82121 113258 46674 85300 12110 38592 7223 56392 108248 49903 90489 138817 153786 19508 69309 62807 109421 36840 19515 115533 103959 7239 79572 88260 90455 108323 37009 133567 39917 32121 49254 138626 100701 55372 168920 131500 40483 7989 733 1603 9137 13527 50554 196 1594 109190 22444 109133 22271 21730 37046 47412 10682 38714 42817
internal_value=-9.31373e-06 -0.00986716 0.00496187 -0.00106932 -0.021291 0.00797722 -0.00416264 -0.00206911 0.00532019 -0.0175929 -0.00512506 -0.0122161 0.00546777 -0.0337066 0.0116673 -0.0089941 -0.0218067 -0.00565953 0.00281683 -0.00240232 -0.0396417 0.00151771 -0.0133753 0.0100633 -0.0175561 -0.0277851 0.00782494 0.0029931 -0.00688528 -0.00851571 -0.000684173 -0.00314807 0.000427482 -0.0158379 0.00635602 0.00986041 -0.00998317 0.0142192 0.00468296 0.0037244 -0.0158194 0.0135904 0.00929262 -0.0182727 -0.00493576 -0.00608163 -0.00110758 0.000371029 -0.0260878 0.00094346 0.0103133 0.0127704 0.0119616 -0.0257205 0.0081616 -0.0372107 -0.0237991 -0.00379116 -0.00289715 -0.0108219 0.00829167 -0.0124673
internal_weight=3.83442e+06 1.28543e+06 2.549e+06 849620 428104 1.69938e+06 857322 680440 987989 329852 524321 176882 325299 98252 711389 216571 164999 340049 494131 307750 49070 340391 164853 436823 88366 49182 493858 208076 88516 159105 170381 180944 216688 73849 246825 117223 44231 274566 277443 170010 102046 225312 247033 90386 153964 98563 13263 12530 74613 104117 3393 3197 218611 41959 218212 41779 35257 44285 55401 79533 77306 108323
internal_count=3834424 1285426 2548998 849620 428104 1699378 857322 680440 987989 329852 524321 176882 325299 98252 711389 216571 164999 340049 494131 307750 49070 340391 164853 436823 88366 49182 493858 208076 88516 159105 170381 180944 216688 73849 246825 117223 44231 274566 277443 170010 102046 225312 247033 90386 153964 98563 13263 12530 74613 104117 3393 3197 218611 41959 218212 41779 35257 44285 55401 79533 77306 108323
is_linear=0
shrinkage=0.05


Tree=7
num_leaves=63
num_cat=0
split_feature=0 12 12 0 0 0 0 12 0 12 12 12 12 0 0 0 12 12 0 0 0 12 12 0 0 0 0 12 0 12 12 12 12 0 0 0 0 12 0 0 0 12 12 10 0 0 0 12 10 0 2 12 10 10 2 2 1 13 1 1 1 0
split_gain=67818.3 32059.1 15158.5 8151.93 6823.78 5927.42 5113.92 3450.69 2011.3 2004.48 1869.62 1831.79 1631.84 1124.72 1070.41 988.364 821.49 795.686 743.735 679.449 671.443 621.704 602.952 587.994 521.478 508.917 380.784 321.968 320.05 313.287 307.433 245.427 244.795 239.661 213.327 208.058 198.514 197.649 184.369 174.647 166.464 161.572 150.005 149.289 148.524 147.176 139.096 124.234 116.43 115.708 108.483 108.035 105.787 104.954 104.929 162.868 103.994 102.081 108.67 101.466 100.984 100.729
threshold=0.0018693424642512268 1.3750000000000002 1.3750000000000002 0.0013495331350436258 0.0031189993086482046 0.0012918762877543839 0.002707418880394984 1.8750000000000002 0.0021721640144523042 1.1250000000000002 1.8750000000000002 1.8750000000000002 1.1250000000000002 0.0015700258430484304 0.0037787255163597294 0.0016340989071323934 1.1250000000000002 1.1250000000000002 0.001008675399579 0.0038236737695708498 0.001679643037417551 2.2500000000000004 1.8750000000000002 0.0011385095547959822 0.001008675399579 0.0021215098360134067 0.0015854595510271252 2.2500000000000004 0.001008675399579 1.6250000000000002 1.6250000000000002 1.6250000000000002 2.2500000000000004 0.0011879484712433218 0.0015854595510271252 0.0025013595224032295 0.0048247459680383674 1.6250000000000002 0.0009643359574801752 0.0014875953953294139 0.001502174174777132 1.1250000000000002 1.6250000000000002 14.375000000000002 0.0052670062413734051 0.0021055437329205672 0.0025013595224032295 2.2500000000000004 14.958333333333334 0.003188815239166832 0.046956411045585698 2.2500000000000004 14.875000000000002 14.708333333333334 -0.021163970903416367 -0.23105312835107442 67.060492346547036 2.2500000000000004 71.65879873656769 28.375630984280814 67.793000874229165 0.0016726944873805833
decision_type=2 2 2 2 2 2 2 2 2 2 2 2 2 2 2 2 2 2 2 2 2 2 2 2 2 2 2 2 2 2 2 2 2 2 2 2 2 2 2 2 2 2 2 2 2 2 2 2 2 2 2 2 2 2 2 2 2 2 2 2 2 2
left_child=1 3 4 12 8 11 10 13 16 15 25 24 18 29 22 39 -2 35 -1 41 40 26 49 38 -3 42 53 45 60 52 61 -26 -30 50 -23 43 -21 -27 -14 -5 -11 -6 -4 -10 51 -12 -19 -24 -35 -8 -20 -16 -7 -9 55 -45 -38 -57 -59 -50 -13 -15
right_child=2 5 6 9 19 7 14 21 17 20 27 28 23 30 44 -17 -18 46 33 36 -22 34 47 -25 31 37 -28 -29 32 -31 -32 -33 -34 48 -36 -37 56 -39 -40 -41 -42 -43 -44 54 -46 -47 -48 -49 59 -51 -52 -53 -54 -55 -56 57 -58 58 -60 -61 -62 -63
leaf_value=-0.051116771913484904 -0.010883997527989037 -0.024957865338235477 -0.00062803581113390797 -0.025031119904561541 0.0021496591566566724 -0.0092237910082514415 0.0069816709678593991 -0.0016341736662193373 -0.0062358503789754112 -0.016236580703215937 0.0045829625030125816 -0.012572552052321656 -0.04027512229465003 -0.0063064398349441013 0.012392076751037338 -0.015200663697496558 -0.0043382473585276355 -0.00048696708616061514 -0.039870864219066146 0.0077650197034708811 -0.0076708466891167032 0.0022060574849805275 0.010351516520003724 -0.021196265528284394 -0.017436368541654996 0.0030847095615011517 0.0020476972504143891 0.0090605289709032883 -0.0078762221343276467 -0.005615842288100365 -0.00042979046456420627 -0.011859150536078823 -0.0022991985438614469 -0.030452980585593571 0.0055450327008279357 -0.0020807999125508235 0.010858340726615441 0.0057301393397832167 -0.028943824542437636 -0.020674382760583046 -0.012308676951835537 0.0058697218804369365 0.0024168297822790515 -0.021204259531544662 0.015961316993385478 0.007296136728505276 0.0022487358124273463 0.012654922697095106 -0.07457567456456804 0.0092414847989914766 -0.028428687265488146 0.01518515723028281 -0.014425835848270575 -0.0061736759160511516 -0.0046846697647149795 -0.0024275768490725643 0.017067400994058776 0.015253081258682303 -0.023059812021739595 -0.037572617769429731 -0.042631413382396371 -0.0030926754263548503
leaf_weight=7235 95840 14526 81033 42322 58523 73528 137519 74372 74705 47282 75937 14252 4765 37404 138315 85093 95887 85885 17101 72086 67806 89619 117210 41936 39469 141072 102642 222203 39339 84686 107526 39433 39365 30262 102604 101215 36915 141353 14555 50391 62800 58230 80764 536 59648 146241 101229 116943 194 96319 2357 46180 11271 15363 5898 1619 8251 3059 197 4113 285 70032
leaf_count=7235 95840 14526 81033 42322 58523 73528 137519 74372 74705 47282 75937 14252 4765 37404 138315 85093 95887 85885 17101 72086 67806 89619 117210 41936 39469 141072 102642 222203 39339 84686 107526 39433 39365 30262 102604 101215 36915 141353 14555 50391 62800 58230 80764 536 59648 146241 101229 116943 194 96319 2357 46180 11271 15363 5898 1619 8251 3059 197 4113 285 70032
internal_value=4.0404e-06 -0.00859977 0.00514282 -0.0191688 -0.000476893 -0.00331132 0.00795165 -0.00137134 -0.00344579 -0.0153375 0.00542169 -0.0113038 -0.030292 -0.00472125 0.0111085 -0.0190918 -0.00761032 -0.00131284 -0.0360622 0.00670501 -0.0115849 0.00197723 0.00970841 -0.0245213 -0.0162518 0.0031278 -3.2245e-05 0.00771475 -0.00634576 -0.00776696 -0.00231988 -0.014649 -0.00508679 -0.0340461 0.00398832 -0.00361732 0.00939351 0.00440874 -0.0317385 -0.0226632 -0.0139958 0.00400502 0.000891866 -0.00542538 0.0137924 0.00636882 0.000993053 0.0115019 -0.0315477 0.0079125 -0.0384848 0.0130912 -0.00991522 -0.00241136 -7.15819e-05 0.00495669 0.0119926 0.00783306 0.012935 -0.0392393 -0.0131619 -0.00421155
internal_weight=3.83474e+06 1.43393e+06 2.40081e+06 478212 800075 955716 1.60074e+06 769047 566070 355694 888603 186669 122518 384447 712134 177806 191727 374343 61262 234005 177888 384600 467991 61256 93428 444222 192377 444381 93241 169485 214962 78902 78704 54027 192223 187229 117252 282425 19320 92713 110082 116753 161797 86014 244143 222178 187114 234153 34569 233838 19458 184495 84799 89735 11309 5411 45166 4875 3256 4307 14537 107436
internal_count=3834740 1433928 2400812 478212 800075 955716 1600737 769047 566070 355694 888603 186669 122518 384447 712134 177806 191727 374343 61262 234005 177888 384600 467991 61256 93428 444222 192377 444381 93241 169485 214962 78902 78704 54027 192223 187229 117252 282425 19320 92713 110082 116753 161797 86014 244143 222178 187114 234153 34569 233838 19458 184495 84799 89735 11309 5411 45166 4875 3256 4307 14537 107436
is_linear=0
shrinkage=0.05


Tree=8
num_leaves=63
num_cat=0
split_feature=0 12 12 0 0 0 12 0 12 0 12 12 0 0 12 0 0 12 12 0 0 0 0 12 0 0 0 12 0 12 0 0 12 12 12 12 12 0 0 12 12 12 12 2 0 2 4 0 2 2 0 0 12 0 2 0 4 3 2 2 0 0
split_gain=61560.9 26047.1 16707.9 8328.03 6349.23 5495.81 4180.71 2635.9 2032.03 1808.59 1803.99 1520.36 1480.84 1356.27 1103.99 954.328 667.607 599.764 565.012 552.249 526.731 524.26 488.621 402.8 398.255 390.156 372.934 353.85 314.345 290.285 279.193 277.859 238.743 232.682 230.819 229.612 185.873 175.759 163.079 140.041 131.617 125.236 122.422 122.015 118.677 117.246 116.715 115.965 111.915 103.663 101.962 101.209 100.594 97.8416 115.887 96.2047 96.7308 111.125 96.3304 92.7433 81.663 81.5136
threshold=0.001734641428880497 1.3750000000000002 1.3750000000000002 0.0025338930482077817 0.0025013595224032295 0.0012818299446718867 1.8750000000000002 0.0012818299446718867 1.8750000000000002 0.0035173918394614738 1.1250000000000002 1.1250000000000002 0.0012019726205368868 0.0033134739069986302 1.1250000000000002 0.0020802182649020543 0.0014875953953294139 1.8750000000000002 2.2500000000000004 0.0021130946099905648 0.0015565082277982408 0.0020966297214181913 0.0009643359574801752 1.1250000000000002 0.001008675399579 0.001502174174777132 0.001008675399579 2.2500000000000004 0.0045284160937587468 1.6250000000000002 0.0015180913033894291 0.0049396466154972788 2.2500000000000004 1.6250000000000002 1.6250000000000002 1.8750000000000002 1.6250000000000002 0.0020393868797886588 0.0014172690216462172 1.6250000000000002 2.2500000000000004 1.1250000000000002 1.6250000000000002 0.11081959178938204 0.0020393868797886588 -0.029740890623773514 26.206155491292993 0.0031425633854430608 0.11081959178938204 0.11081959178938204 0.001008675399579 0.0031189993086482046 1.6250000000000002 0.0011385095547959822 0.052191455803375093 0.0016864418517801465 38.141116893721438 -0.00042264922231487358 0.013455646140861194 0.060794178471247497 0.0072247202833960441 0.00091973830483267518
decision_type=2 2 2 2 2 2 2 2 2 2 2 2 2 2 2 2 2 2 2 2 2 2 2 2 2 2 2 2 2 2 2 2 2 2 2 2 2 2 2 2 2 2 2 2 2 2 2 2 2 2 2 2 2 2 2 2 2 2 2 2 2 2
left_child=1 5 3 11 8 14 7 24 19 23 16 15 32 17 22 43 -7 42 30 33 29 48 45 47 52 -12 -16 37 35 -9 -14 41 50 49 -26 -15 -22 -10 -20 -21 -19 -11 -6 -2 -29 -1 -17 -5 -13 -4 -8 -25 -3 54 -24 56 57 58 -18 -55 -33 -47
right_child=2 6 4 9 13 10 12 20 27 31 25 21 18 28 26 46 55 40 38 39 36 -23 53 51 34 -27 -28 44 -30 -31 -32 60 -34 -35 -36 -37 -38 -39 -40 -41 -42 -43 -44 -45 -46 61 -48 -49 -50 -51 -52 -53 -54 59 -56 -57 -58 -59 -60 -61 -62 -63
leaf_value=-0.042127182035154954 -0.011889505664741631 -0.02738417550467627 -0.0012524926260780824 -0.0017145305734161281 0.0053507604754826753 -0.025060330864034905 -0.016349522208867279 -0.0097749199967385719 0.0034558431678659296 0.0050559816304798187 -0.01606537781734714 -0.0052893809991209559 -0.0034314194911932005 0.009754786387758483 -0.035989151190255385 -0.0041832588494803606 -0.019898415678516763 0.0088199471925782917 0.00042522680251832101 0.0022829724666213174 -0.005303132508839653 -0.00075680782834845392 -0.039189821357022925 0.0022111108712459535 -0.016945176113337443 -0.010876484840817446 -0.023621261957629792 0.0065047461997316761 0.014302375821435346 -0.0055708195467420677 0.00071819273556202349 0.010665822406584431 -0.0048104004378177381 0.0016195926139958381 -0.0113514050721523 0.012703718094127101 -0.0015341586191451387 0.0062377813679976761 0.0038239156984666515 0.0048842206128532784 0.011143308821697664 0.0083145569529332313 0.0075933840945274257 -0.02619630167390288 0.0087910756238052806 -0.065703025402940138 -0.00729135082762948 0.0016305607394021208 -0.018540580787295157 -0.013524447200102012 -0.0095037684735425343 0.0052694321526166217 -0.019056127689665577 -0.032336200568704898 -0.01734986695658973 -0.014928475455938339 -0.013488105616389356 -0.017742465115030203 -0.026031137500083675 -0.045657065266210356 0.017515426848009448 -0.049074498950914147
leaf_weight=1915 114132 7233 124239 96429 121619 59298 7239 82110 103077 58838 64178 118978 84265 132023 7304 61007 19157 121941 51895 103551 65485 115822 13973 93911 36853 83179 36826 102973 121499 82130 78108 34767 29255 125452 36914 132014 65364 126395 110340 103412 121885 59106 121795 1510 126466 1591 59825 35428 1615 1745 21877 37997 7271 23378 635 17900 7074 34579 9618 1384 4974 1373
leaf_count=1915 114132 7233 124239 96429 121619 59298 7239 82110 103077 58838 64178 118978 84265 132023 7304 61007 19157 121941 51895 103551 65485 115822 13973 93911 36853 83179 36826 102973 121499 82130 78108 34767 29255 125452 36914 132014 65364 126395 110340 103412 121885 59106 121795 1510 126466 1591 59825 35428 1615 1745 21877 37997 7271 23378 635 17900 7074 34579 9618 1384 4974 1373
internal_value=-5.34649e-06 -0.00968639 0.00414091 -0.00143982 0.00692908 -0.0203269 -0.00436346 -0.00805467 0.00402448 0.00367107 -0.0170501 -0.00599477 -0.000668575 0.00998189 -0.0312641 -0.00882948 -0.0209566 0.00822861 0.000649849 0.00166986 -0.00578708 -0.00315935 -0.0368449 0.00113854 -0.0156352 -0.0131364 -0.0256683 0.00637646 0.0121977 -0.00767261 -0.00143529 0.00790731 -0.00800049 9.53425e-05 -0.014146 0.0112292 -0.00342039 0.00498816 0.00273676 0.00358272 0.00998136 0.00668897 0.00647288 -0.0120763 0.00776496 -0.0517701 -0.0057221 -0.000815755 -0.00546684 -0.00142247 -0.0112058 0.00309208 -0.0232092 -0.0349952 -0.0382405 -0.0182016 -0.0190335 -0.0196527 -0.0219483 -0.0330807 0.0115231 -0.0580003
internal_weight=3.83413e+06 1.1497e+06 2.68442e+06 894339 1.79009e+06 383362 766339 383360 917310 421450 294983 472889 382979 872776 88379 236474 147626 487240 324608 458399 295089 236415 44249 263765 88271 147357 44130 458911 385536 164240 162373 157685 58371 251436 73767 264037 130849 229472 162235 206963 243826 117944 243414 115642 229439 4879 120832 131857 120593 125984 29116 131908 14504 39370 14608 88328 70428 63354 28775 24762 39741 2964
internal_count=3834126 1149701 2684425 894339 1790086 383362 766339 383360 917310 421450 294983 472889 382979 872776 88379 236474 147626 487240 324608 458399 295089 236415 44249 263765 88271 147357 44130 458911 385536 164240 162373 157685 58371 251436 73767 264037 130849 229472 162235 206963 243826 117944 243414 115642 229439 4879 120832 131857 120593 125984 29116 131908 14504 39370 14608 88328 70428 63354 28775 24762 39741 2964
is_linear=0
shrinkage=0.05


Tree=9
num_leaves=63
num_cat=0
split_feature=0 12 12 0 0 0 12 0 12 0 12 12 0 12 0 0 0 12 0 0 0 12 0 12 0 0 12 0 12 0 12 12 12 0 0 12 0 0 0 0 12 0 12 0 0 2 10 0 4 10 10 2 10 10 4 10 10 2 2 2 0 12
split_gain=55857.1 23449.6 15156.3 7593.67 5674.23 4833.5 3841.1 2480.5 1900.84 1731.96 1619.16 1371.12 1274.67 1063.5 1046.95 798.521 626.115 558.818 507.462 488.462 481.104 466.213 432.318 410.014 367.72 363.006 333.985 320.847 225.524 220.891 215.097 210.631 210.238 201.218 185.481 165.076 162.897 153.163 151.348 146.915 141.279 135.533 133.442 130.939 129.351 127.2 215.486 119.949 113.815 109.84 108.946 107.818 113.665 107.643 105.084 103.776 133.755 103.599 99.7713 120.305 98.4249 96.6818
threshold=0.001734641428880497 1.3750000000000002 1.3750000000000002 0.0025013595224032295 0.0025822329228932469 0.001303203632956579 1.8750000000000002 0.0012818299446718867 1.8750000000000002 0.0037787255163597294 1.1250000000000002 1.1250000000000002 0.0012150028078286152 1.1250000000000002 0.0036987065471916509 0.0021215098360134067 0.0021130946099905648 1.8750000000000002 0.0009643359574801752 0.001502174174777132 0.0015256246482228707 2.2500000000000004 0.0020723286934552694 1.1250000000000002 0.001008675399579 0.0010731675828695995 2.2500000000000004 0.001502174174777132 2.2500000000000004 0.0015180913033894291 1.6250000000000002 1.6250000000000002 1.6250000000000002 0.0031425633854430608 0.0021458458611161679 1.6250000000000002 0.0054811788933351487 0.0048247459680383674 0.0031189993086482046 0.0031189993086482046 1.6250000000000002 0.0014800148071994776 2.2500000000000004 0.0021288848598889063 0.0011385095547959822 0.11081959178938204 14.208333333333334 0.0011720809903882426 36.945603729111419 14.79166666666667 14.29166666666667 0.11081959178938204 14.375000000000002 15.375000000000002 12.2248764083651 14.458333333333334 11.04166666666667 0.052191455803375093 -0.23105312835107442 -0.027798695973169814 0.001008675399579 1.6250000000000002
decision_type=2 2 2 2 2 2 2 2 2 2 2 2 2 2 2 2 2 2 2 2 2 2 2 2 2 2 2 2 2 2 2 2 2 2 2 2 2 2 2 2 2 2 2 2 2 2 2 2 2 2 2 2 2 2 2 2 2 2 2 2 2 2
left_child=1 5 3 11 8 13 7 25 16 23 20 15 28 18 17 45 30 39 -1 32 54 29 51 33 -15 -3 34 -12 60 -14 -4 -21 -9 -5 -10 -27 -11 61 -25 -6 -18 -23 -19 -28 57 49 -47 -26 -22 -2 -24 -13 -53 -17 -7 56 -38 -20 -52 -60 -8 -16
right_child=2 6 4 9 14 10 12 19 26 36 27 22 21 24 37 53 40 42 44 31 48 41 50 38 47 35 43 -29 -30 -31 -32 -33 -34 -35 -36 -37 55 -39 -40 -41 -42 -43 -44 -45 -46 46 -48 -49 -50 -51 58 52 -54 -55 -56 -57 -58 -59 59 -61 -62 -63
leaf_value=-0.049522346578793328 -0.011536210052806358 -0.020286946122686392 -0.0013281861438204324 -0.0016780992258998342 0.0059524598103887442 -0.016445320636639758 -0.015208883152869973 -0.0098463393678429132 0.0037309444453534572 0.0075079589276015593 -0.015070385161608286 -0.005137625380476637 -0.003064207884488134 -0.034136416335804866 0.0094026541846799327 -0.005427343658722307 0.0024880399944897332 0.0089682383362384242 -0.037194211766227524 -0.0054964381214210141 -0.017775437993618855 0.00089990090417436204 -0.0016114174742013151 0.0020589392665301544 -0.025146893494381019 -0.015631330734008436 0.0064863568783850509 -0.010255022893918997 -0.004130913671091206 0.00064989619302879039 0.0015961681249011012 -0.0019417975985844571 -0.0058004959827405366 0.0020980365888109529 0.0064865990603721075 -0.010557550178131696 0.013546035489392797 0.013982160053882663 0.0052972542492106386 0.0083616017145674969 0.0049067364714057687 0.0038354282431924758 0.011193764354727576 0.0087959042508827662 -0.030529283981528484 -0.010998393799647267 -0.046698573549118272 -0.019690372592662004 -0.011812821632779779 -0.0069229621972320028 -0.014363260595914494 -0.0085195357041328544 -0.037775336801424829 0.0097189884755223763 -0.023491169878388569 0.028732376117197107 0.0047922226132564773 -0.016619134825887158 0.0086497694300948277 -3.7228772790817094e-05 -0.0085749631621966933 0.012123791716389238
leaf_weight=4811 112052 24133 125839 103925 167940 5794 7256 64220 135888 97206 59114 111589 82125 7184 43495 99719 120742 134778 13888 83419 66458 69469 99181 101156 16883 32040 130598 83391 31734 78105 125682 83279 64218 53409 110901 32084 18021 90278 56086 101546 120757 90600 134640 115773 29663 1128 676 24965 9099 14582 817 941 513 1187 61061 899 5758 640 6773 9684 24369 130826
leaf_count=4811 112052 24133 125839 103925 167940 5794 7256 64220 135888 97206 59114 111589 82125 7184 43495 99719 120742 134778 13888 83419 66458 69469 99181 101156 16883 32040 130598 83391 31734 78105 125682 83279 64218 53409 110901 32084 18021 90278 56086 101546 120757 90600 134640 115773 29663 1128 676 24965 9099 14582 817 941 513 1187 61061 899 5758 640 6773 9684 24369 130826
internal_value=9.60941e-06 -0.00921077 0.00395878 -0.0013525 0.00661578 -0.0193156 -0.00416593 -0.00770538 0.00407451 0.0033689 -0.0160206 -0.00584359 -0.000628925 -0.0288919 0.00973481 -0.00857774 0.00187904 0.00847014 -0.0341013 -0.00550609 -0.0197911 0.000652881 -0.00311127 0.00140835 -0.0236858 -0.0150599 0.00626935 -0.0122525 -0.00710885 -0.00125375 0.000133078 -0.00372061 -0.00782345 -0.000396243 0.00496927 -0.0130927 0.00842896 0.0123105 0.003214 0.00686026 0.00369746 0.00256143 0.0100804 0.00757164 -0.0324224 -0.0111928 -0.0243761 -0.0218917 -0.0170574 -0.011005 -0.000973186 -0.00531389 -0.0188416 -0.00524917 -0.0228805 0.0120568 0.0114263 -0.0362878 0.0026913 0.00353797 -0.010097 0.0114448
internal_weight=3.83499e+06 1.15e+06 2.68498e+06 895302 1.78968e+06 382951 767051 383393 986180 436460 284917 458842 383658 98034 803503 229344 493020 538904 49002 295136 142412 320299 229498 314576 49032 88257 493160 142505 63359 160230 251521 166698 128438 157334 246789 64124 121884 264599 157242 269486 241499 160069 269418 246371 44191 128438 1804 41848 75557 126634 116455 113043 1454 100906 66855 24678 23779 14528 17274 16457 31625 174321
internal_count=3834987 1150002 2684985 895302 1789683 382951 767051 383393 986180 436460 284917 458842 383658 98034 803503 229344 493020 538904 49002 295136 142412 320299 229498 314576 49032 88257 493160 142505 63359 160230 251521 166698 128438 157334 246789 64124 121884 264599 157242 269486 241499 160069 269418 246371 44191 128438 1804 41848 75557 126634 116455 113043 1454 100906 66855 24678 23779 14528 17274 16457 31625 174321
is_linear=0
shrinkage=0.05


Tree=10
num_leaves=63
num_cat=0
split_feature=0 12 12 0 0 0 0 12 12 12 12 12 0 12 0 0 0 0 0 0 0 0 12 0 0 0 0 0 12 12 12 12 2 12 12 12 12 12 12 0 0 12 10 10 1 0 12 0 0 0 2 3 10 2 1 2 0 12 0 1 3 8
split_gain=50226.4 24212.6 10535.8 6282.51 4851.2 4711.13 3737.51 2157.84 1880.2 1557.09 1530.9 1228.72 993.275 928.294 786.989 717.871 613.725 610.993 561.111 521.927 506.311 504.029 387.112 379.04 360.933 325.67 276.414 225.824 222.671 215.947 205.984 184.191 182.371 182.353 180.717 178.339 169.643 169.368 168.793 163.625 143.657 130.892 125.866 125.203 146.182 121.528 120.256 116.961 116.667 114.638 113.49 154.825 132.947 128.629 107.604 127.199 99.9002 96.1136 95.8625 91.6848 89.6818 88.697
threshold=0.0018985094982703025 1.3750000000000002 1.3750000000000002 0.0013665449845959991 0.0027966766662306602 0.001400463343342561 0.0030944582388937928 1.8750000000000002 1.8750000000000002 1.1250000000000002 1.8750000000000002 1.1250000000000002 0.0038236737695708498 1.1250000000000002 0.0011720809903882426 0.0016540609052391555 0.001008675399579 0.0021721640144523042 0.0016540609052391555 0.0016540609052391555 0.0023765010702893178 0.0011385095547959822 2.2500000000000004 0.0011879484712433218 0.0040185402417233463 0.0023671124247985884 0.0021288848598889063 0.0012701775808214341 1.8750000000000002 1.6250000000000002 1.1250000000000002 1.6250000000000002 0.11081959178938204 2.2500000000000004 2.2500000000000004 1.6250000000000002 1.6250000000000002 2.2500000000000004 1.6250000000000002 0.0016540609052391555 0.0054811788933351487 1.6250000000000002 14.458333333333334 14.375000000000002 41.889084876719544 0.0014637866531192422 2.2500000000000004 0.0016415101732956681 0.0009643359574801752 0.0009643359574801752 -0.091645602692310368 0.0062305637139357575 14.875000000000002 -0.2280607228569389 45.556963072441853 0.014191359642121528 0.0025448478105859628 1.1250000000000002 0.0012818299446718867 27.926331054869738 -0.001465364114670553 0.002553131959838412
decision_type=2 2 2 2 2 2 2 2 2 2 2 2 2 2 2 2 2 2 2 2 2 2 2 2 2 2 2 2 2 2 2 2 2 2 2 2 2 2 2 2 2 2 2 2 2 2 2 2 2 2 2 2 2 2 2 2 2 2 2 2 2 2
left_child=1 3 4 11 13 8 10 18 14 15 20 16 30 17 35 45 -1 61 29 -11 36 48 39 34 28 37 -15 42 -8 -7 -6 -16 38 -25 -10 49 -4 -12 -20 -9 57 -22 -18 56 59 -5 -27 -24 -13 -3 51 53 -52 60 55 -47 -19 -14 -23 -45 -46 -2
right_child=2 5 6 9 12 7 24 22 23 19 25 21 40 26 31 -17 27 43 32 -21 41 58 47 33 -26 46 -28 -29 -30 -31 -32 -33 -34 -35 -36 -37 -38 -39 -40 -41 -42 -43 -44 44 50 54 -48 -49 -50 -51 52 -53 -54 -55 -56 -57 -58 -59 -60 -61 -62 -63
leaf_value=-0.04405032477307351 -0.0083301250880885355 -0.02696944787966046 0.0007454411236431863 -0.02171706531388146 0.00084115416758777535 -0.0069979171579180382 0.0080974056904162799 -0.00082310947645081699 -0.010233683571340597 -0.012095763775453971 0.0047621351670442879 -0.034246561842072351 0.0056451059269617514 -0.0037829251304769187 -0.011431392534240525 -0.012787840760491352 -0.029147077391206672 -0.005321999038275016 -0.0025901223057485864 -0.006742910739184288 0.0039067001943202846 -0.020016909540040234 0.0026833303936393757 -0.004232514459869708 0.012291634136425979 0.007382803747185961 -5.2588602366752458e-05 -0.024974958178862722 0.010890487406049735 -0.0034414991289139739 0.0039835973596046457 -0.0072174725045668466 -0.017353784256287058 6.0718349564772043e-05 -0.0044168061548925412 -0.014012517124258266 0.0031943161218794588 0.0072308784596247224 0.00052855579885853488 0.0022548637029171539 0.011552014819051382 0.0061592500599864757 -0.035595114168490573 0.0093760035604449881 0.028075420537165236 -0.018062827068913833 0.0095181483619881952 0.0052908903980561457 -0.025250618353223536 -0.018358488436735276 0.0059684590800305887 -0.020300423034071629 -0.0061165042807266763 0.015531962611246725 -0.016208152813512598 -0.025665588362731053 -0.0022734779337053057 0.0088731906935067984 -0.015477375446792348 -0.010104850444584767 -0.022628347229609637 -0.012435215843108804
leaf_weight=7261 69491 4829 141308 29670 104259 85287 142939 85377 26633 94946 138759 4787 46051 73323 51807 87460 23121 83018 86716 87511 128876 24703 80278 49574 192887 131790 153876 24495 142490 85448 104333 51921 1728 49360 26777 24294 141572 139136 86830 87357 24743 129092 11251 705 112 18340 131947 92620 14585 19365 4283 403 4856 3569 39371 7859 39737 46184 21975 4215 394 16232
leaf_count=7261 69491 4829 141308 29670 104259 85287 142939 85377 26633 94946 138759 4787 46051 73323 51807 87460 23121 83018 86716 87511 128876 24703 80278 49574 192887 131790 153876 24495 142490 85448 104333 51921 1728 49360 26777 24294 141572 139136 86830 87357 24743 129092 11251 705 112 18340 131947 92620 14585 19365 4283 403 4856 3569 39371 7859 39737 46184 21975 4215 394 16232
internal_value=-2.47924e-06 -0.00716651 0.00456892 -0.0161767 -0.000177068 -0.00266836 0.00694005 -0.000386675 -0.00784995 -0.0127956 0.00531362 -0.0255172 0.0044811 -0.00351594 -0.0117802 -0.0160585 -0.0303351 -0.00577724 -0.00317795 -0.0095284 0.00343193 -0.0206936 0.00240764 -0.00392302 0.0106208 0.00719259 -0.00125646 -0.0286434 0.00949175 -0.00521803 0.00241293 -0.00932212 -0.0011907 -0.00209054 -0.0073174 -0.0170386 0.00197102 0.00599818 -0.00102976 0.000733518 0.008169 0.00503392 -0.0312577 -0.00375677 7.34038e-05 -0.0190619 0.00845111 0.00408018 -0.0274736 -0.0200772 0.00274235 0.00926337 -0.000452876 0.0121871 -0.0178604 -0.0203435 -0.00433516 0.00726148 -0.0178798 -0.00731339 -0.0114054 -0.00910744
internal_weight=3.83412e+06 1.49354e+06 2.34058e+06 497335 779784 996201 1.5608e+06 691641 304560 365157 1.08248e+06 132178 325570 454214 152216 182700 66128 227015 346009 182457 540848 66050 345632 152344 478316 541632 227199 58867 285429 170735 208592 103728 175274 98934 53410 48488 282880 277895 173546 172734 116978 257968 34372 141292 18537 95240 263737 172898 19372 24194 13617 4478 9139 4075 65570 26199 122755 92235 46678 4920 506 85723
internal_count=3834116 1493536 2340580 497335 779784 996201 1560796 691641 304560 365157 1082480 132178 325570 454214 152216 182700 66128 227015 346009 182457 540848 66050 345632 152344 478316 541632 227199 58867 285429 170735 208592 103728 175274 98934 53410 48488 282880 277895 173546 172734 116978 257968 34372 141292 18537 95240 263737 172898 19372 24194 13617 4478 9139 4075 65570 26199 122755 92235 46678 4920 506 85723
is_linear=0
shrinkage=0.05


Tree=11
num_leaves=63
num_cat=0
split_feature=0 12 12 0 0 0 0 12 12 12 12 0 12 0 0 0 12 0 12 0 0 0 0 0 0 12 12 0 12 0 12 12 0 2 12 0 12 0 12 12 0 12 12 12 10 1 10 12 0 0 2 0 10 1 2 11 1 12 0 7 10 0
split_gain=45810.7 22094.4 9566.53 5808.66 4310.08 4239.29 3297.86 1825.29 1823.89 1404.04 1255.57 1098.65 1095.06 821.206 708.693 541.459 525.245 487.281 485.492 483.075 455.702 432.987 414.2 412.692 394.81 291.88 269.572 240.616 205.437 200.552 182.202 180.999 170.173 149.557 146.225 137.876 136.243 128.018 127.811 124.413 119.338 113.384 113.062 112.283 106.213 127.211 126.315 104.587 104.279 103.614 102.909 102.121 105.527 107.719 96.6795 93.4787 92.2363 92.2203 90.7596 89.0179 86.7634 86.5459
threshold=0.0018985094982703025 1.3750000000000002 1.3750000000000002 0.0013665449845959991 0.0031189993086482046 0.0014330543367111499 0.00292773825094692 1.8750000000000002 1.8750000000000002 1.1250000000000002 1.8750000000000002 0.0021721640144523042 1.1250000000000002 0.0012019726205368868 0.0016199060362394918 0.0011385095547959822 1.1250000000000002 0.0039644852554345843 1.1250000000000002 0.0016272097149572227 0.003915421770894518 0.0011720809903882426 0.0023393111815628509 0.0011720809903882426 0.0016540609052391555 2.2500000000000004 2.2500000000000004 0.0021721640144523042 2.2500000000000004 0.0009643359574801752 1.6250000000000002 1.6250000000000002 0.0009643359574801752 0.11081959178938204 2.2500000000000004 0.002447044795710162 1.6250000000000002 0.0016415101732956681 1.6250000000000002 1.6250000000000002 0.0009643359574801752 1.1250000000000002 2.2500000000000004 1.6250000000000002 14.958333333333334 28.924502678685879 15.375000000000002 2.2500000000000004 0.002447044795710162 0.0072247202833960441 -0.029740890623773514 0.001303203632956579 14.208333333333334 54.144296598190884 0.052191455803375093 0.23076923076924818 34.823060601063915 1.6250000000000002 0.0054811788933351487 -0.00076192074700631707 14.875000000000002 0.0014637866531192422
decision_type=2 2 2 2 2 2 2 2 2 2 2 2 2 2 2 2 2 2 2 2 2 2 2 2 2 2 2 2 2 2 2 2 2 2 2 2 2 2 2 2 2 2 2 2 2 2 2 2 2 2 2 2 2 2 2 2 2 2 2 2 2 2
left_child=1 3 4 12 11 7 10 13 24 14 22 18 15 32 61 29 35 41 -2 -11 26 34 36 40 30 37 39 47 -23 50 -7 60 -3 38 -9 -13 -4 -10 -26 -8 -14 -6 -29 -24 45 -17 -46 -12 -18 -19 -1 -47 -53 59 -31 -48 -52 -34 -22 -54 -15 -5
right_child=2 5 6 9 17 8 20 21 25 19 27 16 23 31 -16 44 48 49 -20 -21 58 28 43 -25 33 -27 -28 42 -30 54 -32 -33 57 -35 -36 -37 -38 -39 -40 -41 -42 -43 -44 -45 46 51 55 -49 -50 -51 56 52 53 -55 -56 -57 -58 -59 -60 -61 -62 -63
leaf_value=-0.035610924971868865 -0.0085670751873602683 -0.021577061475669991 0.00059829842986375661 -0.020891969644474331 0.0020558661684969147 -0.0064371477178632097 0.0062370022190806245 -0.010152408129037919 -0.00064501131428257405 -0.011858324079464024 0.0039097179752889902 -0.0046456074945312731 -0.032148574634008713 -0.0093829914609224862 -0.012478315589973225 -0.0089208602217111885 -0.00067914120784178314 0.0077594957424914736 -0.0032504433389587022 -0.0067087200921364144 0.010914323032820741 -0.0038668432268259565 0.0035326617639534711 -0.016884159647978372 -0.0024205550457370223 0.0039596104316157793 0.010940800079170693 0.0065229207493647029 0.00020726531749298545 -0.033966546378107774 -0.0029616810053838946 -0.0062162887166406144 -0.016493628679008356 -0.016052068199614449 -0.0046609232345907114 -0.0018638359587953995 0.0028753460846581099 0.0021861151140324967 0.00029434344490274347 0.0085266011693180491 -0.023338904906835392 0.0049814820970934537 0.0083910256429505989 0.0057295179311099183 -0.034984974580764598 -0.027555276839440646 -0.039899252571611324 0.0063757270554731836 0.0017389742210627735 0.015180829431476226 0.0026680421979937267 -0.024829792962961866 -0.022025401197333153 -0.027789133181312094 -0.014014532609483389 -0.0021376647613602102 -0.052091974992189032 -0.012136904553658749 0.013359567030333403 -0.0026750645912164508 -0.014840974648062239 -0.017519573503641656
leaf_weight=1850 85819 9651 131520 29765 66310 75450 89015 24249 70123 85268 85956 73115 4794 48265 100179 1172 73156 96574 85936 97749 163551 61987 116182 41935 86894 163076 88990 161951 61783 13847 75394 56846 24213 1681 24240 113988 131247 92733 86512 177927 19402 66160 162027 116472 5321 25158 234 86028 114157 4944 79 10560 915 1156 635 547 2890 24373 49413 1696 8575 52721
leaf_count=1850 85819 9651 131520 29765 66310 75450 89015 24249 70123 85268 85956 73115 4794 48265 100179 1172 73156 96574 85936 97749 163551 61987 116182 41935 86894 163076 88990 161951 61783 13847 75394 56846 24213 1681 24240 113988 131247 92733 86512 177927 19402 66160 162027 116472 5321 25158 234 86028 114157 4944 79 10560 915 1156 635 547 2890 24373 49413 1696 8575 52721
internal_value=-9.10492e-06 -0.00684967 0.00435728 -0.0154503 -0.000163447 -0.00255067 0.0066177 -0.0070398 -0.000180428 -0.0122031 0.00487637 -0.00259595 -0.0244328 -0.0106845 -0.0153043 -0.028986 -0.00107711 0.00551447 -0.00590695 -0.00910793 0.00965221 -0.00340217 0.00309601 -0.0198845 -0.00282522 0.00246436 0.00855759 0.00665479 -0.00183315 -0.0360318 -0.00470006 -0.00821124 -0.0155127 -0.00120998 -0.00740718 -0.00295088 0.00173564 0.000967081 -0.0010661 0.00776311 -0.0250844 0.00351702 0.00745719 0.00463246 -0.0260777 -0.0251545 -0.0322289 0.00514324 0.000794568 0.00812092 -0.0448672 -0.0256364 -0.0222668 -0.0150821 -0.0330917 -0.0134516 -0.0506349 -0.0143081 0.0114817 -0.00945621 -0.0102064 -0.0187365
internal_weight=3.83436e+06 1.49392e+06 2.34044e+06 497873 780159 996045 1.56028e+06 344182 651863 365682 991383 546171 132191 171923 182665 66060 374416 233988 171755 183017 568896 172259 495421 66131 325931 325932 355932 495962 123770 19301 150844 113686 58237 175087 48489 187103 262767 162856 173406 266942 24196 132470 323978 232654 46759 40657 6102 171984 187313 101518 4819 39485 14327 3767 14482 781 2969 48586 212964 2611 56840 82486
internal_count=3834356 1493918 2340438 497873 780159 996045 1560279 344182 651863 365682 991383 546171 132191 171923 182665 66060 374416 233988 171755 183017 568896 172259 495421 66131 325931 325932 355932 495962 123770 19301 150844 113686 58237 175087 48489 187103 262767 162856 173406 266942 24196 132470 323978 232654 46759 40657 6102 171984 187313 101518 4819 39485 14327 3767 14482 781 2969 48586 212964 2611 56840 82486
is_linear=0
shrinkage=0.05


Tree=12
num_leaves=63
num_cat=0
split_feature=0 12 12 0 0 0 12 0 12 0 12 0 0 0 12 12 12 12 0 0 0 12 0 0 0 0 12 12 0 0 12 10 12 0 12 12 12 12 12 0 10 13 12 1 10 4 0 2 2 12 1 2 2 10 10 13 0 1 0 4 9 10
split_gain=41350.9 17101.3 11079.6 5607.15 4198.05 3655.49 2744.68 1792.39 1372.06 1281.03 1110.85 1007.81 949.169 925.358 681.94 658.571 465.728 450.852 424.27 365.4 357.639 325.654 324.125 293.331 274.889 259.72 220.76 220.758 218.082 173.773 162.907 154.278 148.916 147.746 144.765 140.05 125.008 114.005 111.926 109.184 105.789 105.772 105.571 100.993 115.958 105.573 100.167 100.088 120.97 99.7716 95.1345 93.8956 93.2615 171.814 101.708 132.94 92.0783 105.642 89.5862 86.4462 85.5263 91.9763
threshold=0.001734641428880497 1.3750000000000002 1.3750000000000002 0.002707418880394984 0.0024899664101393497 0.0012818299446718867 1.8750000000000002 0.0012818299446718867 1.8750000000000002 0.0020966297214181913 1.1250000000000002 0.0012918762877543839 0.0035173918394614738 0.0037787255163597294 1.1250000000000002 1.1250000000000002 1.8750000000000002 1.1250000000000002 0.0014406773548415175 0.0020314230141830797 0.0015180913033894291 2.2500000000000004 0.0009643359574801752 0.001008675399579 0.001008675399579 0.0014875953953294139 2.2500000000000004 1.1250000000000002 0.0010731675828695995 0.0046223103705034822 1.6250000000000002 15.375000000000002 1.6250000000000002 0.0048247459680383674 1.6250000000000002 1.6250000000000002 1.8750000000000002 2.2500000000000004 1.6250000000000002 0.0015180913033894291 14.29166666666667 2.7500000000000004 1.6250000000000002 40.504723456941768 14.29166666666667 18.886055350434791 0.0020393868797886588 -0.23105312835107442 -0.10807467754618759 2.2500000000000004 69.536062509412531 -0.004551815052996522 0.11081959178938204 14.29166666666667 14.29166666666667 2.7500000000000004 0.0015488224211048101 45.187490510142432 0.0032135989236693643 21.995771469403071 -0.00045538492705045087 14.79166666666667
decision_type=2 2 2 2 2 2 2 2 2 2 2 2 2 2 2 2 2 2 2 2 2 2 2 2 2 2 2 2 2 2 2 2 2 2 2 2 2 2 2 2 2 2 2 2 2 2 2 2 2 2 2 2 2 2 2 2 2 2 2 2 2 2
left_child=1 5 3 9 8 15 7 23 19 14 18 28 16 27 52 22 38 31 -7 32 30 39 -1 50 -17 -12 46 58 -8 36 -9 43 -4 59 -25 -22 -14 -30 -6 -13 -19 -42 -21 -11 -45 51 -10 -43 -49 -18 -3 -46 54 -54 -2 -56 57 -20 -5 -15 61 -47
right_child=2 6 4 13 12 10 11 20 26 17 25 21 29 33 -16 24 49 40 56 42 35 -23 -24 34 -26 -27 -28 -29 37 -31 -32 -33 -34 -35 -36 -37 -38 -39 -40 -41 41 47 -44 44 45 60 -48 48 -50 -51 -52 -53 53 -55 55 -57 -58 -59 -60 -61 -62 -63
leaf_value=-0.04206490466956786 -0.010299021226714026 -0.018886762217037251 -0.0016190007091632355 -0.00076632886185609077 0.0044711497627477441 -0.021068963339533571 -0.0092540103906375362 -0.0083070985035253314 0.002964066544830573 -0.0066633119760047422 -0.013391513668663877 -0.002342645523748845 0.0082158857118728047 0.0090360198101830484 -0.0044159449768983259 -0.030102872935114072 0.0073893173689442929 -0.0007756781793821719 -0.020769759648639106 0.0015735800447567892 -0.0046082418091033701 0.0024941067330836544 -0.02833244703867362 -0.013814189158301394 -0.019434476024372305 -0.0091114793040945382 0.0063209098429292485 0.0034159902129927487 -0.005758248238797609 0.011909983290338974 -0.0048840735372061433 0.010816245659915518 0.0011003301509718822 0.0095321246974206242 -0.0093808285660402675 -0.0016143939567520042 0.010684232161347808 -0.0016947001906805919 0.00645590299535901 0.00041030872333470037 -0.00049089712457314955 -0.015219575637342907 0.0036185946373602884 -0.0042041260039732044 0.013016488260990503 0.0018371842745830891 0.0050737638482234761 0.01678825906967446 0.0043852660519012833 0.0092642016539993301 -0.052946641754645564 -0.0025202180828339388 -0.0092997711478867619 -0.042798852653645761 -0.010371905785378693 -0.0028943381357483585 -0.014140897895045666 -0.015130178054299424 0.0020752623696507779 0.0050172402085918964 -0.00071990269642340909 -0.029626725759843122
leaf_weight=4826 95288 14300 100646 71126 142248 44226 24114 69586 103107 34430 59295 66776 102475 17277 120527 7225 142058 127163 13473 126113 78118 144885 39193 36814 36755 88120 226844 116998 34594 110622 69448 1709 100734 45033 36840 78133 102700 34448 141883 78189 10780 505 126324 97302 2627 401 123840 2648 7632 141772 208 1544 1048 603 11921 11855 67983 21644 45468 59344 10128 552
leaf_count=4826 95288 14300 100646 71126 142248 44226 24114 69586 103107 34430 59295 66776 102475 17277 120527 7225 142058 127163 13473 126113 78118 144885 39193 36814 36755 88120 226844 116998 34594 110622 69448 1709 100734 45033 36840 78133 102700 34448 141883 78189 10780 505 126324 97302 2627 401 123840 2648 7632 141772 208 1544 1048 603 11921 11855 67983 21644 45468 59344 10128 552
internal_value=-3.30823e-06 -0.00794034 0.00339343 -0.00115312 0.0056622 -0.0165717 -0.00363014 -0.0066205 0.00327374 -0.00436901 -0.0139017 -0.000636343 0.00811513 0.00372315 -0.00707639 -0.0255145 0.00689327 -0.00217301 -0.0169722 0.00132974 -0.0047526 0.000817691 -0.029838 -0.0128767 -0.0211871 -0.010833 0.00521785 0.00188155 -0.0051605 0.0103126 -0.00659728 -0.00411995 -0.000258741 0.00725926 -0.0115967 -0.00311117 0.00945141 -0.00373077 0.00546225 -0.000857799 -0.000226532 0.00301163 0.00259694 -0.00429362 -0.00356873 0.000484834 0.00411528 0.00651254 0.00758012 0.00832581 -0.0193751 0.00726519 -0.0097327 -0.0215347 -0.00956905 -0.0066435 -0.0152148 -0.0172939 0.000341803 0.00592342 -0.00206736 -0.0163875
internal_weight=3.83447e+06 1.14919e+06 2.68528e+06 893909 1.79137e+06 382740 766453 383447 907608 538663 294741 383006 883758 355246 241242 87999 567961 297421 147326 453817 295285 289850 44019 88162 43980 147415 453791 233592 93156 315797 139034 148693 201380 121654 73654 156251 205175 69042 284131 144965 148728 21565 252437 146984 112554 15252 226947 10785 10280 283830 14508 4171 120715 1651 119064 23776 103100 35117 116594 76621 11081 953
internal_count=3834468 1149193 2685275 893909 1791366 382740 766453 383447 907608 538663 294741 383006 883758 355246 241242 87999 567961 297421 147326 453817 295285 289850 44019 88162 43980 147415 453791 233592 93156 315797 139034 148693 201380 121654 73654 156251 205175 69042 284131 144965 148728 21565 252437 146984 112554 15252 226947 10785 10280 283830 14508 4171 120715 1651 119064 23776 103100 35117 116594 76621 11081 953
is_linear=0
shrinkage=0.05


Tree=13
num_leaves=63
num_cat=0
split_feature=0 0 0 0 0 0 0 10 2 0 0 9 1 2 2 4 0 0 2 4 10 1 4 0 4 3 2 1 10 4 13 1 4 0 4 2 0 4 13 2 2 2 10 10 2 2 3 7 2 2 10 10 13 2 2 7 4 4 2 4 4 4
split_gain=37326.4 6995.52 6529.69 1711.47 1217.85 1085.94 1036.58 381.648 392.802 336.217 333.084 286.612 263.456 261.011 321.826 222.883 222.003 218.381 202.291 195.937 189.108 235.226 188.907 187.984 186.187 231.501 185.799 186.793 157.691 161.213 173.742 156.68 178.194 152.941 230.535 150.936 141.775 139.628 137.423 137.368 207.07 209.359 136.539 135.906 137.098 327.223 135.651 172.631 133.957 132.963 202.71 192.414 483.926 194.379 213.384 170.815 141.93 241.745 130.23 129.588 132.472 128.758
threshold=0.0018555137624289388 0.001303203632956579 0.0027966766662306602 0.0015565082277982408 0.0021288848598889063 0.0038236737695708498 0.001008675399579 14.875000000000002 -0.13345089763804671 0.0011879484712433218 0.0016726944873805833 0.00043994720633523042 69.536062509412531 -0.062641533330830321 -0.024536438200905227 17.507351763408177 0.002447044795710162 0.003188815239166832 -0.0094645576903086732 17.59361288389491 14.625000000000002 64.410624578430628 17.809689794988415 0.0054811788933351487 40.977742257341575 -0.00090306691389524551 0.11081959178938204 49.41502057999174 14.458333333333334 13.563793616651319 2.7500000000000004 48.824052784667948 13.441464523499183 0.0014480136312409306 23.128700477215776 -0.20643638702681616 0.0014480136312409306 12.57488080516937 2.7500000000000004 0.050298180056766333 0.064899025931300161 0.082536545027541305 12.875000000000002 14.458333333333334 -0.14216718775254636 -0.16286847317332839 0.0012135764571715648 0.0035624618963793213 0.050903612227918775 0.11081959178938204 14.458333333333334 14.79166666666667 2.7500000000000004 -0.026838307869113637 0.008255279080316159 -0.0012898744884651812 18.975030440561596 23.591792104443964 0.058036642531770648 21.560719663765756 20.972866275095935 22.595120210991137
decision_type=2 2 2 2 2 2 2 2 2 2 2 2 2 2 2 2 2 2 2 2 2 2 2 2 2 2 2 2 2 2 2 2 2 2 2 2 2 2 2 2 2 2 2 2 2 2 2 2 2 2 2 2 2 2 2 2 2 2 2 2 2 2
left_child=1 6 4 7 49 17 12 -3 22 20 -5 13 15 24 -15 42 -6 -4 37 28 -8 35 -9 43 25 -10 -12 -28 -18 -30 -31 -20 -33 34 46 -22 -27 -16 -24 -35 -41 -42 -1 -7 45 -45 -34 -48 -23 51 -51 -2 -53 56 -55 -56 -54 61 59 60 -37 -58
right_child=2 3 5 10 16 23 9 8 11 -11 26 -13 -14 14 18 -17 19 -19 31 -21 21 48 38 -25 -26 36 27 -29 29 30 -32 32 33 39 -36 58 -38 -39 -40 40 41 -43 -44 44 -46 -47 47 -49 -50 50 -52 52 53 54 55 -57 57 -59 -60 -61 -62 -63
leaf_value=-0.044960879760055708 -0.00053086618709994129 -0.0064394613308531648 0.0047435850230299857 -0.0044252488368429609 0.0020197180250204703 0.0087731183950242372 -0.012829171075273703 -0.009910833169954324 -0.00769446803524239 -0.010408173145157422 -0.0019951471236244705 -0.024364615126392382 -0.053083142455295343 -0.0012722611346691959 -0.053497138361902841 -0.016418642355181201 0.0052571746880046011 0.0066138197901634043 -0.0054510079606473064 0.0031297302308271636 -0.0021865890841735037 -0.040770602212986569 -0.0016935485931764166 0.01136564601523391 0.0029605032768631433 -0.032636452361294074 -0.0057965631741469523 -0.029975593948790374 -0.0011307625439640851 0.0082438915206654688 0.02542028648181896 -0.001101724867879213 -0.027040800675704586 -0.028081340245124972 -0.0033351788768966419 -0.019912772859486526 -0.014364953562717579 -0.018370607960852482 0.016536817811067823 0.00541885839606953 -0.042826677712771863 0.0067960775207161518 -0.022884394977792797 0.006645554774529213 0.0064526673199340441 -0.026838960647842608 0.0025701363841372153 -0.043920381164550784 -0.010758958588635409 -0.0016271018588941686 -0.018651720529230635 -0.0020290548058052166 0.0201064008133288 -0.004355252968300298 -0.0025149100726247612 0.011297938402383497 0.0015069100443938388 0.013462595212923673 0.00074295352103739137 -0.014016219422837956 -0.043648036064953828 -0.025459560966212616
leaf_weight=725 464182 400943 321376 255177 513335 264243 84628 2552 2083 134215 387106 4349 611 9427 298 21460 52041 303478 11397 350689 1805 1572 2075 74018 849 3718 2631 1147 1585 2944 2945 2585 2473 3392 4378 14337 1486 5585 2060 941 681 309 20627 2002 9671 1148 992 250 487 6163 2441 29262 3670 5622 3069 8268 1704 6232 988 12693 613 598
leaf_count=725 464182 400943 321376 255177 513335 264243 84628 2552 2083 134215 387106 4349 611 9427 298 21460 52041 303478 11397 350689 1805 1572 2075 74018 849 3718 2631 1147 1585 2944 2945 2585 2473 3392 4378 14337 1486 5585 2060 941 681 309 20627 2002 9671 1148 992 250 487 6163 2441 29262 3670 5622 3069 8268 1704 6232 988 12693 613 598
internal_value=-1.07286e-05 -0.00650259 0.00373812 -0.00468271 0.00161552 0.00690211 -0.0133489 -0.00700352 -0.0106583 -0.0121165 -0.00302013 -0.0120449 -0.0204825 -0.0109911 -0.00942751 -0.0200172 0.0027127 0.00565192 -0.0117375 0.0035799 -0.0140741 -0.0173164 0.000786494 0.0091272 -0.019199 -0.0217807 -0.00210284 -0.0131373 0.00623253 0.0130239 0.0168335 -0.00993119 -0.0131223 -0.0154384 -0.0111088 -0.01621 -0.027419 -0.0201499 0.00738857 -0.022021 -0.0113754 -0.0273384 -0.023634 0.00852919 0.00350183 -0.00555769 -0.0202698 -0.00678786 -0.0336722 -0.000291992 -0.00645708 -0.000190492 0.00251375 0.00707198 0.00360917 0.00755871 0.011884 0.008348 -0.017094 -0.0177316 -0.020886 -0.00549828
internal_weight=3.83433e+06 1.40364e+06 2.43069e+06 1.10888e+06 1.45475e+06 975936 294761 462823 61880 251338 646061 55193 43423 50844 42708 42812 923539 624854 33281 410204 117123 32495 6687 351082 8136 7287 390884 3778 59515 7474 5889 27398 16001 13416 8093 30436 5204 5883 4135 5323 1931 990 21352 277064 12821 3150 3715 1242 2059 531211 8604 522607 58425 29163 16959 11337 12204 8534 28631 27643 14950 2302
internal_count=3834331 1403645 2430686 1108884 1454750 975936 294761 462823 61880 251338 646061 55193 43423 50844 42708 42812 923539 624854 33281 410204 117123 32495 6687 351082 8136 7287 390884 3778 59515 7474 5889 27398 16001 13416 8093 30436 5204 5883 4135 5323 1931 990 21352 277064 12821 3150 3715 1242 2059 531211 8604 522607 58425 29163 16959 11337 12204 8534 28631 27643 14950 2302
is_linear=0
shrinkage=0.05


Tree=14
num_leaves=63
num_cat=0
split_feature=0 12 12 0 0 0 0 12 12 12 0 12 0 12 0 12 12 0 12 0 0 0 12 0 0 0 0 0 12 12 12 12 12 12 1 2 0 10 0 12 0 12 12 2 3 4 0 3 12 0 12 4 2 4 10 1 12 2 1 11 2 0
split_gain=33377.8 18065 7749.42 4506.87 3209.19 3087.96 2365.41 1603.21 1341.39 1141.57 1071.76 988.25 886.602 645.227 567.235 402.342 392.449 370.507 365.128 355.258 344.119 304.488 274.166 273.984 241.816 229.589 227.744 215.263 196.373 186.115 179.637 142.258 141.932 139.308 138.594 130.058 129.394 170.927 120.773 117.356 112.26 112.237 112.023 108.055 127.707 116.041 93.4725 108.067 91.4986 90.5552 88.3385 85.8871 85.6286 84.4492 83.6864 86.6173 82.1521 78.9328 77.5487 75.12 72.9282 72.1709
threshold=0.0018985094982703025 1.3750000000000002 1.3750000000000002 0.0014330543367111499 0.0031189993086482046 0.001400463343342561 0.0031189993086482046 1.8750000000000002 1.8750000000000002 1.8750000000000002 0.0011879484712433218 1.1250000000000002 0.0021721640144523042 1.1250000000000002 0.0011720809903882426 1.1250000000000002 1.1250000000000002 0.0022557276650344142 1.1250000000000002 0.0016540609052391555 0.0043765373215631925 0.0016864418517801465 2.2500000000000004 0.0010731675828695995 0.0044586171814352963 0.0016864418517801465 0.0023765010702893178 0.0009643359574801752 2.2500000000000004 1.6250000000000002 2.2500000000000004 1.1250000000000002 1.6250000000000002 2.2500000000000004 71.65879873656769 0.11081959178938204 0.0025338930482077817 14.208333333333334 0.0009643359574801752 1.6250000000000002 0.0016540609052391555 1.6250000000000002 1.6250000000000002 -0.021163970903416367 0.0031061622773496463 24.29354951541163 0.001303203632956579 -0.004136164828175388 1.6250000000000002 0.0023866683913958422 2.2500000000000004 24.641829962014189 0.073471868810149332 11.839757314923306 14.458333333333334 45.187490510142432 1.6250000000000002 -0.029740890623773514 50.114223728234386 0.94265818028090342 0.11081959178938204 0.0009643359574801752
decision_type=2 2 2 2 2 2 2 2 2 2 2 2 2 2 2 2 2 2 2 2 2 2 2 2 2 2 2 2 2 2 2 2 2 2 2 2 2 2 2 2 2 2 2 2 2 2 2 2 2 2 2 2 2 2 2 2 2 2 2 2 2 2
left_child=1 3 4 10 12 8 9 19 14 17 16 21 18 46 39 36 27 48 -2 29 31 -5 40 -10 30 -13 33 57 -25 -7 56 -6 -16 -11 -22 42 37 -14 -18 61 -9 -19 -21 45 -45 49 58 -48 -4 -39 -28 -17 -46 -49 -37 -56 -8 -1 -12 -51 -23 -3
right_child=2 5 6 11 20 7 24 22 23 26 13 25 15 -15 32 51 38 41 -20 35 34 60 -24 28 -26 -27 50 -29 -30 -31 -32 -33 -34 -35 -36 54 -38 43 -40 -41 -42 -43 -44 44 52 -47 47 53 -50 59 -52 -53 -54 -55 55 -57 -58 -59 -60 -61 -62 -63
leaf_value=-0.031864432078476744 -0.0077216888714308502 -0.021893612175498515 0.00024519796762821465 -0.014911992115633786 0.0018197233138298565 -0.0057923798014626335 0.0060834042478774171 -0.00039898652512736953 -0.0077126614433415206 0.0040033338795204265 -0.021280206181024292 -0.0091425972198774762 -0.0049404025774940118 -0.013819440207356235 -0.0092460419546605051 0.0018511886022744952 -0.0288990101944217 0.0030041098304339335 -0.0031136468040243418 -0.0020694915135111747 0.0066745798695675082 -0.010417162493380096 0.0037074475749950884 -0.0038715778530764057 0.010559370796504724 -0.0053765055512346093 0.006242626778738331 -0.028204682106336788 4.7265274960325446e-05 -0.0024892098684943073 0.010024557324583409 0.0047715810534328202 -0.0055485246833197784 0.0062229990932892026 0.013598348657098644 -0.0050903221572985054 -0.0014060281015477443 0.006036650801423224 -0.020178661956242534 -0.011483298688588819 0.0021502476583074026 0.0048517933636653202 0.00047046632216727919 -0.0063997555296377495 0.015500523644157603 -0.00060838504137647139 -0.057159460176035994 -0.011001317080842843 0.0022933139794190623 0.026008938606468364 0.0080736231942912691 -0.00032770733825945826 -0.020739026564769645 -0.020132341898929526 0.00013751110126232279 -0.038353382018162831 0.0079954144428460369 -0.044954640775565484 -0.027252851451303434 -0.036609169602394104 -0.025689184525156325 -0.015054178724479332
leaf_weight=1887 85905 4817 108964 87816 81554 85223 84247 85334 24196 141276 13201 87727 79259 59282 51816 76232 4846 164373 86049 86867 62257 74436 172893 63879 130512 75120 131898 21926 63990 85354 84220 81708 51999 141473 8177 964 93747 2058 21976 24038 87436 164387 86775 5938 1185 3655 191 2736 109161 1138 131599 111198 189 33993 203 522 168628 2955 9238 50 790 19356
leaf_count=1887 85905 4817 108964 87816 81554 85223 84247 85334 24196 141276 13201 87727 79259 59282 51816 76232 4846 164373 86049 86867 62257 74436 172893 63879 130512 75120 131898 21926 63990 85354 84220 81708 51999 141473 8177 964 93747 2058 21976 24038 87436 164387 86775 5938 1185 3655 191 2736 109161 1138 131599 111198 189 33993 203 522 168628 2955 9238 50 790 19356
internal_value=-4.3949e-06 -0.00584405 0.0037218 -0.0136179 -0.000346702 -0.00195488 0.00575587 -0.000108448 -0.00615408 0.00448277 -0.02016 -0.0101604 -0.00244336 -0.0175091 -0.00947533 -0.00107911 -0.0260287 0.00286792 -0.00541574 -0.00251498 0.00455727 -0.0129121 0.00229979 -0.00283368 0.00873202 -0.00740533 0.00609951 -0.0303118 -0.00191046 -0.00413953 0.00802453 0.00329704 -0.00739402 0.00511394 0.00747839 -0.000934492 -0.00271857 -0.00403497 -0.0217542 -0.0139571 0.000891138 0.00392799 -0.000800185 0.00101416 -0.00322118 0.00550174 -0.021194 -0.0196472 0.00127018 0.0123817 0.00715709 0.000558499 0.0105156 -0.0194522 -0.0147422 -0.0275759 0.00735842 -0.0398532 -0.0237391 0.0233735 -0.0105775 -0.0164171
internal_weight=3.83482e+06 1.49378e+06 2.34104e+06 498120 780299 995662 1.56074e+06 691571 304091 1.09313e+06 172231 325889 546603 118641 152026 374649 53590 546885 171954 345908 233696 163042 345663 152065 467607 162847 546246 26768 127869 170577 337095 163262 103815 282749 70434 175331 187219 93472 26822 48211 172770 328760 173642 14213 7312 6901 59359 36920 218125 3246 263497 187430 1374 36729 1689 725 252875 4842 22439 1188 75226 24173
internal_count=3834819 1493782 2341037 498120 780299 995662 1560738 691571 304091 1093131 172231 325889 546603 118641 152026 374649 53590 546885 171954 345908 233696 163042 345663 152065 467607 162847 546246 26768 127869 170577 337095 163262 103815 282749 70434 175331 187219 93472 26822 48211 172770 328760 173642 14213 7312 6901 59359 36920 218125 3246 263497 187430 1374 36729 1689 725 252875 4842 22439 1188 75226 24173
is_linear=0
shrinkage=0.05


Tree=15
num_leaves=63
num_cat=0
split_feature=0 12 12 0 0 0 12 0 12 0 12 12 0 0 12 0 0 12 0 0 12 0 0 12 12 0 12 0 0 12 12 10 0 2 10 13 2 2 3 10 13 2 2 0 12 12 12 1 5 1 3 2 5 12 2 10 13 2 2 10 0 12
split_gain=30461.1 13854.8 9076.76 4331.17 3090.78 2684.5 2180.24 1365.27 1158.6 967.16 944.708 772.421 719.1 578.721 560.705 468.522 374.261 363.098 334.068 310.179 285.096 269.983 257.841 243.91 205.168 192.423 172.245 167.57 159.397 148.544 147.419 142.725 138.324 123.754 122.264 121.966 127.282 137.294 125.626 120.86 118.786 117.812 146.474 116.743 115.364 115.209 114.959 108.702 99.5553 94.4621 91.3793 109.139 92.5477 88.9561 88.4232 87.8059 192.518 139.514 106.003 86.6619 86.463 85.4437
threshold=0.0017280392072118263 1.3750000000000002 1.3750000000000002 0.0025013595224032295 0.0025822329228932469 0.0012818299446718867 1.8750000000000002 0.0012019726205368868 1.8750000000000002 0.0035173918394614738 1.1250000000000002 1.1250000000000002 0.0012019726205368868 0.0036287110059800838 1.1250000000000002 0.0020802182649020543 0.001502174174777132 1.6250000000000002 0.0020723286934552694 0.0014875953953294139 2.2500000000000004 0.0009643359574801752 0.0020156721888854958 1.1250000000000002 2.2500000000000004 0.0015180913033894291 1.6250000000000002 0.001008675399579 0.0048247459680383674 2.2500000000000004 2.2500000000000004 14.29166666666667 0.0009643359574801752 0.12403346632871261 14.208333333333334 2.7500000000000004 -0.2280607228569389 -0.091645602692310368 -0.00011750689573742023 14.375000000000002 2.7500000000000004 -0.23310205428303601 -0.027798695973169814 0.001502174174777132 1.6250000000000002 2.2500000000000004 1.6250000000000002 58.471608427593857 3.465388856525196 64.410624578430628 -0.00011750689573742023 -0.04459880107107117 2.0160349944827138 1.1250000000000002 0.11081959178938204 14.29166666666667 2.7500000000000004 -0.2672375368403454 -0.027798695973169814 14.458333333333334 0.0050724066129618156 1.6250000000000002
decision_type=2 2 2 2 2 2 2 2 2 2 2 2 2 2 2 2 2 2 2 2 2 2 2 2 2 2 2 2 2 2 2 2 2 2 2 2 2 2 2 2 2 2 2 2 2 2 2 2 2 2 2 2 2 2 2 2 2 2 2 2 2 2
left_child=1 5 3 11 8 14 7 32 18 23 19 15 29 17 21 -2 26 -6 33 -7 43 -1 54 -5 -10 -12 -9 -16 53 -8 -19 -24 -3 44 -17 -36 -37 38 -38 -35 -33 -42 50 -14 -4 60 -18 -39 -21 61 -43 52 -52 -11 -13 -20 -57 -58 -59 -56 -15 -34
right_child=2 6 4 9 13 10 12 16 24 28 25 22 20 45 27 34 46 30 55 48 -22 -23 31 -25 -26 -27 -28 -29 -30 -31 -32 40 49 39 35 36 37 47 -40 -41 41 42 -44 -45 -46 -47 -48 -49 -50 -51 51 -53 -54 -55 59 56 57 58 -60 -61 -62 -63
leaf_value=-0.03747699954900232 -0.0087898598469399233 -0.018138041626320739 -0.0009938249029559016 -0.00086636988109516696 0.0039820933514570882 -0.017979880643743059 -0.0078965869493925738 -0.0077246654826736375 0.0037908036335151177 0.0030972800386530842 -0.011389592852622468 -0.0042951013716386625 -0.0021885552031004492 0.0079232043533286698 -0.025240744377318238 -0.0050078009459446071 -0.0039871780243190599 0.0063490476539393706 0.0022208268935401862 -0.012960704660928982 0.0021588465539452094 -0.024927801088289927 -0.0017730041224720888 0.0020922396304867545 0.0058202273194291297 -0.0077447672577583161 -0.0044286616248746281 -0.016953604166225367 0.0080152608559143027 -0.0028464119841483775 0.008412888783789577 -0.0010527659997329739 -0.013285416388609304 -0.0030040601684671146 -0.0046337099025961738 -0.020863766332835969 0.026704162327986281 -0.0024177445491692924 0.0030727382622799788 -0.025715204541380182 -0.018033970689268274 0.022903171249899112 0.0026538652891463154 0.00051215944303853532 0.001251480255236932 0.010822393710694406 -0.0013197182836283336 0.01319375468938108 -0.022495756818854039 -0.022667906301805277 -0.0067757716644006975 0.033440679182507559 0.01730389340977272 0.0059074597245770549 -0.00800862502430876 0.0012955700489154524 -0.028800418955158905 0.012830738432656655 0.0054424335880002284 -0.036485505211784182 0.010258920655127134 -0.0090131120782320686
leaf_weight=4812 118481 9644 114459 139174 129581 59254 29143 79174 249086 56250 69530 96737 79276 160598 7310 95779 80884 259218 227179 82910 160059 39203 113699 139473 249069 75566 79378 36850 45334 29100 129876 10110 23365 1692 8991 502 1198 4783 1060 896 463 1944 5709 80795 114374 71203 80681 1454 2831 1849 1036 343 649 56394 750 19980 251 8712 10965 415 52598 23447
leaf_count=4812 118481 9644 114459 139174 129581 59254 29143 79174 249086 56250 69530 96737 79276 160598 7310 95779 80884 259218 227179 82910 160059 39203 113699 139473 249069 75566 79378 36850 45334 29100 129876 10110 23365 1692 8991 502 1198 4783 1060 896 463 1944 5709 80795 114374 71203 80681 1454 2831 1849 1036 343 649 56394 750 19980 251 8712 10965 415 52598 23447
internal_value=2.05278e-05 -0.00685237 0.00290935 -0.0011882 0.00496008 -0.014666 -0.00294693 -0.00563045 0.00310012 0.00238641 -0.0123437 -0.00455117 -0.000263068 0.0072684 -0.022306 -0.00658925 -0.00434874 0.00627449 0.00139597 -0.015198 0.000666676 -0.0262998 -0.00250963 0.000614522 0.00480548 -0.00949137 -0.00607454 -0.0183254 0.00551172 -0.00537336 0.00703794 -0.00108416 -0.0126675 5.44853e-06 -0.00429746 -0.000515175 0.00360061 0.0050463 0.0156106 -0.010867 0.00278277 0.00660544 0.00778384 -0.000825384 0.000128411 0.00908103 -0.00265512 0.00122168 -0.0132755 -0.0115833 0.0151572 0.00773209 0.00249883 0.00450417 -0.00446 0.0026008 0.00476381 0.00824111 0.00871361 -0.0181527 0.00849945 -0.0111455
internal_weight=3.83553e+06 1.13506e+06 2.70046e+06 900728 1.79974e+06 378266 756795 378422 996663 436625 290091 464103 378373 803074 88175 232248 320117 518675 498508 144995 320130 44015 231855 278647 498155 145096 158552 44160 157978 58243 389094 133953 58305 231421 113767 17988 8997 8495 2258 2588 20254 10144 9681 160071 228833 284399 161565 6237 85741 48661 3972 2028 1685 112644 97902 267087 39908 19928 19677 1165 213196 46812
internal_count=3835526 1135061 2700465 900728 1799737 378266 756795 378422 996663 436625 290091 464103 378373 803074 88175 232248 320117 518675 498508 144995 320130 44015 231855 278647 498155 145096 158552 44160 157978 58243 389094 133953 58305 231421 113767 17988 8997 8495 2258 2588 20254 10144 9681 160071 228833 284399 161565 6237 85741 48661 3972 2028 1685 112644 97902 267087 39908 19928 19677 1165 213196 46812
is_linear=0
shrinkage=0.05


Tree=16
num_leaves=63
num_cat=0
split_feature=0 12 12 0 0 0 0 12 12 12 12 12 0 0 0 0 12 0 0 0 0 0 12 0 0 12 12 12 12 12 12 2 12 0 4 12 0 12 12 0 1 4 4 12 0 2 12 2 2 2 2 4 2 1 4 4 5 4 2 1 0 3
split_gain=27415.1 14764.7 6072.83 3645.55 2700.12 2564.75 1872.41 1238.85 1146.77 1015.08 877.541 713.713 588.869 457.484 454.49 360.679 347.746 326.385 318.568 296.975 247.455 246.394 238.295 229.317 223.977 221.861 172.649 159.41 143.837 130.696 125.378 125.303 121.541 111.877 106.913 105.804 105.467 100.166 98.7842 93.2622 91.7296 91.2879 88.9513 82.0736 81.3664 80.7867 78.0475 77.7621 75.7967 73.2825 82.7324 72.9627 82.2227 77.3251 72.3364 74.7388 72.2523 70.1705 68.9906 68.7332 68.6301 65.7741
threshold=0.0019304504569152654 1.3750000000000002 1.3750000000000002 0.0013495331350436258 0.0014087255940907191 0.0030944582388937928 0.0030749688638067986 1.8750000000000002 1.8750000000000002 1.1250000000000002 1.8750000000000002 1.1250000000000002 0.0023023736924603095 0.0016540609052391555 0.0011385095547959822 0.0016540609052391555 1.1250000000000002 0.001008675399579 0.0016540609052391555 0.0039644852554345843 0.0010963956351604436 0.0024573586913518492 1.1250000000000002 0.0011385095547959822 0.0044586171814352963 2.2500000000000004 1.8750000000000002 2.2500000000000004 2.2500000000000004 1.6250000000000002 1.6250000000000002 0.11081959178938204 1.6250000000000002 0.0012701775808214341 25.81949751752644 1.6250000000000002 0.0016415101732956681 1.1250000000000002 1.6250000000000002 0.0023482504041511506 67.418747641336495 17.187403287599452 19.568432162343303 1.1250000000000002 0.0014875953953294139 0.11081959178938204 2.2500000000000004 -0.22441624292836806 -0.11662433481791305 0.052191455803375093 -0.052660970406740823 37.650365631684444 -0.23497402227458938 24.957214642704582 45.007615653203167 33.10854165159494 4.009773112172712 35.619356215946361 0.11081959178938204 55.377348774965739 0.0025338930482077817 -0.00075213756628568474
decision_type=2 2 2 2 2 2 2 2 2 2 2 2 2 2 2 2 2 2 2 2 2 2 2 2 2 2 2 2 2 2 2 2 2 2 2 2 2 2 2 2 2 2 2 2 2 2 2 2 2 2 2 2 2 2 2 2 2 2 2 2 2 2
left_child=1 3 5 11 8 12 10 18 14 13 21 17 16 44 38 51 47 42 30 37 46 32 34 49 26 36 -8 39 -22 -16 -6 35 -4 -19 -14 -20 -9 -7 -3 -12 43 -24 59 -21 -5 -17 -10 54 -15 50 -13 52 -11 -53 55 -2 -46 58 -50 -1 -36 -33
right_child=2 4 6 9 7 19 24 25 20 15 27 23 22 48 29 45 -18 33 31 40 28 -23 41 -25 -26 -27 -28 -29 -30 -31 -32 61 -34 -35 60 -37 -38 -39 -40 -41 -42 -43 -44 -45 56 -47 -48 -49 57 -51 -52 53 -54 -55 -56 -57 -58 -59 -60 -61 -62 -63
leaf_value=-0.04050936239763904 -0.011234351056782027 -0.015793401984751373 0.00073913423489544014 -0.01624677853406534 -0.0050453848365447128 0.0012747081707028547 0.0061280891184874956 -0.00054244848482357826 -0.0092975694281421436 0.0050691913120090009 0.0037043413373162915 -0.015406726158513302 -0.00055275616676857199 -0.0066646274749748383 -0.0086785518039937132 -0.004832158891862305 -0.0020885849289539568 -0.023734142780843685 -0.0017315146459317835 0.00398047196725321 -0.0032486872535893298 0.003960416238625991 0.0038271694715665571 -0.013640656204722516 0.009645075446340412 0.0033244698109103723 0.0083253993804533796 0.0064547047574415317 9.936327882214627e-05 -0.0053573421424554452 -0.0022928630884024507 -0.0024394802691154126 0.0027433679726689992 -0.019007144485245351 -0.0050962584897105987 0.00060372114787450104 0.0018967185287198025 0.0039706357574246171 -0.010736340682430762 0.0056085954177743083 0.0096477371094630393 0.00024722886725179268 -0.026486276353633948 0.0070804133680765283 -0.013096791810671429 -0.01924577933715281 -0.0041041272908999196 -0.0057680286428082005 -0.010846611742695834 -0.0031803069703293125 -0.022832528765209494 -0.017873968299813744 -0.0098350406432236651 -0.0035278860630118848 0.013075541245206346 -0.029999263699401202 -0.025273601150207492 -0.0070439012199608013 -0.024472021234405648 -0.023229754623845002 -0.0021530021136588187 -0.021020538457090301
leaf_weight=3685 3868 19314 151317 42152 82712 68916 178732 77773 14419 935 123464 5187 64805 16381 59301 96923 110786 34343 96870 42614 64110 213160 20670 41962 130809 180801 178854 257772 64208 59186 82773 817 151254 19696 31592 97147 103022 68902 19313 134172 16104 128584 2876 42794 56627 982 14518 106334 67486 611 13547 1055 89788 8563 265 615 1245 13132 942 682 53090 1142
leaf_count=3685 3868 19314 151317 42152 82712 68916 178732 77773 14419 935 123464 5187 64805 16381 59301 96923 110786 34343 96870 42614 64110 213160 20670 41962 130809 180801 178854 257772 64208 59186 82773 817 151254 19696 31592 97147 103022 68902 19313 134172 16104 128584 2876 42794 56627 982 14518 106334 67486 611 13547 1055 89788 8563 265 615 1245 13132 942 682 53090 1142
internal_value=6.66145e-06 -0.00510926 0.00349937 -0.0119962 -0.00166523 -0.00014997 0.00532445 1.67368e-05 -0.00553378 -0.00966479 0.00411652 -0.0195313 -0.00211942 -0.0121974 -0.00855501 -0.00713579 -0.00407072 -0.0233472 -0.00205328 0.00413414 -0.00251527 0.00265835 -0.000670239 -0.015717 0.00787473 0.00208598 0.00722712 0.0055756 -0.00157338 -0.00701956 -0.00366862 -0.000689271 0.00174104 -0.0220113 -0.00208129 -0.00056223 0.000847456 0.00262254 -0.0132649 0.00469604 0.00618636 0.00074301 -0.0333141 0.00553371 -0.0145758 -0.00497673 -0.00669196 -0.00604757 -0.00976834 -0.0202207 -0.0207765 -0.00924244 -0.00968144 -0.00510151 -0.0123081 -0.0138086 -0.0133588 -0.0103917 -0.0110342 -0.0378108 -0.00325103 -0.0132713
internal_weight=3.8357e+06 1.55623e+06 2.27947e+06 518800 1.03743e+06 759939 1.51953e+06 723057 314369 396211 1.03114e+06 122589 520609 197965 157114 198246 221868 61282 361461 239330 157255 515731 298741 61307 488395 361596 357586 515408 128318 118487 165485 195976 302571 54039 149487 194017 180795 137818 38627 257636 101512 149254 7243 85408 100024 97905 28937 111082 97941 19345 18734 100341 90723 9618 4748 4483 57872 81560 68428 4367 84682 1959
internal_count=3835699 1556226 2279473 518800 1037426 759939 1519534 723057 314369 396211 1031139 122589 520609 197965 157114 198246 221868 61282 361461 239330 157255 515731 298741 61307 488395 361596 357586 515408 128318 118487 165485 195976 302571 54039 149487 194017 180795 137818 38627 257636 101512 149254 7243 85408 100024 97905 28937 111082 97941 19345 18734 100341 90723 9618 4748 4483 57872 81560 68428 4367 84682 1959
is_linear=0
shrinkage=0.05


Tree=17
num_leaves=63
num_cat=0
split_feature=8 10 10 8 8 5 5 8 5 5 5 8 8 13 8 5 4 2 5 10 10 5 8 3 8 2 8 2 10 13 8 5 8 5 2 5 5 4 3 13 9 2 10 7 1 1 3 3 11 7 2 2 10 2 3 10 2 10 4 3 10 10
split_gain=9417.84 2521.57 1658.93 872.009 645.864 585.736 582.258 554.696 541.03 539.077 323.396 306.689 294.552 256.418 249.724 242.623 216.869 204.42 204.278 202.66 202.337 201.776 189.956 171.344 170.022 169.477 166.115 159.542 168.264 268.62 158.004 157.526 154.754 151.305 146.734 146.088 143.403 140.579 135.977 134.705 143.141 134.266 133.247 131.269 139.724 164.047 127.742 126.982 123.714 120.891 119.888 143.228 181.81 125.958 118.514 134.09 115.672 127.961 115.568 176.731 156.162 113.244
threshold=0.0016313213703099338 12.458333333333334 12.375000000000002 0.0010155493713937763 0.0033972634109162869 1.0421062758936424 0.39259146726554822 0.0033972634109162869 2.1965902082624109 0.96704610665749346 0.52502837195174556 0.0020590464732520709 0.0010155493713937763 3.2500000000000004 0.00051008399593949368 1.5987858960369099 13.965577974883958 -0.074352058519507144 1.061832272552508 9.2916666666666696 15.125000000000002 2.2391705661892396 0.0070428171719608785 0.0010526669132951692 0.0011299099055513521 -0.025922773785349816 0.00038687888188930025 -0.025922773785349816 15.04166666666667 2.7500000000000004 0.014552832206024333 0.57350039544806275 0.0048436507289409186 0.9588638415825449 -0.042373290154722833 0.60280898475953315 0.59877660042146708 35.619356215946361 0.0030231197841493174 2.7500000000000004 -0.0007274265524258661 -0.069968524529296791 14.958333333333334 0.0021305556184880729 38.1121121586825 28.375630984280814 0.0026483200813930022 0.0040115606459296717 0.6400000000000774 -0.0015034271523950424 0.047549573797244511 -0.023683604839015861 15.04166666666667 -0.064617511613257711 -0.0056263550090624084 15.208333333333334 -0.1380713732373503 15.04166666666667 21.560719663765756 -0.00092362815694654779 14.54166666666667 15.375000000000002
decision_type=2 2 2 2 2 2 2 2 2 2 2 2 2 2 2 2 2 2 2 2 2 2 2 2 2 2 2 2 2 2 2 2 2 2 2 2 2 2 2 2 2 2 2 2 2 2 2 2 2 2 2 2 2 2 2 2 2 2 2 2 2 2
left_child=1 6 4 9 10 16 24 8 11 14 -2 31 -8 46 -3 -9 -5 -7 -13 30 -15 23 25 -19 -1 39 -11 28 -20 -30 -6 -4 33 -21 -22 -18 -16 48 56 -17 -41 -12 -27 44 45 -23 -10 -43 -31 -38 51 53 -53 -46 55 -44 57 -33 59 -28 -61 -42
right_child=2 3 7 5 19 17 12 15 13 26 41 18 -14 20 36 22 35 21 27 32 34 43 -24 -25 -26 42 58 -29 29 37 -32 38 -34 -35 -36 -37 49 -39 -40 40 61 47 54 -45 50 -47 -48 -49 -50 -51 -52 52 -54 -55 -56 -57 -58 -59 -60 60 -62 -63
leaf_value=-0.00012160693003160331 0.00368805270088005 -0.0095050708130901395 0.00180200421165235 -0.0051805615170031592 0.00062154901688320999 -0.0027250902453340008 -0.0038113306584258476 0.0054824384400798875 -0.0054560254314506874 -0.020606190977155023 0.002975233527169531 0.0028338123558684421 -0.00091688257714892755 -0.0024998090003914113 -0.0035695251627661075 0.00045421122539870463 -0.00029901967172422771 -0.0062675918898450027 0.00092121903632758377 0.005541246300902347 0.010695068144113697 -0.018391004024929034 0.0070115331782163188 -0.0018998390053371885 0.0023194076611795546 0.0010272181827421134 -0.0048686922989154505 -0.00089467305673577755 0.00021747605852855795 0.019944414337525432 0.0079497540885609605 -4.6496357432449913e-05 0.0064756965789209784 0.0029008103348404286 0.00091899963378550313 -0.0025104370712365287 -0.00027555100293243952 -0.00074069818502688089 0.0031602533917594921 -0.024953148424424032 0.0051984944718989259 0.00070237196914729966 -0.0046662368413096685 0.0018682586006176325 -0.022859054138273771 -6.4386419448481961e-06 -0.00053142641912943243 0.0033567732315144521 0.0037439709791556642 -0.0065130542267295387 -0.005049835123371987 -0.0098984325090827538 -0.021408133814562542 -0.004806015713764579 -0.0050284743779566527 0.022733774267634923 -0.0022617481566821044 0.010610056713461526 -0.0071646419532114883 -0.0093352739420042487 -0.01518457951223938 0.016884475135921864
leaf_weight=136023 345873 30268 50275 47131 41373 56767 123849 65017 70746 3242 140108 163954 302784 27029 130727 22717 133670 100188 63928 130753 6086 1561 14572 28940 150002 34455 10932 103237 8183 5084 8946 34557 161868 92735 10393 169232 8422 1505 15739 370 20140 279408 937 2349 1160 5449 16180 53718 1534 100043 4946 5897 8205 5783 20355 853 158485 3067 43474 25641 20560 2311
leaf_count=136023 345873 30268 50275 47131 41373 56767 123849 65017 70746 3242 140108 163954 302784 27029 130727 22717 133670 100188 63928 130753 6086 1561 14572 28940 150002 34455 10932 103237 8183 5084 8946 34557 161868 92735 10393 169232 8422 1505 15739 370 20140 279408 937 2349 1160 5449 16180 53718 1534 100043 4946 5897 8205 5783 20355 853 158485 3067 43474 25641 20560 2311
internal_value=7.69408e-06 -0.00283231 0.00217016 -0.00452639 0.00335325 -0.00329833 -0.000586919 0.00055954 -4.83142e-05 -0.0064057 0.00252595 0.000577091 -0.00175712 -0.00297098 -0.00522615 0.00303469 -0.00202547 -0.00531212 0.00155127 0.00490867 0.000162591 -0.00620499 0.00167109 -0.0052887 0.00115855 0.000909174 -0.0094663 0.000405153 0.00207764 0.0066114 0.0019244 -0.000714107 0.00529835 0.00444561 0.00452948 -0.00153454 -0.00468469 0.0130526 -0.00131122 0.00317984 0.00589304 0.00167659 -0.000917706 -0.00955208 -0.010365 -0.00410035 -0.00453938 0.00113041 0.0161893 -0.00602873 -0.0120546 -0.0137009 -0.0165951 -0.00782222 -0.00394378 0.00839086 -0.00167009 0.000822195 -0.00910733 -0.0105856 -0.0119383 0.00640139
internal_weight=3.83374e+06 1.65724e+06 2.17649e+06 944587 1.25478e+06 571278 712658 921709 739982 373309 819107 609548 426633 130434 269460 181727 350033 221245 347425 435675 43508 164478 116710 129128 286025 102138 103849 183471 80234 16306 50319 262123 385356 223488 16479 302902 239192 8123 211848 45538 22821 473234 56600 35350 33001 7010 86926 333126 6618 108465 25991 21045 14102 6943 22145 1790 196109 37624 100607 57133 46201 22451
internal_count=3833736 1657245 2176491 944587 1254782 571278 712658 921709 739982 373309 819107 609548 426633 130434 269460 181727 350033 221245 347425 435675 43508 164478 116710 129128 286025 102138 103849 183471 80234 16306 50319 262123 385356 223488 16479 302902 239192 8123 211848 45538 22821 473234 56600 35350 33001 7010 86926 333126 6618 108465 25991 21045 14102 6943 22145 1790 196109 37624 100607 57133 46201 22451
is_linear=0
shrinkage=0.05


Tree=18
num_leaves=63
num_cat=0
split_feature=0 12 12 0 0 0 12 0 12 12 0 0 12 0 12 0 0 0 12 0 0 12 0 0 12 12 0 12 0 12 1 12 2 10 12 12 12 10 12 3 2 0 12 3 1 10 13 2 2 2 2 0 2 2 1 12 1 10 2 10 2 2
split_gain=23423.8 11940.9 6755.26 2931.86 2600.03 2004.36 1936.13 1230.63 933.69 926.646 663.73 639.282 552.896 447.151 357.167 324.617 316.926 292.665 291.094 257.242 226.445 220.807 217.392 209.694 184.558 182.055 167.618 144.686 120.991 116.262 108.164 106.54 99.4364 97.9335 97.7842 96.9714 96.2211 88.7131 88.0216 84.9234 92.3511 80.3912 80.3431 77.9538 72.6911 75.6842 77.9177 78.6219 99.5966 72.6802 102.812 85.5366 101.673 97.5605 81.774 71.3483 68.1606 67.5445 118.555 73.6483 162.216 75.5371
threshold=0.0017984622199474407 1.3750000000000002 1.3750000000000002 0.0027966766662306602 0.001303203632956579 0.0027819060838327552 1.8750000000000002 0.0013495331350436258 1.8750000000000002 1.1250000000000002 0.0021288848598889063 0.0013665449845959991 1.1250000000000002 0.0038236737695708498 1.1250000000000002 0.0015256246482228707 0.003915421770894518 0.0021215098360134067 1.1250000000000002 0.0011720809903882426 0.0016272097149572227 1.6250000000000002 0.0015928053020944249 0.0010731675828695995 2.2500000000000004 2.2500000000000004 0.001008675399579 2.2500000000000004 0.0011720809903882426 1.6250000000000002 35.349401988192952 1.1250000000000002 -0.088497070528345226 15.375000000000002 1.6250000000000002 1.6250000000000002 2.2500000000000004 14.958333333333334 1.6250000000000002 0.014297976374552998 0.13385620961730396 0.0020237902322379022 1.6250000000000002 -0.0046451846938111241 35.349401988192952 14.375000000000002 3.2500000000000004 -0.23105312835107442 -0.091645602692310368 -0.052660970406740823 -0.058298371427623973 0.00091973830483267518 -0.039011623204725107 -0.029740890623773514 29.908292714050585 1.6250000000000002 33.47911784760619 12.625000000000002 -0.024536438200905227 14.208333333333334 -0.035532750613633889 -0.23752482284043752
decision_type=2 2 2 2 2 2 2 2 2 2 2 2 2 2 2 2 2 2 2 2 2 2 2 2 2 2 2 2 2 2 2 2 2 2 2 2 2 2 2 2 2 2 2 2 2 2 2 2 2 2 2 2 2 2 2 2 2 2 2 2 2 2
left_child=1 4 3 10 12 8 7 19 17 15 14 25 23 31 -2 43 21 42 30 38 -11 -7 29 49 -13 28 -14 41 -8 -9 32 -5 -12 -32 -19 -24 -23 -21 -3 40 -15 -10 -4 -6 -20 -46 -47 -48 -49 50 54 53 -53 -51 -1 -18 -25 -17 59 -59 61 -61
right_child=2 6 5 13 9 16 11 22 27 20 18 24 26 39 -16 57 55 34 44 37 -22 36 35 56 -26 -27 -28 -29 -30 -31 33 -33 -34 -35 -36 -37 -38 -39 -40 -41 -42 -43 -44 -45 45 46 47 48 -50 51 -52 52 -54 -55 -56 -57 -58 58 -60 60 -62 -63
leaf_value=-0.061355869571768473 -0.0073319582418066749 -0.013688098129569183 -0.00068471303725129058 0.0003399802225675798 -0.046777101782099088 0.0040624726120729107 -0.0072793063164075331 -0.0054640796999060968 0.0025153697515584591 -0.0089998533845691338 -0.0016014529715585009 0.0003264579477642977 -0.022726434742230538 0.005156971842728824 -0.0032706169277868739 -0.012648107377454211 0.0067415422033469639 0.0018156831327665779 -0.002894684145309516 -0.0062110838616199135 -0.0051860111770725631 0.0060297793776765219 -0.0026967957117777904 -0.013971709763711685 0.0028260780332782687 -0.00075217273555642258 -0.014490395319290916 0.0055560202898524719 -0.0028389734272977196 -0.0027256426727735139 -0.0028535442848490319 0.0026004742247042996 -0.0089737646594623133 0.0095686394735187263 0.0035971424941867742 -0.00016371315889171498 0.0078256934049785211 -0.01146136230447586 -0.009417689169323654 0.010293176331502523 -0.0062043513698859729 0.0044508228797908896 0.0012640723213307699 -0.015436436219487157 -0.00019565121730430349 0.00096317825117237822 -0.018221277810792937 0.019533168890354322 0.0049884311147134876 -0.017322684390531792 -0.00019496942498625129 -0.046774399895034464 -0.026669933467680835 -0.046085723006270812 -0.023966578611219175 0.0088557163052781981 -0.021970667748728658 -0.009664439482955315 -0.011902716780022773 -0.025280698828132032 0.013248315666312889 -0.0053547615452883158
leaf_weight=155 108296 24130 105653 104143 199 111781 24171 77543 75724 102352 6777 147809 7249 107184 108241 38519 53144 154129 20933 64913 62801 223842 75573 2888 147573 66182 41799 259408 41996 77493 131540 104358 14069 1606 153989 75555 111851 9184 24137 8037 1819 184064 105901 66787 115409 11986 274 1656 4069 364 446 699 6268 1551 2587 160209 34217 15025 33966 502 1180 9052
leaf_count=155 108296 24130 105653 104143 199 111781 24171 77543 75724 102352 6777 147809 7249 107184 108241 38519 53144 154129 20933 64913 62801 223842 75573 2888 147573 66182 41799 259408 41996 77493 131540 104358 14069 1606 153989 75555 111851 9184 24137 8037 1819 184064 105901 66787 115409 11986 274 1656 4069 364 446 699 6268 1551 2587 160209 34217 15025 33966 502 1180 9052
internal_value=-3.5421e-06 -0.00550868 0.00277022 -0.000867988 -0.0123216 0.0045905 -0.00209842 -0.00447379 0.00322108 -0.0101982 -0.00318012 0.000281374 -0.0194638 0.00285977 -0.0053018 -0.0128456 0.00674333 0.00172281 -0.00169004 -0.00871212 -0.0075496 0.00598725 -0.00277986 -0.0232103 0.00157527 -0.0026064 -0.0157076 0.00472073 -0.00446104 -0.0040953 -0.00322804 0.00147139 -0.00657704 -0.00270371 0.00270601 -0.00143041 0.00662817 -0.00686183 -0.0115526 0.00533309 0.00496738 0.00388667 0.000290822 -0.0155295 -0.000155368 0.000274502 0.00329146 0.00794336 0.00919561 -0.028935 -0.0224588 -0.0312595 -0.028687 -0.0406185 -0.0260801 0.0083291 -0.0213481 -0.0110156 -0.00996275 -0.00740469 -0.00424159 -0.00640174
internal_weight=3.83496e+06 1.28486e+06 2.55009e+06 850397 428606 1.6997e+06 856259 428528 1.03887e+06 330383 524856 427731 98223 325541 216537 165230 660827 519672 308319 122364 165153 447474 306164 49175 295382 132349 49048 519196 66167 155036 153992 208501 20846 133146 308118 151128 335693 74097 48267 117040 109003 259788 211554 66986 154327 133394 17985 5999 5725 12070 3188 8882 6967 1915 2742 213353 37105 98244 59725 25759 10734 9554
internal_count=3834957 1284865 2550092 850397 428606 1699695 856259 428528 1038868 330383 524856 427731 98223 325541 216537 165230 660827 519672 308319 122364 165153 447474 306164 49175 295382 132349 49048 519196 66167 155036 153992 208501 20846 133146 308118 151128 335693 74097 48267 117040 109003 259788 211554 66986 154327 133394 17985 5999 5725 12070 3188 8882 6967 1915 2742 213353 37105 98244 59725 25759 10734 9554
is_linear=0
shrinkage=0.05


Tree=19
num_leaves=63
num_cat=0
split_feature=12 8 8 12 10 10 10 12 12 12 10 8 8 8 5 10 5 12 8 12 5 10 12 4 8 5 12 5 13 1 5 3 8 5 8 12 5 8 5 10 5 7 3 8 5 12 8 5 8 3 5 5 1 13 10 5 7 8 5 7 5 8
split_gain=15327.2 4934.34 3296.56 1889.76 1168.44 1150.86 743.967 740.902 714.711 628.584 398.174 357.868 311.59 310.044 284.829 232.404 214.69 208.246 208.239 202.383 201.818 190.132 188.434 184.98 141.482 140.491 138.855 137.082 135.972 131.402 128.359 128.357 126.866 126.448 119.366 118.05 116.166 114.785 114.568 114.28 113.406 110.97 112.967 106.187 97.75 97.2091 96.9843 96.4341 94.0251 92.202 92.0986 92.0704 97.0772 90.2064 135.394 89.6237 87.001 86.9 86.3784 85.2948 84.8637 83.5341
threshold=1.3750000000000002 0.0014419497439616764 0.0019529388242018615 1.8750000000000002 12.375000000000002 11.79166666666667 12.29166666666667 1.8750000000000002 1.1250000000000002 1.1250000000000002 12.875000000000002 0.0010155493713937763 0.0023552161855015974 0.0034810716862304892 0.45666661577646411 12.79166666666667 2.9897817820203323 1.1250000000000002 0.0020452018260303938 2.2500000000000004 1.92436441498178 12.708333333333334 1.1250000000000002 15.168573889565758 0.000830633779300312 1.0421062758936424 2.2500000000000004 1.92436441498178 2.7500000000000004 41.745979918272681 0.78765775451618902 0.0028654088957339647 0.0031802641927818911 1.3983153749509651 0.00095008313361034642 1.6250000000000002 0.9588638415825449 0.0010512609159416349 0.46515529612490503 14.958333333333334 0.75615758662016719 -0.010231807229449994 0.014297976374552998 0.0052342916430602139 4.009773112172712 2.2500000000000004 0.000830633779300312 2.2798951585276446 0.0046323103647944956 -0.0011242695606776055 0.48515518595430901 0.57350039544806275 58.305584795455808 2.7500000000000004 14.625000000000002 0.57350039544806275 0.0010756186398497294 0.0044441382372416545 0.24332518032159037 0.0014536141455494536 0.64938193916423581 0.0015060240963855865
decision_type=2 2 2 2 2 2 2 2 2 2 2 2 2 2 2 2 2 2 2 2 2 2 2 2 2 2 2 2 2 2 2 2 2 2 2 2 2 2 2 2 2 2 2 2 2 2 2 2 2 2 2 2 2 2 2 2 2 2 2 2 2 2
left_child=1 4 3 6 14 13 38 15 23 12 26 30 16 17 46 32 31 50 27 37 35 45 -16 -6 -25 34 -5 55 39 44 -8 51 -4 -20 -10 -13 -15 -12 -2 -17 59 -38 -43 -35 48 -9 -1 57 60 -18 -3 -7 56 54 -23 -11 -53 -31 -48 -26 -14 -40
right_child=2 5 7 10 8 9 11 21 25 18 19 20 29 36 22 28 49 -19 33 -21 -22 53 -24 24 40 -27 -28 -29 -30 47 -32 -33 -34 43 -36 -37 41 -39 61 -41 -42 42 -44 -45 -46 -47 58 -49 -50 -51 -52 52 -54 -55 -56 -57 -58 -59 -60 -61 -62 -63
leaf_value=-0.0070481046322914617 0.0017313232802376845 -0.0010775934148372277 0.0028583009348949022 0.0026252892277797511 -0.016818709219958018 -0.0046429511782022405 -0.0034459011069505221 0.0053946698255560276 -0.0091851209557025412 -2.1245896413620562e-05 -0.0018178229448556804 -0.0021212257745318484 0.0023895103573690134 0.0035157042176419879 -0.0099500234338717117 0.0013133792529069009 -0.0084102308418506026 0.00019877969646866079 0.00089064463909445206 0.0024440459433686147 -0.00500036024446366 0.0047177884155702211 -0.0052902487376428626 -0.015879237966681906 -0.010193210573525527 -0.010650380900033788 0.0045533891426043013 -0.0086361984413539858 0.0029058006240430798 -0.002087231277785919 -0.0066411716740771972 -0.001764523988158797 0.004712375522825869 -0.0030784096232869297 -0.0055995425697292038 6.4047833927269055e-05 0.0068523626129901958 0.00093584097679865494 -0.0012238893107812169 -0.0025205304670572002 -0.013168906103700022 -0.00073281045926546135 0.0064854342080188703 0.0032934930660306568 -0.017479238009252794 0.007024020000269679 -0.00043786461318698041 -0.0057639044760351482 0.0023552174987205524 -0.0222103357698374 -0.0037131710616108622 -0.0085022938181188428 -0.013086219266985388 0.0053547640224221715 0.00098585374736285462 -0.0040210350274996996 -0.0040918196059140178 0.0044781914421681756 -0.0040318632249047304 -0.0020174410400052318 -0.0080149092101519364 0.0012245480136240025
leaf_weight=17145 147121 58185 199176 186700 29364 21341 80482 183152 40291 18363 57736 123676 2183 55385 43316 72827 1868 134670 61776 167689 36751 61867 43466 22236 36900 40040 186809 12916 99401 42289 51570 10393 171886 54221 54756 123528 6270 109845 87401 26513 43339 61851 5941 7435 1922 183014 24497 16221 3109 3438 77028 63173 9474 102069 40028 59015 13586 5722 52649 3492 19174 57922
leaf_count=17145 147121 58185 199176 186700 29364 21341 80482 183152 40291 18363 57736 123676 2183 55385 43316 72827 1868 134670 61776 167689 36751 61867 43466 22236 36900 40040 186809 12916 99401 42289 51570 10393 171886 54221 54756 123528 6270 109845 87401 26513 43339 61851 5941 7435 1922 183014 24497 16221 3109 3438 77028 63173 9474 102069 40028 59015 13586 5722 52649 3492 19174 57922
internal_value=1.66751e-05 -0.00445349 0.00225151 0.000641457 -0.00865746 -0.00215824 -0.00118476 0.00425322 -0.0107389 -0.00396076 0.00246683 -0.00254327 -0.00587702 -0.000228036 -0.00554904 0.00297815 -0.00751324 -0.00119292 -0.00204301 0.00121598 -0.00154321 0.00552757 -0.00761611 -0.0133071 -0.012334 -0.00816605 0.00358962 -0.00386777 0.00159837 -0.00365122 -0.00469374 -0.0070707 0.00371716 -0.000708138 -0.00711949 -0.00102924 0.00178364 -1.28676e-05 0.000747744 0.000290141 -0.0113925 0.000488364 -0.000100234 -0.00231003 -0.00662173 0.00620904 -0.00364658 -0.00243086 -0.00576879 -0.0173519 -0.00257903 -0.00758335 -0.00831104 0.00430415 0.00325175 -0.00307182 -0.00772166 -0.00130476 -0.00289062 -0.00948639 -0.00695142 -0.000248005
internal_weight=3.8356e+06 1.27844e+06 2.55716e+06 1.41723e+06 451491 826949 708451 1.13993e+06 270418 427619 708779 416007 213893 399330 181073 569803 123273 269883 213726 335270 283955 570130 86782 135331 105967 135087 373509 90294 198741 90620 132052 117967 371062 123432 95047 247204 129447 167581 292444 99340 83731 74062 67792 61656 26388 366166 94291 64232 24466 5306 135213 107574 86233 203964 101895 77378 76759 48011 77146 40392 21357 145323
internal_count=3835603 1278440 2557163 1417230 451491 826949 708451 1139933 270418 427619 708779 416007 213893 399330 181073 569803 123273 269883 213726 335270 283955 570130 86782 135331 105967 135087 373509 90294 198741 90620 132052 117967 371062 123432 95047 247204 129447 167581 292444 99340 83731 74062 67792 61656 26388 366166 94291 64232 24466 5306 135213 107574 86233 203964 101895 77378 76759 48011 77146 40392 21357 145323
is_linear=0
shrinkage=0.05


Tree=20
num_leaves=63
num_cat=0
split_feature=8 10 8 5 5 5 8 5 8 8 8 3 2 8 10 13 5 4 5 8 4 3 5 2 2 2 4 10 2 3 2 10 13 10 2 3 3 10 1 4 4 5 10 8 2 3 3 1 2 10 1 2 2 1 3 3 5 13 10 2 10 5
split_gain=7027.15 1895.1 1301.29 1063.77 581.008 546.131 449.803 422.67 338.515 332.853 331.269 327.163 313.511 275.512 260.966 339.224 255.122 206.099 202.285 177.448 173.216 239.766 159.851 159.524 169.362 159.493 170.432 152.538 146.163 151.629 175.178 163.415 154.746 145.423 139.584 136.414 129.202 128.059 124.748 119.098 116.924 116.099 114.731 132.637 172.905 114.392 114.222 165.458 132.66 112.687 110.409 107.315 114.685 104.824 197.577 189.919 124.685 118.371 116.71 103.528 103.376 103.199
threshold=0.0016313213703099338 12.958333333333334 0.0033972634109162869 1.0421062758936424 0.39259146726554822 1.0421062758936424 0.000830633779300312 1.5987858960369099 0.0010155493713937763 0.0010512609159416349 0.0021663709145809239 0.003480399887956323 -0.085652006922059126 0.0070428171719608785 15.29166666666667 2.7500000000000004 2.3734053107671458 15.828187455999549 0.57350039544806275 0.00089688333098345095 21.560719663765756 -0.00094653444184287247 4.6378149577274304 -0.12974289593827013 -0.11344247464837522 -0.12531192914558975 24.641829962014189 14.708333333333334 -0.20150058846806043 -0.0032819044742607613 -0.1482781910096794 14.875000000000002 3.2500000000000004 14.54166666666667 -0.098275644095627598 0.010142754857045048 -0.0038440178884288725 15.29166666666667 74.29524809524105 28.162785859783025 10.251597655383696 0.56419311790059334 14.458333333333334 0.0022091111337624782 -0.24717212517216716 0.0038892851962889843 0.0019155121520336696 59.52099611994003 0.040571181833472879 14.958333333333334 51.512336371227512 0.0019445166147716013 -0.068085389591533568 59.52099611994003 -2.2280960711661537e-05 0.0023412838443855415 5.2157424184552719 2.7500000000000004 14.875000000000002 0.12403346632871261 15.375000000000002 3.3195740637813524
decision_type=2 2 2 2 2 2 2 2 2 2 2 2 2 2 2 2 2 2 2 2 2 2 2 2 2 2 2 2 2 2 2 2 2 2 2 2 2 2 2 2 2 2 2 2 2 2 2 2 2 2 2 2 2 2 2 2 2 2 2 2 2 2
left_child=1 4 3 10 19 6 -3 35 51 20 18 12 14 22 28 -16 38 33 49 -1 21 -7 -9 -23 27 -11 46 -25 42 -30 31 -31 -33 -8 -26 -4 -10 -24 -14 -32 -18 -19 -5 -44 -45 -28 47 -27 60 -2 -42 52 -6 54 -22 -55 57 -56 -59 -52 -49 -46
right_child=2 5 7 11 8 9 17 13 36 25 -12 -13 16 -15 15 -17 40 41 -20 -21 53 23 37 24 34 26 45 -29 29 30 39 32 -34 -35 -36 -37 -38 -39 -40 -41 50 -43 43 44 61 -47 -48 48 -50 -51 59 -53 -54 55 56 -57 -58 58 -60 -61 -62 -63
leaf_value=-0.0012597004640211009 0.0021825866769306264 -0.0061130159093427672 0.0046259650104755251 -0.00024520138386979577 -0.002352337048459855 -0.0034325856719952977 -0.0038479966777231218 0.0015743076350295548 0.002493795781781355 -0.0017665111372533869 0.0029951518152598368 0.0023110609895517203 -0.0010853160585841072 0.0047322669997730826 -0.00035081156075077733 0.017343316656837703 0.010624638555415141 -0.00057972738185170969 9.4847371377214647e-05 0.0014863139862729084 -0.0072898979629605759 -0.0042962322473790024 -0.0032265318507456765 -0.011799857182608496 0.0060946341995733698 -0.0067326112614967673 -0.0038305488317301947 -0.039813400876364147 0.006145658831394272 0.0015637728292821045 -0.0035986676490760215 0.0052819391790239574 0.02292618125693123 -0.010105003240260344 -0.012962029593508662 0.008480317259904847 -0.0012611284938327766 -0.031375176497965125 -0.036279744986030794 0.0030820458460331154 -0.0031067147182337112 -0.0026182090324097505 -0.00057633215665644025 0.0013208921006557966 -0.013431577250011699 0.0064164032725517774 -0.00063999979751495906 -0.017211485300093771 0.0065840239571013925 -0.03675007389117313 -0.0065700183953578311 -0.002006641002858519 -0.005704843372134622 -0.016289816687709874 -0.0034127680166706337 -0.0020478613466402714 -0.039818082617388839 -0.00060571551399227566 0.015263546960574182 -0.031171204283627497 -0.050388001091030234 -0.036248519086668679
leaf_weight=77792 245479 108431 339840 25993 38466 10062 75228 163562 24446 34687 498728 82569 291488 76654 5421 5414 1299 113251 232202 241369 20881 5785 13010 868 989 86450 52385 1104 14997 21674 25285 3740 1861 10594 33833 24619 364368 417 252 9062 51997 182256 5849 2020 4084 2873 7060 4117 568 186 29213 63119 75736 5791 4688 3929 180 2176 2478 434 249 564
leaf_count=77792 245479 108431 339840 25993 38466 10062 75228 163562 24446 34687 498728 82569 291488 76654 5421 5414 1299 113251 232202 241369 20881 5785 13010 868 989 86450 52385 1104 14997 21674 25285 3740 1861 10594 33833 24619 364368 417 252 9062 51997 182256 5849 2020 4084 2873 7060 4117 568 186 29213 63119 75736 5791 4688 3929 180 2176 2478 434 249 564
internal_value=-1.26117e-05 -0.00246726 0.00185404 0.00108468 -0.000888968 -0.00427973 -0.00327142 0.00379557 -0.00185072 -0.00603618 0.00209374 -0.000604985 -0.00108591 0.00222826 0.00107203 0.00849054 -0.00181139 -0.00246341 0.00115297 0.000817003 -0.00848786 -0.0103741 0.00114378 -0.0120145 -0.0132281 -0.00482896 -0.00552009 -0.0274829 0.000373858 0.00163689 0.000539588 0.00353119 0.0111445 -0.00462037 -0.0124208 0.00488632 -0.00102504 -0.00410074 -0.00111572 -0.00183605 -0.00425831 -0.00183698 -0.00213906 -0.00607186 -0.0108924 -0.00329778 -0.00676749 -0.00724088 -0.0161464 0.00215311 -0.0044951 -0.00366118 -0.00457564 -0.00601306 -0.00456802 -0.010533 0.00140083 0.00219503 0.0078438 -0.00693015 -0.0191036 -0.0162002
internal_weight=3.83412e+06 1.65621e+06 2.17791e+06 1.55981e+06 885296 770913 489760 618102 566135 281153 976595 583216 500647 253643 125964 10835 374683 381329 477867 319161 92764 52641 176989 42579 36794 188389 153702 1972 115129 76619 61622 27275 5601 85822 34822 364459 388814 13427 291740 34347 82943 295507 38510 12517 6668 55258 98444 91384 4934 245665 81644 177321 114202 40123 30403 9720 9522 9342 4654 29647 4366 4648
internal_count=3834122 1656209 2177913 1559811 885296 770913 489760 618102 566135 281153 976595 583216 500647 253643 125964 10835 374683 381329 477867 319161 92764 52641 176989 42579 36794 188389 153702 1972 115129 76619 61622 27275 5601 85822 34822 364459 388814 13427 291740 34347 82943 295507 38510 12517 6668 55258 98444 91384 4934 245665 81644 177321 114202 40123 30403 9720 9522 9342 4654 29647 4366 4648
is_linear=0
shrinkage=0.05


Tree=21
num_leaves=63
num_cat=0
split_feature=0 12 12 0 0 12 12 0 0 0 12 0 12 0 0 12 12 0 0 0 0 12 10 13 0 0 0 0 10 9 12 4 12 10 4 12 12 11 12 12 10 4 3 0 0 12 4 1 8 10 1 13 12 5 10 0 0 4 4 4 1 10
split_gain=18871.5 9346.63 5900.81 3247.76 1872.65 1491.47 1286.42 1189.77 910.35 620.46 601.429 458.41 388.168 331.612 309.563 288.218 274.218 245.197 222.558 206.137 197.769 179.508 164.187 172.019 156.906 148.683 141.416 138.937 122.896 125.631 121.543 114.985 108.17 106.4 117.991 102.496 93.3851 91.2344 89.5884 85.1547 81.6551 118.796 90.3936 81.9492 74.5305 72.8812 72.6363 81.0076 72.0841 87.1789 94.4947 89.0921 70.8385 70.8232 69.0009 74.8539 67.9166 67.8057 67.2062 66.5382 66.5044 65.9232
threshold=0.0017421547678472178 1.3750000000000002 1.6250000000000002 0.0026356608915881941 0.001303203632956579 1.8750000000000002 1.1250000000000002 0.0025822329228932469 0.0012818299446718867 0.0037787255163597294 1.1250000000000002 0.0012288671412963254 1.1250000000000002 0.0021215098360134067 0.0021215098360134067 2.2500000000000004 1.1250000000000002 0.0033410321607367445 0.0014637866531192422 0.0009643359574801752 0.0015565082277982408 2.2500000000000004 14.29166666666667 2.7500000000000004 0.0010731675828695995 0.0014875953953294139 0.0009643359574801752 0.0020314230141830797 14.875000000000002 0.00046232085067035545 1.3750000000000002 17.187403287599452 2.2500000000000004 14.29166666666667 17.809689794988415 1.6250000000000002 1.1250000000000002 0.95999999999998531 2.2500000000000004 1.6250000000000002 12.54166666666667 42.249574306859778 -0.00044317541074590758 0.0016340989071323934 0.0015256246482228707 1.6250000000000002 54.026762800348948 57.319098078296186 0.0030421769090454272 14.29166666666667 21.977371776981581 2.7500000000000004 1.3750000000000002 1.7546885978649909 15.29166666666667 0.0025338930482077817 0.0044586171814352963 20.441400529640777 19.072870714237645 60.932501062670681 71.65879873656769 15.29166666666667
decision_type=2 2 2 2 2 2 2 2 2 2 2 2 2 2 2 2 2 2 2 2 2 2 2 2 2 2 2 2 2 2 2 2 2 2 2 2 2 2 2 2 2 2 2 2 2 2 2 2 2 2 2 2 2 2 2 2 2 2 2 2 2 2
left_child=1 4 3 6 12 8 13 15 24 16 18 32 19 48 30 27 -5 38 -6 57 28 44 52 -24 58 -12 -14 -4 35 -30 -8 -25 -7 -15 -35 -10 -11 -36 -9 -26 41 -20 43 -42 -13 -22 47 -44 49 50 59 -51 -16 -53 -33 -56 -19 -1 -3 -2 -60 -45
right_child=2 5 7 9 10 11 14 17 20 36 25 21 26 33 22 -17 -18 56 40 -21 45 -23 23 31 39 -27 -28 -29 29 -31 -32 54 -34 34 37 -37 -38 -39 -40 -41 42 -43 46 61 -46 -47 -48 -49 -50 51 -52 53 -54 -55 55 -57 -58 -59 60 -61 -62 -63
leaf_value=-0.034990590808181607 0.015920303457477424 -0.014714234846113138 0.0015717451583923991 -0.00020118256350386374 -0.014746266483265148 -0.0056770751326660493 -0.0030755240825730851 0.0047675514947082206 -0.0050029550398154495 0.0036041983750663103 -0.0094218117896235198 -0.0014037894723850344 -0.022595518413804003 -0.0038928352665053979 -0.0009307368063288155 0.00470603168346232 0.0026124344109618664 0.0068127232728618023 -0.013348242024687632 -0.019692708635548159 -0.0027768566682720591 0.002020276229593985 0.00016262214118168235 0.015043295649000019 -0.0093332772073162259 -0.0061167987258109058 -0.01359036129203477 0.0032929100494016 -0.0067823436170320805 -0.023641689048941154 -0.00087695917883766545 0.0035528407967918246 -0.0016946916913022159 0.0079347695294559976 -0.0012517373296664334 -0.0023191867561563289 0.0059999223708744661 -0.027646197596592693 0.0065392306508441902 -0.0056878099211351242 -0.013747897082399502 -0.0019367544833338744 -0.0062215348091906198 -0.0092941135926472001 0.00075464915439814903 -0.00046173684077684433 0.019329384832966087 -0.011268992837488516 -0.010675806633556648 -0.0068728539026029203 -0.0073317835810998754 -0.0034432313292855864 0.00086660919717874779 0.0050971674424895828 0.016321691833366066 -0.0076999777368714859 0.0084430138811599619 -0.022575578542401074 -0.0089196986288978455 -0.035400892453534262 -0.03800966562330723 0.0063243821014960615
leaf_weight=3105 646 12842 196060 129987 46760 34010 125682 213987 71075 60984 54426 81830 4835 109861 109506 243951 259431 183692 31773 44289 67966 159761 18770 3544 32037 90804 44349 291688 20794 1167 125768 12731 34196 3893 14423 71229 122153 335 107051 32040 17364 2457 22679 10960 78227 68012 245 12239 11555 10603 92176 6778 109778 3782 2116 383 97946 1703 11143 70 200 720
leaf_count=3105 646 12842 196060 129987 46760 34010 125682 213987 71075 60984 54426 81830 4835 109861 109506 243951 259431 183692 31773 44289 67966 159761 18770 3544 32037 90804 44349 291688 20794 1167 125768 12731 34196 3893 14423 71229 122153 335 107051 32040 17364 2457 22679 10960 78227 68012 245 12239 11555 10603 92176 6778 109778 3782 2116 383 97946 1703 11143 70 200 720
internal_value=-1.10093e-05 -0.00531996 0.0023065 -4.38424e-05 -0.0116493 -0.00215168 -0.00218105 0.00465786 -0.00434161 0.00280201 -0.00963044 4.09619e-05 -0.0176151 -0.00508573 -0.000728801 0.00330286 0.00167325 0.00630293 -0.011906 -0.0207602 -0.00302933 0.00083461 0.000492151 0.00354743 -0.00880562 -0.00735538 -0.0144756 0.00260105 -0.00419688 -0.00767824 -0.00197587 0.00693152 -0.00368045 -0.00330005 0.000191667 -0.00365962 0.00520215 -0.00185088 0.00535832 -0.00751046 -0.0105568 -0.0125291 -0.00950538 -0.0115696 -0.000348864 -0.00161891 -0.00780035 -0.0079907 -0.00691267 -0.00653142 -0.00719123 -0.00363529 -3.09491e-05 -0.000384539 0.00504391 0.0126401 0.00737969 -0.0305932 -0.0122371 0.0109029 -0.00943261 -0.00833133
internal_weight=3.83457e+06 1.16524e+06 2.66933e+06 1.33496e+06 388708 776529 762400 1.33438e+06 388505 572555 290427 388024 98281 254122 508278 731699 389418 602676 145197 49097 300243 319818 256828 37544 88262 145230 49184 487748 164265 21961 251450 18774 68206 128512 18651 142304 183137 14758 321038 64077 98437 34230 64207 29044 160057 135978 35163 34918 125610 114055 92892 21163 219284 10560 15230 2499 281638 4808 24185 716 11343 11680
internal_count=3834567 1165237 2669330 1334955 388708 776529 762400 1334375 388505 572555 290427 388024 98281 254122 508278 731699 389418 602676 145197 49097 300243 319818 256828 37544 88262 145230 49184 487748 164265 21961 251450 18774 68206 128512 18651 142304 183137 14758 321038 64077 98437 34230 64207 29044 160057 135978 35163 34918 125610 114055 92892 21163 219284 10560 15230 2499 281638 4808 24185 716 11343 11680
is_linear=0
shrinkage=0.05


Tree=22
num_leaves=63
num_cat=0
split_feature=0 12 12 0 0 0 12 0 12 0 12 0 0 0 12 12 12 0 12 0 0 0 12 12 10 12 4 10 0 0 12 0 0 4 12 13 2 10 1 1 10 0 0 2 10 10 2 13 2 2 1 7 4 3 2 2 10 13 2 2 3 10
split_gain=17315.5 8281.93 5532.22 2630.18 1794.65 1532.73 1296.42 738.358 692.75 554.26 537.451 473.071 426.668 396.827 344.922 332.91 205.156 188.571 187.797 171.262 168.346 165.448 162.28 130.493 123.622 121.716 121.587 121.198 111.188 110.086 108.504 103.332 101.438 100.773 97.1207 95.7303 95.2535 96.9353 103.627 94.2782 87.6248 85.4176 84.5564 82.9861 137.167 96.4017 114.843 100.95 95.3316 89.1766 97.3761 83.9749 82.9191 82.6879 137.991 109.416 82.5381 128.965 112.102 101.608 77.6659 77.308
threshold=0.0017080861851677318 1.3750000000000002 1.3750000000000002 0.0026356608915881941 0.002447044795710162 0.0012818299446718867 1.8750000000000002 0.0012150028078286152 1.8750000000000002 0.0020966297214181913 1.1250000000000002 0.0035173918394614738 0.003188815239166832 0.0012423332632078875 1.1250000000000002 1.1250000000000002 1.8750000000000002 0.0014954963654819572 1.1250000000000002 0.0009643359574801752 0.0014406773548415175 0.0020237902322379022 2.2500000000000004 2.2500000000000004 14.875000000000002 2.2500000000000004 18.486126548560065 15.29166666666667 0.001008675399579 0.0048247459680383674 1.1250000000000002 0.001008675399579 0.0014713021032948708 26.342840883639372 1.6250000000000002 2.7500000000000004 0.12403346632871261 14.458333333333334 44.5392247880472 64.410624578430628 14.54166666666667 0.0054811788933351487 0.0009643359574801752 0.11081959178938204 14.208333333333334 14.29166666666667 -0.21633388016818658 3.2500000000000004 -0.025233115842940277 0.00746983222867566 51.28272137227043 0.0044423603768511963 11.839757314923306 -0.00042264922231487358 0.013455646140861194 -0.23497402227458938 14.29166666666667 3.2500000000000004 -0.23752482284043752 -0.091645602692310368 1.0000000180025095e-35 14.875000000000002
decision_type=2 2 2 2 2 2 2 2 2 2 2 2 2 2 2 2 2 2 2 2 2 2 2 2 2 2 2 2 2 2 2 2 2 2 2 2 2 2 2 2 2 2 2 2 2 2 2 2 2 2 2 2 2 2 2 2 2 2 2 2 2 2
left_child=1 5 3 9 8 14 7 39 21 15 20 26 16 31 19 43 -6 24 27 -1 52 36 -15 41 34 -10 -5 33 -16 -13 -28 -8 -12 -11 -9 -29 -4 -38 -39 42 -41 -14 -3 45 -45 -2 -47 -48 -49 -50 -51 -52 -7 54 -22 -55 -23 -58 -59 60 -60 -62
right_child=2 6 4 11 12 10 13 17 25 18 32 29 23 22 28 -17 -18 -19 -20 -21 53 56 -24 -25 -26 -27 30 35 -30 -31 -32 -33 -34 -35 -36 -37 37 38 -40 40 -42 -43 -44 44 -46 46 47 48 49 50 51 -53 -54 55 -56 -57 57 58 59 -61 61 -63
leaf_value=-0.029195208670766189 -0.0072918035317693676 -0.013293313236563204 -0.00014798109083512254 0.0033252951901529444 0.0032092387158136984 -0.006721129045600638 -0.0071947253463345105 -0.0053863280769599967 0.0026833109308882479 -0.0019056659355676791 -0.0091292916798827225 0.0033707040522282686 0.0055989073889322546 -0.00049068744362661294 -0.019790222453258489 -0.0031849357242854852 0.0052604001841310586 -0.0020845951845634022 -0.00043152775493052013 -0.019261092570578415 -0.010338729864510579 0.0012615651537265416 0.001875966133470065 0.0078837975732675477 -0.0081429936984690945 0.004321714431437443 -0.0010750263501422893 -0.0020764518801758931 -0.012998125767379576 0.0062915313727953774 0.0013266718118721077 -0.0024898603025806394 -0.0063519722091664845 -0.0046606800889026547 -0.0026296102328971825 0.015671981254815275 -0.0017677677639194188 0.011352487506075978 -0.029980429056381569 -0.0084263827243766295 -0.028302558680359281 0.0081437820445770803 -0.0081148012344936012 -0.0051628733241742665 -0.033051039762605872 -0.016823315814202208 -0.0052980610082400056 0.0080791755940398512 -0.012666159570446004 -0.0051675079297558582 0.015770202210373747 -0.039467824158603199 -0.015015236946969691 0.015685888515121635 -0.016418067740934596 -0.0095001876563787866 0.001750651209743916 -0.0150289003154436 0.025024911391936761 0.0063671227794145514 -0.0043479509378354132 0.019192147664441411
leaf_weight=4878 102991 9302 214451 35277 243789 3252 14560 63866 226689 66231 54355 112490 290525 144813 7201 130758 243835 151115 135931 39230 29392 200973 144918 109152 21044 226735 94004 1517 36911 45231 94104 58800 83201 66539 63933 1522 1417 187 802 1009 1231 37194 51664 1001 788 1611 16408 3292 1587 1966 1197 73 41069 435 13678 49636 23605 499 1522 8317 627 786
leaf_count=4878 102991 9302 214451 35277 243789 3252 14560 63866 226689 66231 54355 112490 290525 144813 7201 130758 243835 151115 135931 39230 29392 200973 144918 109152 21044 226735 94004 1517 36911 45231 94104 58800 83201 66539 63933 1522 1417 187 802 1009 1231 37194 51664 1001 788 1611 16408 3292 1587 1966 1197 73 41069 435 13678 49636 23605 499 1522 8317 627 786
internal_value=-9.76047e-07 -0.00533441 0.00211539 -0.00106046 0.00370152 -0.0114986 -0.0022514 -0.0043637 0.00212083 -0.00332697 -0.00965901 0.00211185 0.00525163 -0.000138686 -0.0172332 -0.00496942 0.00423492 -0.00332879 -0.00174537 -0.0203597 -0.0118701 0.000738342 0.000693068 0.00638645 -0.00459197 0.0035026 0.000631622 -0.00306039 -0.0141069 0.00420833 0.000126461 -0.00342365 -0.00744942 -0.00328637 -0.00400725 0.00681237 -0.000258977 -0.0101523 -0.0221652 -0.00927507 -0.0193494 0.00588773 -0.00890492 -0.00675179 -0.0174468 -0.00660361 -0.00389152 -0.00304199 0.00151964 -0.00295765 0.0018036 0.0125951 -0.0144067 -0.0106631 -0.0122694 -0.00928138 0.00165349 0.00388129 0.00816124 0.00918967 0.017188 0.00874654
internal_weight=3.83512e+06 1.08949e+06 2.74562e+06 914518 1.8311e+06 363238 726255 363164 906610 533412 275018 381106 924495 363091 88220 261672 487624 299958 271740 44108 137462 453186 289731 436871 148843 453424 223385 135809 44112 157721 188108 73360 137556 132770 127799 3039 216857 2406 989 63206 2240 327719 60966 130914 1789 129125 26134 24523 8115 4823 3236 1270 44321 93141 43070 50071 236329 35356 11751 11252 2935 1413
internal_count=3835116 1089493 2745623 914518 1831105 363238 726255 363164 906610 533412 275018 381106 924495 363091 88220 261672 487624 299958 271740 44108 137462 453186 289731 436871 148843 453424 223385 135809 44112 157721 188108 73360 137556 132770 127799 3039 216857 2406 989 63206 2240 327719 60966 130914 1789 129125 26134 24523 8115 4823 3236 1270 44321 93141 43070 50071 236329 35356 11751 11252 2935 1413
is_linear=0
shrinkage=0.05


Tree=23
num_leaves=63
num_cat=0
split_feature=0 12 12 0 0 12 0 12 0 0 12 0 12 12 12 0 0 0 12 0 0 12 12 0 0 2 0 10 2 2 13 3 2 5 0 10 1 5 2 0 0 0 3 3 12 12 9 1 1 1 10 2 6 0 2 2 10 3 5 2 2 1
split_gain=15584.2 7554.56 5034.03 2898.97 1418.87 1192.75 1079.75 1004.92 717.773 679.642 497.913 348.068 281.572 279.253 246.419 235.963 206.278 202.749 187.305 181.558 153.409 151.656 148.404 146.714 137.367 123.805 115.699 113.195 197.628 190.382 173.695 128.218 139.051 135.398 112.507 111.006 115.61 102.555 102.03 105.221 101.609 84.6665 83.8812 82.8492 82.218 81.6862 78.4645 77.1641 78.7756 76.647 82.4891 76.0164 75.9644 74.0329 72.9766 72.832 72.6503 76.7473 91.8282 89.2764 90.7374 89.048
threshold=0.0017080861851677318 1.3750000000000002 1.6250000000000002 0.002447044795710162 0.0012818299446718867 1.8750000000000002 0.0025822329228932469 1.1250000000000002 0.0012019726205368868 0.003188815239166832 1.1250000000000002 0.0012019726205368868 2.2500000000000004 1.1250000000000002 1.1250000000000002 0.0020802182649020543 0.0020156721888854958 0.0033410321607367445 1.6250000000000002 0.0049396466154972788 0.001502174174777132 2.2500000000000004 1.1250000000000002 0.0009643359574801752 0.0021288848598889063 0.11081959178938204 0.0011192457152150077 14.29166666666667 -0.23310205428303601 -0.027798695973169814 2.2500000000000004 -0.00011750689573742023 -0.04459880107107117 1.92436441498178 0.0014637866531192422 14.458333333333334 42.892266212482674 1.5987858960369099 -0.047866203576517614 0.0023393111815628509 0.001502174174777132 0.0009643359574801752 0.0064925136972438305 -0.0021719833460564679 2.2500000000000004 1.3750000000000002 0.0014231511861844156 49.075577812338331 70.029196493669176 36.501930462758203 13.208333333333334 -0.037820294916066512 -0.0014856663517162636 0.0014875953953294139 -0.23497402227458938 -0.029740890623773514 14.875000000000002 0.0016510381879862549 0.94988308421897683 -0.14502995519491416 0.043059930462199872 65.019317375980634
decision_type=2 2 2 2 2 2 2 2 2 2 2 2 2 2 2 2 2 2 2 2 2 2 2 2 2 2 2 2 2 2 2 2 2 2 2 2 2 2 2 2 2 2 2 2 2 2 2 2 2 2 2 2 2 2 2 2 2 2 2 2 2 2
left_child=1 4 3 7 13 8 12 15 41 14 20 44 24 23 -5 46 25 -8 34 22 54 -13 -11 55 -4 45 -15 -18 -29 30 -30 38 33 47 -10 -27 -37 -31 -32 43 -12 -3 -35 51 -7 -9 -2 -33 -49 50 -16 -40 -22 -20 -6 -1 -24 -58 -59 -60 -61 -62
right_child=2 5 6 9 10 11 17 16 18 19 40 21 -14 26 49 -17 27 -19 53 -21 52 -23 56 -25 -26 35 -28 28 29 37 31 32 -34 42 -36 36 -38 -39 39 -41 -42 -43 -44 -45 -46 -47 -48 48 -50 -51 -52 -53 -54 -55 -56 -57 57 58 59 60 61 -63
leaf_value=-0.019811531943937154 -0.006527775861779485 -0.013511736129355224 0.0014872546881192965 -0.0011785467407139491 0.0042980858110752539 -0.0055085060145736477 0.0048709135155524663 -0.0030925377124183563 -0.0059532726710132084 0.0015712539693579144 -0.0085089869962365495 -0.00053190940964636978 0.0042563806006631595 -0.016905556304281207 0.000694429805752235 -0.0033701416794263009 -0.00055455458440651327 0.0067093227400161562 -0.0030649301475106131 0.0062826705920545943 -0.016557061500580561 0.0016995729130216655 0.0042879012160164775 -0.018276446229598783 0.0031309561509049728 -0.0048201003013072577 -0.01163692371774773 -0.013755904579631183 -3.9706973121982682e-05 0.0035685990182883253 0.02125266635021934 -0.050739096514471282 0.025315631179068959 0.017361626292801125 -0.0032130445756701938 0.018649231429610932 -0.032569957458272895 -0.0035021428657658234 -0.046498581907512007 0.029418943477611915 -0.005784409668921478 -0.0083804424638911339 -0.020116955041885376 0.0065973576554160685 -0.0017581678182788712 -0.0011159351154401928 -0.024093263318429883 -0.0013129584507325582 -0.039800665055362276 0.0019592977122252545 -0.0050565804016563347 0.015061951209517086 -0.009369465042854604 -0.00085981997824952213 -0.013265290289044544 -0.032438779037593304 0.0039585132707277218 -0.02961421173086258 -0.015247318396731369 0.011048888461736293 0.0078790514174502443 -0.02208974897563655
leaf_weight=1868 125372 9626 281922 121933 597 29151 320806 104420 66744 89245 64231 152277 256741 16903 30875 100672 205207 281636 74286 59826 3882 152283 170376 39334 231473 1562 27169 1784 4684 10934 3753 91 771 1408 85369 126 877 9658 191 255 73237 48758 167 367 29305 104659 639 2086 142 205172 7813 68 69295 78060 63461 2938 4326 366 1060 1294 441 566
leaf_count=1868 125372 9626 281922 121933 597 29151 320806 104420 66744 89245 64231 152277 256741 16903 30875 100672 205207 281636 74286 59826 3882 152283 170376 39334 231473 1562 27169 1784 4684 10934 3753 91 771 1408 85369 126 877 9658 191 255 73237 48758 167 367 29305 104659 639 2086 142 205172 7813 68 69295 78060 63461 2938 4326 366 1060 1294 441 566
internal_value=-3.81918e-06 -0.00506577 0.00200339 -0.000137035 -0.010956 -0.0021208 0.00414477 -0.00245692 -0.00414812 0.00213801 -0.00918435 -9.44396e-05 0.00290443 -0.016473 0.000656718 -0.00517496 -0.00109743 0.00573035 -0.00317428 0.00379249 -0.0113149 0.000583854 0.00323593 -0.0192841 0.00222835 -0.00223705 -0.0136576 -9.89631e-05 0.00247235 0.0033097 0.00781217 0.0117672 0.00591559 0.00207444 -0.0044154 -0.0131552 -0.0261356 0.0002523 0.017658 0.00234511 -0.00705745 -0.00922646 0.0133877 -0.00868336 -0.0036284 -0.00210311 -0.00661685 -0.00560922 -0.00376595 0.00157437 -0.000466981 -0.030336 -0.00975076 -0.00193506 -0.0131016 -0.0275308 0.00406855 -0.000572123 -0.00583092 -0.00324101 0.00228993 -0.00896538
internal_weight=3.83454e+06 1.08877e+06 2.74576e+06 1.37319e+06 362915 725859 1.37258e+06 679893 362843 693293 274703 363016 770136 88212 365793 226683 453210 602442 304459 327500 137235 304560 267674 44140 513395 211644 44072 241566 36359 34575 13983 9299 4665 3894 152113 2565 1003 20592 4634 881 137468 58384 1575 626 58456 209079 126011 2319 2228 243860 38688 259 73177 152346 64058 4806 178429 8053 3727 3361 2301 1007
internal_count=3834538 1088774 2745764 1373186 362915 725859 1372578 679893 362843 693293 274703 363016 770136 88212 365793 226683 453210 602442 304459 327500 137235 304560 267674 44140 513395 211644 44072 241566 36359 34575 13983 9299 4665 3894 152113 2565 1003 20592 4634 881 137468 58384 1575 626 58456 209079 126011 2319 2228 243860 38688 259 73177 152346 64058 4806 178429 8053 3727 3361 2301 1007
is_linear=0
shrinkage=0.05


Tree=24
num_leaves=63
num_cat=0
split_feature=12 8 8 12 10 12 12 10 3 10 12 10 12 10 8 3 12 4 8 10 13 12 2 12 2 4 12 2 4 2 8 3 8 2 10 4 4 2 10 3 2 3 1 8 6 3 2 2 1 4 11 8 8 4 8 2 2 2 13 10 2 8
split_gain=10141.7 3041.26 1935.02 1183.77 741.181 644.281 604.057 404.217 401.569 390.534 346.111 281.632 227.035 218.111 185.481 175.807 170.123 165.224 152.424 139.296 165.977 132.427 131.326 122.731 121.068 120.743 115.012 109.069 103.604 101.974 99.8841 92.8894 92.2622 86.5883 102.135 86.4001 105.173 217.073 203.789 113.945 145.607 111.071 92.2554 87.7664 91.7685 86.6639 86.6229 224.232 107.89 83.4447 78.6651 77.7746 77.6555 76.7082 75.9776 78.9329 76.0021 75.955 75.642 74.7439 103.07 72.766
threshold=1.3750000000000002 0.0014348427655657325 0.0017735446264738575 1.8750000000000002 12.04166666666667 1.1250000000000002 1.8750000000000002 12.375000000000002 0.0028654088957339647 12.958333333333334 1.1250000000000002 14.458333333333334 1.1250000000000002 12.125000000000002 0.0027235587834770945 0.0031061622773496463 2.2500000000000004 15.168573889565758 0.0019529388242018615 14.458333333333334 3.2500000000000004 1.6250000000000002 -0.23752482284043752 2.2500000000000004 0.073471868810149332 15.168573889565758 1.6250000000000002 -0.23497402227458938 34.772383021385593 -0.072081480832530659 0.0034810716862304892 -0.0066559810298806614 0.0048436507289409186 -0.1380713732373503 14.958333333333334 50.265500968856948 33.270068038957355 0.041588330894311389 14.625000000000002 0.0050013513746155463 -0.15908999719997538 0.0070848482332954129 74.29524809524105 0.005557550601295847 0.003892491873532578 0.0036730248863468444 -0.21865890067952651 -0.19728384589080358 77.324820429981244 63.128626268424064 0.41666666666665114 0.000830633779300312 0.0010512609159416349 20.057281370490752 0.00051008399593949368 -0.09450313933816494 0.074880069374500494 0.054759594752825748 2.7500000000000004 15.125000000000002 -0.19370320573681091 0.00051008399593949368
decision_type=2 2 2 2 2 2 2 2 2 2 2 2 2 2 2 2 2 2 2 2 2 2 2 2 2 2 2 2 2 2 2 2 2 2 2 2 2 2 2 2 2 2 2 2 2 2 2 2 2 2 2 2 2 2 2 2 2 2 2 2 2 2
left_child=1 5 3 9 12 7 14 24 10 26 18 16 31 -7 -4 21 -5 22 33 23 -21 51 -9 -8 28 27 -2 -15 -1 -12 -14 -3 -20 59 -35 36 43 39 -39 42 41 50 -38 44 46 -40 -10 48 58 -37 -41 -11 -13 -45 55 -19 -56 -31 -48 -6 -61 -27
right_child=2 4 6 11 8 13 19 17 35 15 29 52 30 25 -16 -17 -18 54 32 20 -22 -23 -24 -25 -26 61 -28 -29 -30 57 -32 -33 -34 34 -36 49 37 38 45 40 -42 -43 -44 53 -46 -47 47 -49 -50 -51 -52 -53 -54 -55 56 -57 -58 -59 -60 60 -62 -63
leaf_value=-0.0076877547556665569 -0.00087299225809343297 0.0016631015254316229 0.0012648423147631541 0.0015227907056395412 -0.0047986289578190585 -0.0029253761047413258 0.003831130052655592 0.016870251576802883 -0.0087641129544725974 -0.0063854083423705021 -0.00056551752329123811 -0.0025460053121223545 2.6388415264203241e-05 0.015735214685096224 0.0029543455959617549 0.0042583473621364224 0.0033128538137318351 0.0086365238669349632 -0.0047749759378741576 0.001217250228477771 0.0053980372267730054 -0.0015903385448528175 -0.014297157268328997 0.0053342515916883753 0.0012500023174936859 -0.011236569078818493 0.00097073902003362014 -0.0093077284368769352 -0.0035800646012540422 -0.0039053236903288657 0.0023536477878280007 -0.0018839297463882927 0.0016562034172268232 -0.0073873106097833915 -0.01337427091360938 0.010372605400009947 -0.0032853061734635517 -0.0054777482699923568 0.032474725832373409 0.019809506385425488 0.0079292257588484075 -0.021645044244318457 -0.029599184621433253 -0.0025505592239560186 -0.012905951133378002 -0.02930422960619132 0.012349148837766822 0.00067437648949648574 -0.021548528724337278 -0.0069286089933787778 -0.010633637770760146 -0.0032345974830408756 0.0004707395708165201 0.01265740136891059 -0.0097035857280350635 -0.017585490477140395 -0.0035357095661811377 -0.00082405555846413721 0.034606031578097801 -0.0050209825664377303 0.027404603852076576 -0.0051707243151081651
leaf_weight=64263 169152 20392 327604 265648 11616 78045 271512 342 2105 23528 50035 31604 148314 441 322244 9445 265269 307 93622 71336 35580 140240 28750 271695 5068 5180 169184 30840 20168 94468 66902 194579 5930 49647 8317 3604 6528 3775 59 409 5939 837 351 1161 1225 1500 766 28179 146 864 441 116880 65634 2901 94573 4403 5273 25372 761 547 444 108558
leaf_count=64263 169152 20392 327604 265648 11616 78045 271512 342 2105 23528 50035 31604 148314 441 322244 9445 265269 307 93622 71336 35580 140240 28750 271695 5068 5180 169184 30840 20168 94468 66902 194579 5930 49647 8317 3604 6528 3775 59 409 5939 837 351 1161 1225 1500 766 28179 146 864 441 116880 65634 2901 94573 4403 5273 25372 761 547 444 108558
internal_value=1.02159e-05 -0.00362677 0.00182824 0.000429113 -0.00184021 -0.00695691 0.00318066 -0.00885649 -0.0033851 -0.0011052 -0.00405786 0.0019641 -0.000398156 -0.00505663 0.00210263 -0.0024513 0.00241718 -0.0105979 -0.00565199 0.00425825 0.00260855 -0.00267711 -0.0139308 0.00458294 -0.006256 -0.0062036 4.89606e-05 -0.00895467 -0.00670655 -0.00246141 0.00074984 -0.00154746 -0.00439189 -0.00742956 -0.00824635 0.000331121 -0.000192977 -0.00313359 -0.0117583 3.80304e-05 0.00424697 -0.00871621 -0.00462797 0.00137342 0.000524187 -0.0269662 0.001039 0.00173026 0.019515 0.00702698 0.00401489 -0.00376258 -0.000509754 0.00831067 -0.00967059 -0.0158763 -0.00937785 -0.00325297 0.0234412 -0.00367413 0.00950673 -0.00544698
internal_weight=3.8345e+06 1.27795e+06 2.55656e+06 1.25658e+06 831736 446211 1.29997e+06 223147 401549 628429 339998 628155 430187 223064 649848 290093 530917 133648 170123 650123 106916 280648 29092 543207 89499 145019 338336 31281 84431 169875 215216 214971 99552 70571 57964 61551 57083 19839 5334 14505 7626 1687 6879 37244 33182 1559 31957 29852 1673 4468 850 140408 97238 4062 104556 4710 99846 119840 1527 12607 991 113738
internal_count=3834502 1277947 2556555 1256584 831736 446211 1299971 223147 401549 628429 339998 628155 430187 223064 649848 290093 530917 133648 170123 650123 106916 280648 29092 543207 89499 145019 338336 31281 84431 169875 215216 214971 99552 70571 57964 61551 57083 19839 5334 14505 7626 1687 6879 37244 33182 1559 31957 29852 1673 4468 850 140408 97238 4062 104556 4710 99846 119840 1527 12607 991 113738
is_linear=0
shrinkage=0.05


Tree=25
num_leaves=63
num_cat=0
split_feature=0 12 12 0 0 0 12 12 12 0 0 12 12 0 12 0 2 12 0 0 2 2 0 0 0 10 12 12 4 4 10 5 9 3 0 2 5 0 0 2 2 13 4 2 2 2 2 7 4 10 3 4 10 12 12 0 2 2 10 3 4 10
split_gain=13402.9 7683.52 2665.02 2081.12 1547.93 1335.18 629.045 609.435 552.982 525.143 498.051 446.857 284.507 246.496 191.923 173.442 161.035 154.481 150.176 145.974 143.598 166.47 142.763 139.983 132.219 120.594 117.112 111.781 107.456 103.689 100.339 113.722 143.145 134.014 134.218 122.971 101.261 93.386 88.7714 87.6739 145.806 87.4493 96.0834 87.2583 97.3766 247.225 167.468 88.173 85.2693 83.4287 82.5335 82.4458 82.2992 82.1858 81.7564 81.7077 78.4401 100.451 79.9018 78.0517 90.8966 77.4652
threshold=0.0019822079772166125 1.3750000000000002 1.6250000000000002 0.0014330543367111499 0.0014330543367111499 0.003188815239166832 1.8750000000000002 1.8750000000000002 1.1250000000000002 0.0031425633854430608 0.0011385095547959822 1.1250000000000002 1.1250000000000002 0.0012019726205368868 2.2500000000000004 0.0016864418517801465 0.052191455803375093 1.6250000000000002 0.0010731675828695995 0.0048247459680383674 -0.052660970406740823 -0.058298371427623973 0.0023023736924603095 0.0023765010702893178 0.0016726944873805833 15.29166666666667 1.1250000000000002 2.2500000000000004 16.779374314454639 16.039041310283753 14.875000000000002 2.3289671859459955 0.0001102444712092104 0.0016510381879862549 0.0034268840569447677 0.051472238817806902 0.92695824978852748 0.0016540609052391555 0.0032135989236693643 -0.034604736679404315 -0.011464396716748225 2.7500000000000004 37.650365631684444 0.10162391666240064 0.014992999403379073 -0.14502995519491416 -0.081527357574765369 -0.00087875953241239857 23.928483656226362 14.875000000000002 -9.5167246728936929e-05 15.373464290024794 14.958333333333334 2.2500000000000004 1.1250000000000002 0.0023393111815628509 -0.088497070528345226 -0.19370320573681091 14.958333333333334 -0.0017825806131571301 10.903502431973239 14.54166666666667
decision_type=2 2 2 2 2 2 2 2 2 2 2 2 2 2 2 2 2 2 2 2 2 2 2 2 2 2 2 2 2 2 2 2 2 2 2 2 2 2 2 2 2 2 2 2 2 2 2 2 2 2 2 2 2 2 2 2 2 2 2 2 2 2
left_child=1 3 5 10 7 8 17 13 22 14 16 15 50 61 55 -5 20 37 -9 30 21 59 -2 -10 -13 29 -22 -8 -25 -24 54 33 -33 34 38 36 -36 -6 -32 51 -41 -27 -43 44 45 -35 -47 -46 -48 -15 -12 -38 -14 -20 -7 -4 57 -31 -59 -1 -61 -3
right_child=2 4 9 11 6 19 27 18 23 -11 12 24 52 49 -16 -17 -18 -19 53 -21 26 -23 25 28 -26 41 -28 -29 -30 56 31 32 -34 43 35 -37 39 -39 -40 40 -42 42 -44 -45 47 46 48 -49 -50 -51 -52 -53 -54 -55 -56 -57 -58 58 -60 60 -62 -63
leaf_value=-0.032335718012162666 -0.0037723052041475111 -0.0072909919024290483 0.0022722143904773426 -0.0094648648037703575 -0.0035246413588386955 0.0019046846691669274 0.0008638082989241261 -0.0053067979923281947 -0.00027633875714224354 0.0059660375508852883 -0.011969746737171405 -0.0059161972503685772 -0.0083021082994691516 -0.0039267300686329715 0.0047371699779024971 -0.0064404186066125127 -0.00015818802912676044 -0.00014326922888024092 -0.0022290937961724397 0.0055843654031814561 -0.023478817495164686 0.0027252166029477411 0.0022943606081261328 0.0040522665096019653 -0.0032632980581114926 -9.358886817991568e-05 -0.016930350076993519 0.0025729346205319008 0.0010340312943531295 -0.003267922633664488 -0.029951238250121096 -0.0028102437374347886 0.018618638863772349 -0.020780324944058765 0.023440041158680626 0.016415957740095796 0.010366619141264397 -0.001262353662827378 0.015129017304399526 0.021293180589400343 -0.014662627834198763 0.0211746074921953 -0.0077382298321697299 0.034925060741829154 0.0016270671277748843 0.03059079281061235 0.01890613572465049 -0.030254793062474795 -0.023588474272986545 -0.0077119290037833167 -0.015498940670276346 -0.029249983047022417 -0.01356435508019466 0.00012696043753017788 0.0038311786537554311 0.0035751628251847636 -0.0027150698822621853 0.0011446800704736982 0.013324058168654519 -0.029002716528800983 -0.012584157872908834 -0.01124961457554003
leaf_weight=661 93173 40732 206400 87802 75289 82530 191090 24105 226607 342919 35928 82852 58035 96573 247467 103022 1263 191077 74030 67493 13668 1403 16003 33513 108438 1797 13642 191577 245606 15614 117 1769 1393 1372 213 549 154 115747 1639 398 967 1456 358 99 274 548 180 1040 343 17141 30740 892 8521 74026 165524 288517 99059 23908 1427 953 7302 17741
leaf_count=661 93173 40732 206400 87802 75289 82530 191090 24105 226607 342919 35928 82852 58035 96573 247467 103022 1263 191077 74030 67493 13668 1403 16003 33513 108438 1797 13642 191577 245606 15614 117 1769 1393 1372 213 549 154 115747 1639 398 967 1456 358 99 274 548 180 1040 343 17141 30740 892 8521 74026 165524 288517 99059 23908 1427 953 7302 17741
internal_value=8.25507e-06 -0.00336908 0.00259549 -0.0081764 -0.000966867 0.000844372 0.00028652 -0.00375058 -0.000307596 0.00434776 -0.0127416 -0.00612009 -0.0112884 -0.00585388 0.00360026 -0.00783203 -0.0177196 -0.0011485 -0.00164696 0.00351249 -0.0183091 -0.0132842 -0.00221708 0.000646887 -0.00441233 -0.00130927 -0.0202077 0.00171946 0.00139642 -0.00151836 0.00297465 -0.00150105 0.00663012 -0.00442772 0.00103442 -0.00510353 -0.0096059 -0.00215394 0.0121254 -0.0125253 -0.00417881 0.00772411 0.0154685 -0.0114098 -0.0126308 -0.00672722 0.0112755 -0.0236067 -0.00896318 -0.0044973 -0.013597 -0.0234173 -0.00897582 -0.0010511 0.00319022 0.00303178 -0.00195415 -0.000113431 0.00183069 -0.0158034 -0.0144796 -0.00849206
internal_weight=3.83468e+06 1.66336e+06 2.17132e+06 554230 1.10913e+06 1.08602e+06 764780 344348 758521 1.0853e+06 172116 382114 133224 172187 742384 190824 38892 382113 172161 327494 37629 10319 252795 505726 191290 159622 27310 382667 279119 156011 260001 11947 3162 8785 4929 3173 2624 191036 1756 2411 1365 3611 1814 3856 3757 2443 1071 1314 523 113714 66668 1046 66556 148056 248054 494917 140008 40949 25335 8916 8255 58473
internal_count=3834676 1663358 2171318 554230 1109128 1086015 764780 344348 758521 1085303 172116 382114 133224 172187 742384 190824 38892 382113 172161 327494 37629 10319 252795 505726 191290 159622 27310 382667 279119 156011 260001 11947 3162 8785 4929 3173 2624 191036 1756 2411 1365 3611 1814 3856 3757 2443 1071 1314 523 113714 66668 1046 66556 148056 248054 494917 140008 40949 25335 8916 8255 58473
is_linear=0
shrinkage=0.05


Tree=26
num_leaves=63
num_cat=0
split_feature=0 12 12 0 0 0 0 12 12 12 12 0 0 0 12 0 2 10 2 2 12 4 0 4 0 2 4 0 2 0 0 10 0 7 2 2 8 0 12 4 12 12 2 0 11 2 2 11 2 8 3 2 2 0 2 4 12 5 7 10 3 3
split_gain=12309.1 6712.42 2625.74 1783.42 1290.46 1158.7 814.195 579.492 548.579 407.528 383.273 367.075 263.142 259.903 201.925 184.709 169.821 148.893 240.858 311.373 147.726 147.665 142.393 139.284 155.346 138.896 138.618 131.185 129.495 123.485 122.512 121.414 118.959 118.473 117.826 129.118 144.261 143.684 115.61 109.624 109.13 108.612 105.855 103.991 103.001 101.315 219.646 139.884 122.511 120.054 100.708 106.598 180.242 150.173 212.108 138.499 100.255 99.6767 99.0838 98.7568 109.375 97.9094
threshold=0.0019304504569152654 1.3750000000000002 1.3750000000000002 0.0013746063576724678 0.0014330543367111499 0.003188815239166832 0.0031425633854430608 1.8750000000000002 1.8750000000000002 1.1250000000000002 1.8750000000000002 0.0011385095547959822 0.0022557276650344142 0.0010731675828695995 1.1250000000000002 0.0016199060362394918 0.052191455803375093 14.29166666666667 -0.2280607228569389 -0.088497070528345226 1.1250000000000002 21.350520151209462 0.0016540609052391555 20.057281370490752 0.00292773825094692 -0.052660970406740823 17.187403287599452 0.0009643359574801752 -0.058298371427623973 0.0021721640144523042 0.0039644852554345843 14.958333333333334 0.0016726944873805833 -1.0000000180025095e-35 -0.072081480832530659 0.073471868810149332 0.0046323103647944956 0.002844408806028429 1.1250000000000002 37.200636872500297 2.2500000000000004 1.1250000000000002 0.069411781337801945 0.0028911156329929481 0.74074074074074892 -0.01095220183357795 -0.0060041889801621404 0.83156008300320716 0.066789464457214245 0.0040759696293437625 -0.0017825806131571301 0.024632448521805798 0.0059260752155403185 0.0025013595224032295 0.058036642531770648 41.943352029604917 2.2500000000000004 1.8353187895335934 -0.0021877052020576877 15.125000000000002 -0.003673677276057634 -0.0015925778135579881
decision_type=2 2 2 2 2 2 2 2 2 2 2 2 2 2 2 2 2 2 2 2 2 2 2 2 2 2 2 2 2 2 2 2 2 2 2 2 2 2 2 2 2 2 2 2 2 2 2 2 2 2 2 2 2 2 2 2 2 2 2 2 2 2
left_child=1 3 5 11 7 12 10 13 32 15 29 16 20 -3 -13 -5 25 38 23 21 -2 59 -11 -19 -25 28 44 -9 -1 -4 -7 -15 -6 -26 -28 36 42 -38 -14 57 -29 -27 45 -41 -21 49 -47 48 50 -36 -48 52 55 -53 61 -52 -8 -37 -56 60 -20 -55
right_child=2 4 6 9 8 30 56 27 -10 22 -12 14 17 31 -16 -17 -18 18 19 26 -22 -23 -24 24 33 41 34 40 -30 -31 -32 -33 -34 -35 35 39 37 -39 -40 43 -42 -43 -44 -45 -46 46 47 -49 -50 -51 51 53 -54 54 58 -57 -58 -59 -60 -61 -62 -63
leaf_value=-0.014989007691978829 -0.0041286429841022503 -0.010467622608690821 0.00061990593035876021 -0.0097804456035237436 -0.0022443252262426901 0.0019067353718382537 0.0048737372387911253 -0.0072507904719241942 0.0015394946709069324 -0.0060873323558504992 0.0037283581390643683 -0.013609935666619433 -0.0018669624607490143 -0.0043250328186814312 -0.0090794312675230478 -0.0066289218619238859 0.00082555833551012478 -0.030125745026573406 -0.023551256931977831 0.011162318445989894 -0.0013900355471254619 0.0059099178486743086 -0.0033551777001929635 -0.014115259461301974 -0.010718684826991452 -0.022750984868442767 -0.016778172851649047 -0.0025233014216187221 0.0013621594597527749 0.0023093980546320808 0.0042812386160236363 -0.008591173883662425 -0.0003891202927879128 0.032372955376575439 0.0050430795602982598 0.0015178447655481747 -0.018336687680019937 0.0071741944238142745 0.00010475711055667173 -0.037155901245128964 6.8386265046356274e-05 -0.016423379821534075 0.020528357987932032 0.032103559228240472 -0.0077539815743398015 -0.02104523104677598 -0.0032731761259998642 -0.019429413068923641 -0.022520300692266172 0.030243578820730269 0.013164088257450315 0.01302622052563257 0.030261970203507123 0.043468578672036531 -0.037973049667573748 -0.021355984524081027 0.0065828976073903011 -0.015973031064230946 0.029648892828078817 0.029398506241889041 0.015010564293844557 -0.019805782554560801
leaf_weight=8842 98579 24209 151240 80154 165171 116702 343122 9567 346753 92921 530515 49221 148789 128551 49157 110710 1278 761 197 4210 98390 8655 97969 1512 268 13546 1146 81139 1403 379635 101625 19164 181204 394 5393 2082 1697 818 148586 486 81333 13581 799 61 868 1200 2944 739 444 518 1099 1741 1167 64 62 395 114406 1338 429 1210 2762 1367
leaf_count=8842 98579 24209 151240 80154 165171 116702 343122 9567 346753 92921 530515 49221 148789 128551 49157 110710 1278 761 197 4210 98390 8655 97969 1512 268 13546 1146 81139 1403 379635 101625 19164 181204 394 5393 2082 1697 818 148586 486 81333 13581 799 61 868 1200 2944 739 444 518 1099 1741 1167 64 62 395 114406 1338 429 1210 2762 1367
internal_value=-3.37504e-06 -0.00343161 0.00233768 -0.00807504 -0.00110884 -6.27158e-05 0.00353794 -0.00361255 0.000133621 -0.00631866 0.0027779 -0.0129682 -0.00130316 -0.00566552 -0.0113462 -0.00795242 -0.017097 -0.000469116 0.00215154 0.00307884 -0.00276065 0.00963366 -0.00468513 -0.0117157 -0.00527136 -0.0177098 0.000373112 -0.00156095 -0.0127498 0.00182808 0.003012 -0.00487851 -0.00127379 0.014928 -0.00110321 -0.000380134 0.0011912 -0.0100393 -0.000881776 -0.00864916 -0.00122591 -0.0195831 0.0027295 -0.0294323 0.00792889 0.00191973 -0.000785275 0.001541 0.00313667 0.00725148 0.00436582 0.00792198 0.0155383 0.00238907 -0.00724634 0.0040373 0.00530112 -0.00532508 0.0211101 0.0173643 0.0124433 -0.0169759
internal_weight=3.83429e+06 1.55587e+06 2.27842e+06 518782 1.03709e+06 759497 1.51892e+06 343963 693128 381754 1.06139e+06 137028 541170 171924 98378 190864 38650 344201 46826 43891 196969 12824 190890 2935 2174 37372 31067 172039 10245 530875 218327 147715 346375 662 25989 24843 20876 2515 297375 3967 162472 27127 18361 547 5078 17562 11651 10451 9712 5911 9268 6324 2661 3663 1922 1494 457528 3420 491 4169 2959 1431
internal_count=3834288 1555873 2278415 518782 1037091 759497 1518918 343963 693128 381754 1061390 137028 541170 171924 98378 190864 38650 344201 46826 43891 196969 12824 190890 2935 2174 37372 31067 172039 10245 530875 218327 147715 346375 662 25989 24843 20876 2515 297375 3967 162472 27127 18361 547 5078 17562 11651 10451 9712 5911 9268 6324 2661 3663 1922 1494 457528 3420 491 4169 2959 1431
is_linear=0
shrinkage=0.05


Tree=27
num_leaves=63
num_cat=0
split_feature=0 12 12 0 0 0 0 12 12 12 0 12 0 0 12 12 10 1 12 12 0 12 0 12 0 10 13 1 1 10 0 1 12 3 12 9 0 8 0 3 1 11 1 8 7 10 7 9 5 0 0 9 0 0 10 7 6 0 10 13 0 11
split_gain=11089.9 5674.53 2730.87 1423.42 1270.38 1045.12 865.433 562.686 388.913 384.133 336.831 313.07 306.559 202.21 181.78 161.596 157.753 183.464 150.309 148.696 139.156 132.563 124.278 120.734 120.46 120.372 191.439 191.796 185.183 120.206 117.186 116.883 109.101 103.046 100.984 100.206 98.4186 96.8886 96.1399 94.53 93.0041 91.4316 100.226 112.238 116.063 106.175 100.424 87.6682 86.2085 108.761 85.4964 82.7324 81.7535 80.2891 79.4211 77.9681 105.874 75.6255 75.1025 112.697 71.9211 71.3946
threshold=0.0018555137624289388 1.3750000000000002 1.3750000000000002 0.0013495331350436258 0.0031425633854430608 0.0013399874377175386 0.0026625623142053994 1.8750000000000002 1.6250000000000002 1.1250000000000002 0.0021721640144523042 1.8750000000000002 0.0011879484712433218 0.0039644852554345843 2.2500000000000004 1.1250000000000002 14.958333333333334 27.926331054869738 1.1250000000000002 1.6250000000000002 0.0015700258430484304 2.2500000000000004 0.0011192457152150077 1.1250000000000002 0.0039644852554345843 14.29166666666667 2.2500000000000004 41.468182657310798 27.926331054869738 15.208333333333334 0.0016199060362394918 18.537859523674644 1.1250000000000002 0.0087994471593073869 2.2500000000000004 0.00095904203208934779 0.0011720809903882426 0.0025099213448654513 0.0021458458611161679 -0.0046451846938111241 69.536062509412531 0.94265818028090342 53.364974454987809 0.0038498556304137955 -0.0045388940688309001 15.375000000000002 -0.0014727179017734458 0.00044424700133270526 1.4622997467413874 0.0013319240144357202 0.0016540609052391555 -0.00042140750105350972 0.0028590255384603482 0.0009643359574801752 15.125000000000002 -0.001536032528436093 0.0014388489208633228 0.0072247202833960441 13.958333333333334 2.7500000000000004 0.0015928053020944249 0.035714285714253453
decision_type=2 2 2 2 2 2 2 2 2 2 2 2 2 2 2 2 2 2 2 2 2 2 2 2 2 2 2 2 2 2 2 2 2 2 2 2 2 2 2 2 2 2 2 2 2 2 2 2 2 2 2 2 2 2 2 2 2 2 2 2 2 2
left_child=1 3 4 12 10 8 11 19 22 20 15 38 18 21 36 37 23 -18 40 50 39 -8 -3 -14 33 32 -27 28 31 55 -11 -28 -12 -6 -9 41 -10 -2 -4 -5 53 42 43 44 -29 -46 -44 -31 -19 -50 -7 52 61 -1 -33 56 -30 -26 -40 -60 -21 -48
right_child=2 5 6 9 24 7 13 34 14 30 25 -13 16 -15 -16 -17 17 48 -20 60 -22 -23 -24 -25 57 26 27 35 29 47 -32 54 -34 -35 -36 -37 -38 -39 58 -41 -42 -43 46 -45 45 -47 51 -49 49 -51 -52 -53 -54 -55 -56 -57 -58 -59 59 -61 -62 -63
leaf_value=-0.023750567177960369 -0.0038950745376995395 -0.011318612428486093 0.00035541523015609149 -0.037290961887699425 0.0022200438947226407 -0.0037059051019136461 0.0035179341021769842 0.00023691338324228654 -0.0058726897210882225 -0.006018871729506204 -0.0019641930926436071 0.003101115010602111 -0.011807508271309093 0.0058220863271385313 -0.00073910383829570408 -0.0018111165977805531 -0.051464780595133208 -0.030485427593244876 -0.012865347947573878 -0.0018231064108458234 -0.0068949349554006285 0.0053264242410524755 -0.006242134016514877 -0.0073420625634661677 0.0038013438486310482 -0.0027537496342015504 -0.026002225056290629 -0.024061981693112473 -0.0067813609904939405 0.0075996432607599853 -0.0034143147029090503 0.0080247982523455573 -0.0001390922287247693 -0.0030237281642955111 0.0019342056873128243 -0.027186422324494315 -0.002933208277839083 -0.0078702485156607917 0.001442218447725521 -0.0096634712604900582 -0.046629586422317466 -0.015023773390079934 -0.0091134818173190801 -0.0028645501485715309 0.011172851458698903 0.031525746043121743 -0.048643965579447203 -0.030770639173778487 -0.011107776757616445 -0.028709100399594081 -0.0014627941296563823 0.0065413474831621651 0.016934344132474605 -0.016572783720449683 0.033909351317057933 -0.01764034935158201 0.044023733965630807 0.010139952792549985 0.0012072405194569725 0.006148137463099345 0.00021012242200849218 -0.0081108932653742461
leaf_weight=4750 82280 16912 187318 311 116778 102703 405140 175288 48390 87451 163676 439192 30277 202730 58859 101437 366 837 26728 80038 102613 135124 41990 30271 96455 17338 160 221 3146 1836 85321 669 163858 10186 175253 228 69194 18838 205764 69700 284 502 1393 1500 9337 688 122 162 6327 1019 72445 10817 298 21669 532 2016 106 4947 23119 23045 95257 992
leaf_count=4750 82280 16912 187318 311 116778 102703 405140 175288 48390 87451 163676 439192 30277 202730 58859 101437 366 837 26728 80038 102613 135124 41990 30271 96455 17338 160 221 3146 1836 85321 669 163858 10186 175253 228 69194 18838 205764 69700 284 502 1393 1500 9337 688 122 162 6327 1019 72445 10817 298 21669 532 2016 106 4947 23119 23045 95257 992
internal_value=-7.91917e-06 -0.00354576 0.00203489 -0.00804189 -0.000334903 -0.00129885 0.0032195 -0.000330933 -0.00418182 -0.00639938 -0.00157471 0.00215714 -0.012672 0.00447553 -0.00300745 -0.00322115 -0.0104727 -0.0168307 -0.0155161 -0.00174774 -0.00806754 0.00397025 -0.0076997 -0.00957501 0.00282561 -0.000696153 0.00153708 0.00367947 -0.00278364 -0.0059541 -0.00473265 0.0141425 -0.00105114 0.00179935 0.00108547 0.00581593 -0.00414291 -0.00463564 0.00121328 -0.0097862 -0.0181693 0.00610679 0.00652494 0.00990942 0.0117795 0.0125696 0.00360656 0.00448854 -0.0152817 -0.0135493 -0.00277811 0.00505549 -0.00632729 -0.0178633 0.0194907 -0.00991469 -0.00512535 0.00411058 0.00185113 0.00367373 -0.00071823 -0.0125499
internal_weight=3.8362e+06 1.40425e+06 2.43195e+06 467924 810518 936329 1.62143e+06 700984 235345 345396 582152 878438 122528 742994 176443 202555 69097 8549 53431 350443 172624 540264 58902 60548 228366 379597 52063 34725 8627 7266 172772 1361 327534 126964 350541 26098 117584 101118 439246 70011 26703 25870 25368 11746 10246 10025 13622 1998 8183 7346 175148 12229 1412 26419 1201 5268 3252 101402 251928 46164 175295 1114
internal_count=3836203 1404253 2431950 467924 810518 936329 1621432 700984 235345 345396 582152 878438 122528 742994 176443 202555 69097 8549 53431 350443 172624 540264 58902 60548 228366 379597 52063 34725 8627 7266 172772 1361 327534 126964 350541 26098 117584 101118 439246 70011 26703 25870 25368 11746 10246 10025 13622 1998 8183 7346 175148 12229 1412 26419 1201 5268 3252 101402 251928 46164 175295 1114
is_linear=0
shrinkage=0.05


Tree=28
num_leaves=63
num_cat=0
split_feature=0 12 12 0 0 0 0 12 12 0 12 12 0 12 12 0 12 0 0 0 12 0 12 8 0 3 4 1 6 1 5 13 0 0 0 4 4 3 4 11 4 8 4 0 1 4 12 6 4 1 3 11 9 1 3 0 12 1 3 1 8 12
split_gain=10111.3 4732.47 3022.8 1651.07 1045.1 733.046 651.887 576.409 471.192 382.078 320.476 317.993 210.443 168.749 167.083 152.889 152.671 129.618 126.373 113.553 106.615 106.088 105.317 99.5501 97.4948 94.3778 92.3804 86.1256 190.218 100.817 85.854 96.5116 85.7909 81.6408 79.633 75.8417 75.3176 71.714 70.8413 73.5183 67.9273 67.6379 67.6235 66.9361 66.918 66.8178 63.2841 62.9785 61.2587 60.2758 62.8356 59.0819 70.7989 58.6406 58.3907 57.9759 57.1658 55.6647 55.9587 54.0595 52.2678 52.1626
threshold=0.0017421547678472178 1.3750000000000002 1.6250000000000002 0.0025338930482077817 0.0012818299446718867 0.0012818299446718867 0.0027387925226237645 1.1250000000000002 1.8750000000000002 0.0038236737695708498 1.6250000000000002 1.1250000000000002 0.0009643359574801752 2.2500000000000004 1.1250000000000002 0.0020802182649020543 1.1250000000000002 0.0021055437329205672 0.0015488224211048101 0.0015700258430484304 2.2500000000000004 0.0043765373215631925 2.2500000000000004 0.0035531992921857924 0.0021055437329205672 -0.0046451846938111241 26.342840883639372 42.047489048821866 -0.00065994351507397953 51.28272137227043 0.88711546675874875 2.7500000000000004 0.0010731675828695995 0.0009643359574801752 0.0072247202833960441 27.069801298031177 18.5722317536712 0.0083240891038554622 12.044106454358202 0.031249999999994314 11.42482873397125 0.0012992950129031091 17.187403287599452 0.0014637866531192422 66.694465744648838 22.394658939754304 1.6250000000000002 -0.0017405452503237437 30.713427949339557 49.891058339604676 -0.00048645822673678635 0.66666666666662755 -0.00050284300898167553 34.587402711814782 -0.0010702187331516732 0.0031189993086482046 1.1250000000000002 68.664284520563044 -0.00050987516519622651 72.169183842921953 0.00047332299853160401 2.2500000000000004
decision_type=2 2 2 2 2 2 2 2 2 2 2 2 2 2 2 2 2 2 2 2 2 2 2 2 2 2 2 2 2 2 2 2 2 2 2 2 2 2 2 2 2 2 2 2 2 2 2 2 2 2 2 2 2 2 2 2 2 2 2 2 2 2
left_child=1 4 3 7 12 10 13 15 19 16 33 18 27 24 -14 37 36 23 25 46 32 61 -10 30 -4 -6 -17 28 41 49 -9 -32 59 -3 45 -19 57 -2 -27 60 -20 -1 -18 -13 -31 -11 -7 -25 -30 50 -29 -33 -53 -50 -55 -44 -47 58 -5 -12 -40 -8
right_child=2 5 6 9 11 8 21 17 22 34 20 43 14 -15 -16 26 42 35 40 -21 -22 -23 -24 47 -26 38 -28 29 48 44 31 51 -34 -35 -36 -37 -38 -39 39 -41 -42 -43 55 -45 -46 56 -48 -49 53 -51 -52 52 -54 54 -56 -57 -58 -59 -60 -61 -62 -63
leaf_value=-0.062804366347375615 -0.0049535672090082515 -0.0143027188676687 0.0012383892172865207 0.00026700248985558282 -0.039494945663544195 -0.0039820613615804091 0.0040033418224331846 -0.0020092052164558611 -0.00034045791022945291 0.0054177223405332958 -0.006578184832436421 -0.0068154256632681019 -0.014628554446323012 0.0035119262678598019 -0.010019972727641907 -0.0010958020095006586 0.0037478097470323478 0.0010668103243817563 -0.015362515879763781 -0.0010618853510884711 -0.0012276414379941542 0.0061768206403661572 0.0015317850681014838 -0.00059648743454463686 0.0025849842109751451 -0.0047611225986257319 -0.0038597307502273382 -0.03847013168352173 0.0019813268531129581 -0.014348199650853089 -0.0016562401127928632 0.0026011320305525305 -0.0032818227021025742 -0.0074055072063579008 0.0089048611925769804 -0.00076578097559221832 -0.00067732265242989912 -0.034061537514317709 -0.020981619924513015 -0.010841638923665006 -0.0067867876335549254 -0.017769483179614513 0.00088105147419081551 -0.0045936076882077334 -0.044697443253018082 0.0015774579412361396 -0.0020777627545909973 -0.0083435231372099884 -0.0021094210293943066 -0.045511809015521827 -0.022501578631966015 0.021458111574620378 -0.0022602110310931886 -0.058329022466205062 -0.015368060457322225 0.0023891871299231786 0.0038134489511520344 -0.017738715133574955 0.0050850658473985599 -0.035382454442541775 -0.0043083930852205361 0.0051968065975751968
leaf_weight=213 112740 4815 241734 12264 270 87387 274923 137689 150394 39568 24098 51778 39317 272151 39351 61695 37099 121048 2390 126056 43975 105630 150057 3850 302767 6220 59281 777 1163 3083 45962 34772 64071 39381 7446 105804 127891 212 506 65864 68216 137 163180 98170 193 42875 87125 8234 331 433 2974 324 10878 128 207 104555 85764 340 11849 164 6614 137267
leaf_count=213 112740 4815 241734 12264 270 87387 274923 137689 150394 39568 24098 51778 39317 272151 39351 61695 37099 121048 2390 126056 43975 105630 150057 3850 302767 6220 59281 777 1163 3083 45962 34772 64071 39381 7446 105804 127891 212 506 65864 68216 137 163180 98170 193 42875 87125 8234 331 433 2974 324 10878 128 207 104555 85764 340 11849 164 6614 137267
internal_value=-4.13395e-06 -0.00388895 0.00169231 1.04143e-05 -0.00839654 -0.00163763 0.00337527 -0.00165831 -0.000805649 0.00186282 -0.00447062 -0.00698932 -0.0131777 0.00249529 -0.0123233 -0.00368532 0.00110129 -0.000646323 -0.00861639 -0.00220537 -0.00323925 0.00476308 0.000594614 -0.00145197 0.00198716 -0.00998394 -0.00245019 -0.0201507 -0.0114057 -0.0227051 -0.00121919 -3.60217e-05 -0.0042407 -0.00815693 0.00384488 0.000212088 -0.000191193 -0.0050082 -0.00988334 -0.0103199 -0.00707707 -0.0451764 0.00174722 -0.00536082 -0.0161362 0.00362089 -0.00303134 -0.00587529 -0.00494327 -0.0278484 -0.0258094 0.00158377 -0.0015742 -0.0170353 -0.031783 0.00147 0.0030682 0.0023513 0.00263457 -0.00677289 -0.00549332 0.00440079
internal_weight=3.83565e+06 1.16586e+06 2.66979e+06 1.33532e+06 388335 777523 1.33447e+06 702489 601019 632831 176504 300028 88307 816652 78668 233928 457178 468561 150080 300568 132308 517820 300451 241709 544501 79474 120976 9639 2179 7460 229625 91936 88333 44196 175653 226852 152344 112952 79204 72984 70606 350 304834 149948 3276 168207 174512 12084 1829 4184 3751 45974 11202 666 335 267735 128639 24453 24113 24262 7120 412190
internal_count=3835650 1165858 2669792 1335320 388335 777523 1334472 702489 601019 632831 176504 300028 88307 816652 78668 233928 457178 468561 150080 300568 132308 517820 300451 241709 544501 79474 120976 9639 2179 7460 229625 91936 88333 44196 175653 226852 152344 112952 79204 72984 70606 350 304834 149948 3276 168207 174512 12084 1829 4184 3751 45974 11202 666 335 267735 128639 24453 24113 24262 7120 412190
is_linear=0
shrinkage=0.05


Tree=29
num_leaves=63
num_cat=0
split_feature=0 12 12 0 0 0 12 0 12 12 0 12 0 0 12 12 0 12 10 2 2 0 2 10 2 12 0 10 10 6 12 1 1 2 4 0 8 0 4 4 4 3 0 0 1 2 12 2 10 8 3 2 3 10 0 5 5 10 10 7 5 1
split_gain=9098.96 5058.29 1786.86 1485.43 1042.3 894.082 466.832 393.531 379.783 376.852 371.319 293.545 206.008 199.686 173.317 135.773 133.828 125.899 108.406 260.858 279.122 120.663 107.342 108.416 139.28 107.178 103.895 103.738 110.459 103.679 97.3684 96.7484 182.216 123.76 109.893 96.4215 95.4846 91.8783 91.2942 91.0366 85.5939 81.7646 175.95 95.3039 103.221 87.8355 81.4402 80.1433 145.731 143.363 134.204 138.66 127.641 85.6467 81.014 90.9291 75.0403 74.1022 94.3838 82.703 82.1693 85.1973
threshold=0.0019822079772166125 1.3750000000000002 1.6250000000000002 0.0014406773548415175 0.001502174174777132 0.003188815239166832 1.6250000000000002 0.0030944582388937928 1.1250000000000002 1.8750000000000002 0.0011879484712433218 1.1250000000000002 0.0011385095547959822 0.0012019726205368868 1.1250000000000002 1.1250000000000002 0.0054811788933351487 2.2500000000000004 14.29166666666667 -0.2280607228569389 -0.091645602692310368 0.0025338930482077817 -0.14502995519491416 14.79166666666667 -0.25721210482814366 2.2500000000000004 0.002447044795710162 14.458333333333334 10.958333333333334 -0.0074601568429041301 2.2500000000000004 37.7100104126364 27.926331054869738 0.12403346632871261 28.833833698516134 0.001679643037417551 0.0081403199057793075 0.0016540609052391555 20.057281370490752 23.490634895443904 28.71392303884274 -0.00011750689573742023 0.0021632176634864921 0.0025013595224032295 36.290253857660325 -0.12337346074358638 1.6250000000000002 -0.035532750613633889 14.79166666666667 0.0070428171719608785 -0.00015906975572078753 0.10162391666240064 0.012281778499604769 12.04166666666667 0.0035519966193308123 2.2391705661892396 1.5765318742141969 15.375000000000002 14.958333333333334 0.00091587322821407035 1.5192481086967782 25.688138197653071
decision_type=2 2 2 2 2 2 2 2 2 2 2 2 2 2 2 2 2 2 2 2 2 2 2 2 2 2 2 2 2 2 2 2 2 2 2 2 2 2 2 2 2 2 2 2 2 2 2 2 2 2 2 2 2 2 2 2 2 2 2 2 2 2
left_child=1 3 5 10 6 8 12 17 26 46 15 35 -3 30 57 -1 22 -4 21 -20 38 -10 23 -7 40 -15 -2 28 -18 -29 -8 32 -22 56 -35 -5 -26 -13 -21 -24 -25 43 -43 -40 45 -45 -6 -41 53 50 54 52 -52 -49 55 -50 -33 58 59 -12 -60 -62
right_child=2 4 7 11 9 16 13 -9 18 -11 14 37 -14 25 -16 -17 27 -19 19 20 31 -23 39 24 36 -27 -28 29 -30 -31 -32 33 -34 34 -36 -37 -38 -39 41 47 -42 42 -44 44 -46 -47 -48 48 49 -51 51 -53 -54 -55 -56 -57 -58 -59 60 -61 61 -63
leaf_value=-0.016456128876402101 -0.0028004918007419905 -0.010250803855327867 0.002440182219957556 -0.007575579218551386 -0.0015536170525893766 0.0013198694799103914 -0.0050120128514071537 0.0049287184563357039 -0.00044445513375637166 0.0015860097240384748 -0.0094476308546969003 -0.0048953723978832431 -0.0045623421217260741 -0.0017896570720850732 -0.0070737562008099802 -0.011415872850718082 0.0068588675384000835 0.0038354796177070966 -0.009270204244289636 0.013838756579736418 0.011818150551658375 0.0012539950444364976 0.0046700363775843343 0.012630017386044114 -0.016511405529473243 0.00046257961333796361 -0.00077093507967877274 -0.03294358047741381 0.00053550597852275927 0.023234462602461967 -0.0014733668916690652 0.0045984555164595839 -0.0073793450388728535 -0.028166105684956484 0.0023965682578861499 -0.0052985390654169302 0.016278324471633944 -0.0026300431564569749 0.016368054009179803 0.0044314736792233555 -0.022121678905509343 -0.011062825936402671 0.0069118578499214522 -0.016279489345698044 0.011853710986368025 0.0265530351549387 -5.4232272274729002e-08 0.0014832346407984186 -0.0011747856840367268 0.015704918788529539 -0.020141050107370353 0.032408314426740012 0.012592614029186317 0.004901585880971733 0.010856654930771993 -0.037885263703445693 0.00031781136401066128 0.0021749584498454116 -0.031464769392302548 -0.014536107183491027 -0.049780344392011268 -0.013536909298323928
leaf_weight=26711 130663 19386 485122 82658 168742 67949 58327 358723 255279 337492 44384 73014 88920 158386 61768 26734 26457 242476 4548 5368 1518 177127 63684 1030 2465 79254 121871 88 9346 1231 29157 21792 6655 627 554 106255 244 115669 3182 37632 214 1768 5921 792 1340 141 168686 87752 841 697 2892 150 332 23160 1103 211 19310 1078 825 9737 167 5579
leaf_count=26711 130663 19386 485122 82658 168742 67949 58327 358723 255279 337492 44384 73014 88920 158386 61768 26734 26457 242476 4548 5368 1518 177127 63684 1030 2465 79254 121871 88 9346 1231 29157 21792 6655 627 554 106255 244 115669 3182 37632 214 1768 5921 792 1340 141 168686 87752 841 697 2892 150 332 23160 1103 211 19310 1078 825 9737 167 5579
internal_value=8.74659e-06 -0.00277475 0.0021396 -0.0066732 -0.000824107 0.00070531 -0.00273746 0.00357338 -0.00023741 0.000404635 -0.010453 -0.0049016 -0.00558054 -0.00179036 -0.00894658 -0.0139349 0.0028887 0.00290517 0.00055307 0.00232812 0.00309295 0.000251283 0.00252729 0.000851576 -0.00719803 -0.00103853 -0.00182104 0.00571555 0.00520822 0.0194864 -0.00383264 0.00116625 -0.00381373 0.00212885 -0.0138293 -0.00629485 -0.013558 -0.00350665 0.00834433 0.00307883 0.00665183 0.00610041 0.00277878 0.0107824 0.00296287 -0.00980641 -0.000776965 0.00242409 0.00177919 -0.00566439 -0.00835826 -0.0145839 -0.0167702 0.00219703 0.00138891 -0.00853782 0.00258738 -0.0108194 -0.0110502 -0.0103631 -0.0167089 -0.0145903
internal_weight=3.83518e+06 1.66293e+06 2.17226e+06 554579 1.10835e+06 1.08593e+06 433430 1.08632e+06 758456 674920 176983 377596 108306 325124 123538 53445 327478 727598 505922 73516 68968 432406 290356 71902 3953 237640 252534 37122 35803 1319 87484 50456 8173 42283 1181 188913 2709 188683 18512 218454 1244 13144 7689 5455 2273 933 337428 154770 117138 6226 5529 3374 3224 110912 2155 1052 41102 61770 60692 54121 6571 5746
internal_count=3835184 1662929 2172255 554579 1108350 1085934 433430 1086321 758456 674920 176983 377596 108306 325124 123538 53445 327478 727598 505922 73516 68968 432406 290356 71902 3953 237640 252534 37122 35803 1319 87484 50456 8173 42283 1181 188913 2709 188683 18512 218454 1244 13144 7689 5455 2273 933 337428 154770 117138 6226 5529 3374 3224 110912 2155 1052 41102 61770 60692 54121 6571 5746
is_linear=0
shrinkage=0.05


Tree=30
num_leaves=63
num_cat=0
split_feature=8 10 5 13 10 5 8 8 2 5 3 8 2 3 2 10 4 1 2 10 2 5 5 8 7 13 2 2 4 2 2 4 4 8 3 2 2 8 7 2 8 13 2 2 2 3 2 1 13 1 2 5 4 4 2 5 4 10 1 4 4 1
split_gain=2224.85 618.108 568.752 314.583 408.641 323.205 274.641 233.63 215.396 198.555 197.85 181.45 168.762 151.841 149.659 164.377 170.551 230.651 149.182 161.879 237.763 131.01 127.328 127.185 123.29 122.938 120.003 293.037 190.156 118.055 192.073 117.913 117.053 116.932 116.779 115.023 115.294 112.769 110.873 109.832 113.057 108.299 169.16 217.149 156.817 128.993 104.271 151.643 112.275 108.875 101.839 101.628 119.752 114.05 96.3913 109.632 117.029 95.0941 93.5568 92.6486 104.637 99.7486
threshold=0.0014348427655657325 12.875000000000002 0.58973670703089442 3.2500000000000004 15.29166666666667 1.3823222174205576 0.0032819070287424634 0.0010155493713937763 -0.078949567861842804 0.52502837195174556 0.0028654088957339647 0.000830633779300312 -0.078949567861842804 0.0026483200813930022 0.069411781337801945 14.54166666666667 21.560719663765756 42.892266212482674 -0.025922773785349816 14.04166666666667 -0.2280607228569389 1.9505051939972518 0.25554065336245851 0.0013739546687490819 0.00086738051784074355 3.2500000000000004 -0.12974289593827013 -0.11344247464837522 10.903502431973239 0.12403346632871261 0.050298180056766333 66.143194277990418 20.763564659784674 0.0010077517324685104 0.00068424475074527105 0.065846920043394597 0.051472238817806902 0.0021969572208857088 -0.00026552170897503608 -0.13345089763804671 0.0018066537641561033 2.7500000000000004 0.00746983222867566 -0.0016988843828349895 -0.018225125620352962 0.00073735826435183623 -0.025922773785349816 54.144296598190884 2.2500000000000004 71.65879873656769 -0.069968524529296791 3.7877493918658049 31.013354058404495 49.582244864167485 0.0091095857929681286 2.5662249410221545 18.689758371966658 14.458333333333334 50.23232278696117 60.932501062670681 30.713427949339557 37.509791152438957
decision_type=2 2 2 2 2 2 2 2 2 2 2 2 2 2 2 2 2 2 2 2 2 2 2 2 2 2 2 2 2 2 2 2 2 2 2 2 2 2 2 2 2 2 2 2 2 2 2 2 2 2 2 2 2 2 2 2 2 2 2 2 2 2
left_child=2 6 11 5 10 37 9 14 31 -2 18 12 -1 46 15 -4 17 -17 19 -5 34 -9 -13 24 50 -26 -19 58 38 30 59 -6 57 35 -21 36 41 -3 -29 -22 -41 -30 43 44 -43 -46 48 -48 -7 -50 -23 52 -18 -54 -44 -56 -57 -31 -28 60 -20 -62
right_child=1 3 7 4 8 13 -8 21 -10 -11 -12 22 -14 -15 -16 16 51 26 29 20 39 23 -24 -25 25 -27 27 28 33 32 -32 -33 -34 -35 -36 -37 -38 -39 -40 40 -42 42 54 -45 45 -47 47 -49 49 -51 -52 -53 53 -55 55 56 -58 -59 -60 -61 61 -63
leaf_value=0.0014656166334023233 0.0018415437589743367 -0.00046010669778371189 -0.0032839814459512066 -0.00066919793873075205 0.015375150855065479 -0.0030760407541393312 0.0024562498103687632 -0.0015534859297835031 0.0043831743678351028 0.00046266536562629466 0.0037166123276801515 0.0014434248141734906 -0.0029725412839597645 0.00014159487231709981 0.0017674680212222231 0.00038331006325438268 -0.00016677741097863188 -0.0020334108092110873 -0.0028464139690625202 -0.0019393860949083474 0.0075461673100896964 0.0004590549865674417 -0.00053100016186090012 -0.0093923466811105232 -0.0019282289402730167 0.011323751547068682 -0.017129232671118558 -0.0180603796211708 -0.0075436127388502517 -0.0080717707453372197 0.002201361375730342 -0.039581830483494389 -0.0010497985678443384 -0.031049931223227502 -0.01740760514350323 -0.033476938884192654 0.0025153602898520429 0.0014534127393704853 0.012848437896959634 -0.0014201375834211796 0.0048151032940687722 -0.0090843421520585537 -0.055003645523520543 0.010113294892382467 -0.035704347113247985 -0.003863215557364531 -0.0026479623959019798 -0.0068060702247343457 0.00038340155471329311 -0.050344088504899222 -0.006405667008319205 -0.018823188639268643 -0.008558784164796206 0.007288945860071421 -0.026113085150496491 0.027597259083446471 -0.026666991834971995 -0.031968622187872428 -0.043232786456195035 -0.021486850795008353 -0.0030892401886269175 0.0041547893304466612
leaf_weight=26303 443442 198597 214777 50162 6908 50019 491058 366468 19577 634839 42944 103196 115366 64037 11931 6059 17201 3792 71140 5748 18145 7375 391175 9963 5192 2640 553 373 9701 851 36652 99 1677 737 1549 545 1641 125747 1306 11041 21285 3970 242 1069 1222 430 100530 28043 49816 106 20202 1025 10103 1279 2431 212 187 815 905 611 7911 11901
leaf_count=26303 443442 198597 214777 50162 6908 50019 491058 366468 19577 634839 42944 103196 115366 64037 11931 6059 17201 3792 71140 5748 18145 7375 391175 9963 5192 2640 553 373 9701 851 36652 99 1677 737 1549 545 1641 125747 1306 11041 21285 3970 242 1069 1222 430 100530 28043 49816 106 20202 1025 10103 1279 2431 212 187 815 905 611 7911 11901
internal_value=-1.07853e-05 0.000871632 -0.00165448 -0.000152885 0.00114929 -0.000805171 0.0014761 -0.00263409 0.00707577 0.00102973 0.000591455 -0.000570936 -0.00214853 -0.00201022 -0.00371675 -0.00395064 -0.00615403 -0.00849747 3.10653e-05 0.00140883 0.00321325 -0.00186727 -0.000118855 -0.00440171 -0.0029975 0.00253873 -0.0103329 -0.011566 -0.0102473 -0.00109925 -0.000857395 0.0145987 -0.0103751 -0.0114645 -0.00522296 -0.0107978 -0.0102121 0.000281758 0.00598186 0.00443294 0.00268545 -0.0112851 -0.0150029 -0.0105434 -0.0144711 -0.0274164 -0.00261323 -0.00355489 -0.0014018 0.000275691 -0.00456981 -0.00335414 -0.00279941 -0.00677797 -0.0247161 -0.0221262 0.00216514 -0.019762 -0.0333321 -0.00208179 -0.00195143 0.00126222
internal_weight=3.83482e+06 2.49525e+06 1.33957e+06 925911 309016 616895 1.56934e+06 703531 26584 1.07828e+06 282432 636040 141669 292551 291691 279760 64983 35375 239488 107930 57768 411840 494371 45372 35409 7832 29316 25524 24066 131558 128215 7007 3343 22387 7297 21650 21105 324344 1679 50471 32326 19464 9763 6691 5622 1652 228514 128573 99941 49922 27577 29608 28583 11382 3072 2830 399 1666 1458 91563 90952 19812
internal_count=3834821 2495250 1339571 925911 309016 616895 1569339 703531 26584 1078281 282432 636040 141669 292551 291691 279760 64983 35375 239488 107930 57768 411840 494371 45372 35409 7832 29316 25524 24066 131558 128215 7007 3343 22387 7297 21650 21105 324344 1679 50471 32326 19464 9763 6691 5622 1652 228514 128573 99941 49922 27577 29608 28583 11382 3072 2830 399 1666 1458 91563 90952 19812
is_linear=0
shrinkage=0.05


Tree=31
num_leaves=63
num_cat=0
split_feature=0 12 12 0 0 0 12 0 12 0 12 12 0 0 12 4 0 0 2 10 10 2 0 12 11 2 0 3 6 2 10 2 13 12 0 2 10 3 2 4 3 2 2 4 12 12 13 0 2 2 10 0 3 2 2 8 6 10 10 13 10 3
split_gain=7835.08 3505.1 2740 1275.36 866.205 666.566 546.505 347.916 331.489 296.094 260.201 224.699 196.403 173.125 144.067 136.395 135.342 118.125 143.743 105.718 97.6971 142.138 172.739 97.1872 94.1477 97.4513 92.2 93.821 91.7097 88.9087 92.771 104.481 108.845 87.7817 81.4881 80.7331 80.8555 105.865 78.8711 89.1861 82.0398 108.875 101.345 96.6935 74.5083 70.7875 70.5943 69.6086 67.1662 77.1152 75.4393 65.7466 65.73 121.481 82.8968 72.1291 69.4141 65.3916 65.2667 73.8005 143.402 65.178
threshold=0.0016726944873805833 1.3750000000000002 1.3750000000000002 0.002447044795710162 0.002447044795710162 0.0012150028078286152 1.8750000000000002 0.0012019726205368868 1.8750000000000002 0.0035173918394614738 1.1250000000000002 1.1250000000000002 0.0036987065471916509 0.0010731675828695995 1.8750000000000002 18.5722317536712 0.0019822079772166125 0.0009643359574801752 -0.029740890623773514 14.625000000000002 14.625000000000002 -0.2280607228569389 0.003188815239166832 1.6250000000000002 0.79999999999997196 -0.015800708370546163 0.0014247097044344287 -0.0039318051657491913 -0.00068212824010910323 -0.23105312835107442 14.375000000000002 -0.027798695973169814 2.7500000000000004 1.1250000000000002 0.0020237902322379022 0.12403346632871261 14.458333333333334 -0.00075213756628568474 -0.21865890067952651 19.568432162343303 -0.00011750689573742023 -0.036764037114056888 -0.048721507997425917 28.012358017874217 2.2500000000000004 1.1250000000000002 2.7500000000000004 0.0072247202833960441 -0.11662433481791305 -0.13345089763804671 14.875000000000002 0.0023393111815628509 0.0038892851962889843 0.0059260752155403185 0.027841359636806163 0.0013269255352617744 -0.00029427916057078724 9.8750000000000018 11.458333333333334 3.2500000000000004 15.04166666666667 -0.0029392375983781694
decision_type=2 2 2 2 2 2 2 2 2 2 2 2 2 2 2 2 2 2 2 2 2 2 2 2 2 2 2 2 2 2 2 2 2 2 2 2 2 2 2 2 2 2 2 2 2 2 2 2 2 2 2 2 2 2 2 2 2 2 2 2 2 2
left_child=1 5 3 11 8 17 7 -3 34 15 26 16 14 -8 -6 20 48 18 28 44 -5 22 -22 -9 46 -26 27 -7 -1 -18 -31 32 -32 -19 35 58 -37 -38 -34 -40 42 -42 43 -41 -15 -17 -23 -11 49 -2 -51 -44 53 -33 55 -55 -54 -49 -4 -60 -61 -29
right_child=2 6 4 9 12 10 13 23 -10 47 -12 -13 -14 19 -16 45 29 33 -20 -21 21 24 -24 -25 25 -27 -28 61 -30 30 31 52 38 -35 -36 36 37 -39 39 40 41 -43 51 -45 -46 -47 -48 57 -50 50 -52 -53 56 54 -56 -57 -58 -59 59 60 -62 -63
leaf_value=-0.037133935227938591 -0.0039145217234405599 -0.0066387207615050282 -0.0014737542158650137 0.0017174744904131607 0.002335488401293009 -0.037639026519165952 -0.0043520546339886725 -0.0033259501550341715 0.0023203175666500061 0.0025812866407989954 -0.0053387740207335374 -0.001587061357853701 0.0046874432889021369 -0.00036704255432417395 0.0038135627954468745 -0.0012075527945579867 -0.009664842813563718 -0.013690780937192937 -0.022553742210963831 -0.0017878761642912896 -0.039895791863773858 0.0076142871799603322 0.019119943062273357 -0.0014604391893411825 0.023862237552678366 -0.022934803432888454 -0.0074084430645275827 0.0031792835543073897 -0.0078266246287201201 -0.0029810465543677438 -0.00058131146705549697 -0.011416794436440728 -0.022062373032698028 -0.0096358392678135441 0.0011198043856366358 -0.0016327524290562308 0.0063970122552170772 -0.029415340843216915 0.024913119470180423 0.0093321944741799525 -0.0059038294326628884 0.042740595061331987 -0.026990299028429116 0.042830262553325504 0.0013605410914956087 0.0004627915158344543 0.020497898090660601 0.015229273094697033 -0.005623378461435985 0.0020084276111990104 0.02772262488038112 0.029449923397743539 0.033644408366775944 -0.035446222688330982 -0.0016345239469879554 0.021421669352977596 0.0030157328493851058 0.0036460154110115614 -0.00032070641630068834 0.0010086442210979914 0.009107970578893794 -0.010157151270287284
leaf_weight=289 14755 58351 62894 45666 329701 307 24250 139697 478993 152696 136953 239402 264438 124849 329734 126831 4392 26661 5887 63532 307 2130 208 139566 161 360 85394 933 3496 108379 3674 3310 166 26726 236644 1513 283 762 1110 439 1135 128 176 423 124798 126883 2123 2125 89979 3324 312 73 224 61 5415 649 1062 2856 117811 52805 6096 50697
leaf_count=289 14755 58351 62894 45666 329701 307 24250 139697 478993 152696 136953 239402 264438 124849 329734 126831 4392 26661 5887 63532 307 2130 208 139566 161 360 85394 933 3496 108379 3674 3310 166 26726 236644 1513 283 762 1110 439 1135 128 176 423 124798 126883 2123 2125 89979 3324 312 73 224 61 5415 649 1062 2856 117811 52805 6096 50697
internal_value=-1.11865e-05 -0.00378484 0.00134231 -0.000860682 0.00244392 -0.0079466 -0.00170506 -0.00312733 0.00139032 0.00101217 -0.00688091 -0.00266997 0.00353621 -0.000282005 0.00307456 0.000101898 -0.00375387 -0.0125819 -0.0176662 3.31458e-05 0.00246256 0.00889576 -0.0160603 -0.00239363 0.0115879 -0.00847353 -0.0084188 -0.01008 -0.0100644 -0.00267133 -0.00242837 0.000890993 0.00549413 -0.0116608 0.000459957 -0.000184849 -0.00902052 -0.0197169 0.0116095 0.0132139 0.0077437 -0.000973912 0.017654 0.0257703 0.000496573 -0.000372209 0.0140455 0.00277103 -0.00506062 -0.00230729 0.00421493 -0.0104436 -0.00225362 -0.003699 0.000471755 0.0165358 0.00835074 0.00858768 -9.05211e-05 0.000401789 0.00184689 -0.00991615
internal_weight=3.83499e+06 1.01239e+06 2.82261e+06 940934 1.88167e+06 337343 675043 337614 957801 462346 274284 478588 923873 337429 659435 304669 239186 63059 9672 313179 50955 5289 515 279263 4774 521 137331 51937 3785 130816 126424 18045 7324 53387 478808 242164 2558 1045 3650 3484 2374 1263 1111 862 249647 253714 4253 157677 108370 18391 3636 249 10721 9435 6125 710 1286 4981 239606 176712 58901 51630
internal_count=3834994 1012386 2822608 940934 1881674 337343 675043 337614 957801 462346 274284 478588 923873 337429 659435 304669 239186 63059 9672 313179 50955 5289 515 279263 4774 521 137331 51937 3785 130816 126424 18045 7324 53387 478808 242164 2558 1045 3650 3484 2374 1263 1111 862 249647 253714 4253 157677 108370 18391 3636 249 10721 9435 6125 710 1286 4981 239606 176712 58901 51630
is_linear=0
shrinkage=0.05


Tree=32
num_leaves=63
num_cat=0
split_feature=0 0 0 0 0 0 10 1 2 10 1 0 10 13 4 4 2 2 2 1 4 2 2 10 8 4 1 4 5 10 13 2 2 2 0 4 3 4 0 7 13 2 2 4 3 2 1 2 4 2 10 2 2 2 11 2 1 2 2 5 10 5
split_gain=7198.3 1785.43 999.792 364.711 281.348 247.993 216.968 209.024 193.268 207.185 211.54 187.083 166.271 413.052 173.775 306.978 279.261 255.744 223.697 210.411 188.432 182.35 175.428 170.952 170.589 160.93 158.709 212.53 170.428 155.153 309.442 233.17 210.634 147.21 207.666 156.19 146.05 151.208 142.045 140.047 138.963 135.866 182.131 143.615 135.609 134.719 132.646 132.306 150.878 129.414 126.323 230.891 256.787 260.446 193.711 128.095 264.274 139.08 190.866 125.223 125.118 124.893
threshold=0.0016864418517801465 0.0025013595224032295 0.0012019726205368868 0.0038236737695708498 0.0020723286934552694 0.001502174174777132 14.958333333333334 70.561796855813199 0.12403346632871261 14.458333333333334 42.892266212482674 0.0009643359574801752 14.29166666666667 2.7500000000000004 18.486126548560065 24.412337331563453 -0.21865890067952651 0.041588330894311389 -0.06362957987855189 45.307782626585997 10.251597655383696 -0.041286936430331413 0.045727579404700874 14.54166666666667 0.0046323103647944956 17.507351763408177 51.872371897264607 36.500576092514116 3.6224244281866746 14.208333333333334 3.2500000000000004 -0.2280607228569389 -0.027798695973169814 -0.17136653286530787 0.0012701775808214341 15.928071718884025 -0.00011750689573742023 22.921810888801552 0.0019141888974706334 -0.0013769931986979953 2.7500000000000004 0.080625681865062998 0.059818832392579485 22.394658939754304 -0.0016551120879320883 -0.035532750613633889 58.471608427593857 -0.061744310538556536 36.721302566920194 -0.036764037114056888 14.958333333333334 -0.12732775897858731 0.046298878447835694 0.022524916764823679 0.37500000000002304 -0.0029639174095702349 57.49987441977472 -0.012595471515119057 -0.024536438200905227 1.2732028556079475 14.54166666666667 1.5987858960369099
decision_type=2 2 2 2 2 2 2 2 2 2 2 2 2 2 2 2 2 2 2 2 2 2 2 2 2 2 2 2 2 2 2 2 2 2 2 2 2 2 2 2 2 2 2 2 2 2 2 2 2 2 2 2 2 2 2 2 2 2 2 2 2 2
left_child=2 4 7 -3 8 6 -4 11 12 -10 -11 25 -2 -14 17 24 19 23 -18 60 -19 -20 -22 -15 41 -1 27 28 59 -6 -31 -32 36 34 -8 -36 -33 -38 44 49 -37 42 43 -16 -24 -29 -34 -35 61 -25 -13 -52 53 54 55 57 -57 58 -53 -23 -17 -49
right_child=1 3 5 -5 29 -7 33 -9 9 10 -12 50 13 14 15 16 18 20 21 -21 22 26 38 39 -26 -27 -28 45 -30 30 31 32 46 47 35 40 37 -39 -40 -41 -42 -43 -44 -45 -46 -47 -48 48 -50 -51 51 52 -54 -55 -56 56 -58 -59 -60 -61 -62 -63
leaf_value=-0.014245518191163577 -0.00081632038712884216 0.0021474132112183288 -0.0032441806451563105 0.0040316234108609466 0.00052674980857873779 -0.0019353194101884485 -0.018013221700355488 -0.027058862991262835 -0.0019907868697674911 0.012423078422018183 -0.023125541574948113 -0.0055293728284760502 -0.0015527092885615633 -0.00068899264874604433 0.00036528827870694448 0.020703281211853029 0.012410597242645578 0.033646904896287355 -0.012846195273160802 0.0098835098572853039 -0.034312147788446525 0.00074531264637606534 0.028168596608571739 0.014560331870946939 -0.029392214538609941 -0.0067601046049296553 0.0096499048187722643 0.023135022531178866 -0.018343118526020639 0.00069897891005377773 -0.010321567529316157 0.016901653509952447 0.001764056280545245 -0.012350670993869562 -0.0094195479423635556 0.0031982636628558707 0.015257021815521422 0.00024112024566598644 0.010099214786014941 0.015999471875656278 0.027799933749696484 -0.020962931196990636 0.01296190293971952 -0.0092700657928001928 -0.010184583928420409 -0.01129858228664098 0.011085457277876118 -0.011804001521106083 -0.01529638591967805 -0.004441851444789981 0.0035961856863777428 -0.02487244058242986 0.004288017899969139 -0.032791772377319062 -0.0060559599429217351 0.0022185505644440125 -0.042240878138339745 -0.037463337672309353 -0.00011213111403191069 0.012672514387427992 -0.032198246964959036 -0.0038073660594661243
leaf_weight=14523 618623 958406 419472 350832 586742 392201 945 1290 5564 492 2801 124666 79335 2794 12347 125 9611 357 1613 594 435 4161 249 1687 579 14202 9121 308 714 73530 1991 7287 15559 10320 864 1146 2951 3882 1796 9815 1150 893 2084 5631 3098 3654 5057 5773 3966 1911 2797 2627 2163 1664 7076 1579 424 1144 1106 4671 1056 31663
leaf_count=14523 618623 958406 419472 350832 586742 392201 945 1290 5564 492 2801 124666 79335 2794 12347 125 9611 357 1613 594 435 4161 249 1687 579 14202 9121 308 714 73530 1991 7287 15559 10320 864 1146 2951 3882 1796 9815 1150 893 2084 5631 3098 3654 5057 5773 3966 1911 2797 2627 2163 1664 7076 1579 424 1144 1106 4671 1056 31663
internal_value=-1.70787e-05 0.00130666 -0.00356185 0.00265232 0.000118769 -0.00286596 -0.0036339 -0.00700634 -0.000529681 -0.00787391 -0.0178143 -0.00685765 -0.000445992 0.000998126 0.00354996 0.00209326 0.00494189 0.00731059 0.00595552 -0.0143902 -0.00156925 0.00339634 -0.00382314 0.0105624 -0.00261981 -0.0105446 0.00455411 0.00111328 0.00515374 0.00085013 0.00257103 0.00631899 0.0072728 -0.00656219 0.00255156 0.00870147 0.0119775 0.00672611 -0.00124435 0.0129061 0.0155205 -0.00188007 -0.00103065 -0.00265266 -0.0073313 -0.00862176 0.00405055 -0.00728552 -0.00602296 0.00446773 -0.00612848 -0.00975768 -0.011858 -0.0140939 -0.0118645 -0.0178385 -0.00719273 -0.0222108 -0.0175365 0.00705328 -0.026599 -0.00504053
internal_weight=3.83512e+06 2.79236e+06 1.04276e+06 1.30924e+06 1.48312e+06 867500 475299 175261 786119 8857 3293 173971 777262 158639 79304 57162 35628 22142 33853 1775 5935 24242 5578 16207 21534 28725 22629 13508 9546 696999 110257 36727 34736 55827 4105 3160 14120 6833 5143 13413 2296 20955 20062 17978 3347 3962 20616 51722 41402 3598 145246 20580 17783 15620 13956 6880 2003 4877 3733 8832 1181 37436
internal_count=3835117 2792356 1042761 1309238 1483118 867500 475299 175261 786119 8857 3293 173971 777262 158639 79304 57162 35628 22142 33853 1775 5935 24242 5578 16207 21534 28725 22629 13508 9546 696999 110257 36727 34736 55827 4105 3160 14120 6833 5143 13413 2296 20955 20062 17978 3347 3962 20616 51722 41402 3598 145246 20580 17783 15620 13956 6880 2003 4877 3733 8832 1181 37436
is_linear=0
shrinkage=0.05


Tree=33
num_leaves=63
num_cat=0
split_feature=0 12 12 0 0 0 0 12 12 0 12 12 12 12 12 10 0 0 2 4 2 1 4 0 3 5 13 2 1 2 5 0 1 2 2 1 0 2 10 2 10 12 1 10 2 2 5 2 0 10 0 2 10 13 0 4 2 3 5 9 10 10
split_gain=6415.12 4213.94 1526.53 1047.88 726.45 567.581 371.047 359.157 339.908 279.686 249.503 222.69 158.4 153.138 146.737 114.322 112.839 104.2 103.447 112.378 104.422 101.777 121.614 123.967 110.857 102.475 96.1546 88.7784 94.9529 82.9471 81.5156 79.4377 79.2827 106.002 86.3659 83.6381 78.954 78.3349 77.7432 76.3536 76.2859 76.1181 75.5048 161.752 199.699 122.127 111.758 88.9902 85.4965 79.823 74.7779 83.037 90.2177 99.8174 74.2222 73.9864 124.814 83.4597 72.8314 72.3703 72.2823 71.3445
threshold=0.0019822079772166125 1.3750000000000002 1.3750000000000002 0.0014406773548415175 0.0014330543367111499 0.0031189993086482046 0.003188815239166832 1.6250000000000002 1.8750000000000002 0.0011879484712433218 1.1250000000000002 1.8750000000000002 2.2500000000000004 1.1250000000000002 1.1250000000000002 15.375000000000002 0.0010731675828695995 0.001008675399579 0.052191455803375093 15.373464290024794 0.059818832392579485 66.013134394839284 23.254521132911115 0.00091973830483267518 -0.00044317541074590758 1.0421062758936424 2.2500000000000004 -0.072081480832530659 34.587402711814782 -0.020431378648323943 4.6378149577274304 0.0049396466154972788 40.34685118666372 -0.052660970406740823 -0.061744310538556536 31.425502897549581 0.0023023736924603095 -0.2280607228569389 14.375000000000002 0.072104743363384224 14.375000000000002 1.6250000000000002 57.49987441977472 14.79166666666667 0.043059930462199872 -0.14502995519491416 1.0146375947194535 0.080625681865062998 0.0032135989236693643 13.54166666666667 0.0016864418517801465 0.11081959178938204 14.29166666666667 3.2500000000000004 0.0016864418517801465 11.839757314923306 -0.040256334163309003 -0.0012963308284678393 6.27694713544801 3.4006666722145503e-05 15.375000000000002 12.125000000000002
decision_type=2 2 2 2 2 2 2 2 2 2 2 2 2 2 2 2 2 2 2 2 2 2 2 2 2 2 2 2 2 2 2 2 2 2 2 2 2 2 2 2 2 2 2 2 2 2 2 2 2 2 2 2 2 2 2 2 2 2 2 2 2 2
left_child=1 3 5 9 7 13 11 16 41 18 30 -4 17 15 60 36 -3 -9 21 -20 -21 22 23 55 32 -25 -17 28 -27 -23 50 42 34 38 35 -24 37 40 -34 -22 -2 -6 47 49 45 48 -47 -7 -45 -44 61 52 -52 -54 -12 -1 57 -57 59 -51 -11 -5
right_child=2 4 6 10 8 31 -8 12 -10 14 54 -13 -14 -15 -16 26 -18 -19 19 20 39 29 24 25 -26 27 -28 -29 -30 -31 -32 -33 33 -35 -36 -37 -38 -39 -40 -41 -42 -43 43 44 -46 46 -48 -49 -50 58 51 -53 53 -55 -56 56 -58 -59 -60 -61 -62 -63
leaf_value=-0.010759048669666801 -0.0067318995469662695 -0.0097564417894672063 0.0014527874277523297 -0.009291068542688628 -0.0014646708276284028 0.0018997178097208028 0.0039382364405683538 -0.0064673458012728668 0.0013506206111250875 -0.0097236876701270736 -0.0042231544974526154 0.002936285636307533 0.0002145091611002405 -0.00017526231739835928 -0.0060504174608227816 -0.0048979624712572074 -0.0045377490789307879 -0.0020402787759193422 -0.02347834298759699 0.012550819864215919 -0.018015834720984728 -0.040020267838081776 -0.037431875377834004 -0.010197743698638814 -0.0041452953535206253 0.027810166145072264 0.013859557038228316 -0.018044424407099854 -0.01061414685389294 -0.014303104783711166 -0.015094864498954478 0.0039695975519495772 -0.016759746626762922 -0.028422348093474128 -0.0058451035233754653 -0.011543617284894872 -0.0013568321536305309 -0.002924034297291917 0.018428760754461048 0.011076024202200083 -0.02473391544683003 -5.3168234065458479e-05 0.00033224844283776434 0.022088334872233158 -0.026556704678565021 -0.028652824211764984 0.012914507743261314 0.0074671898567435979 -0.017904757119942837 0.0042981228010993584 -0.0052836035038167483 -0.017796739684390498 -0.0040258928811929507 0.0033383776440802913 -0.0022317445025738735 -0.0421286682287852 -0.032940553644788803 0.0047147451124214049 -0.037887153775595567 0.019624208939174003 0.003520682688717169 -0.0058755813048682421
leaf_weight=931 2830 12043 506207 20080 190986 119260 436499 14516 381867 60552 85327 505669 85967 245081 61830 1023 74031 157581 525 1168 737 604 470 16487 7399 170 2057 11256 2965 652 2282 39806 461 1473 4076 928 149900 88506 238 325 743 191068 59368 151 1210 185 1284 7637 1162 2548 80102 1192 13885 6882 103600 123 2018 419 85 1104 1048 64089
leaf_count=931 2830 12043 506207 20080 190986 119260 436499 14516 381867 60552 85327 505669 85967 245081 61830 1023 74031 157581 525 1168 737 604 470 16487 7399 170 2057 11256 2965 652 2282 39806 461 1473 4076 928 149900 88506 238 325 743 191068 59368 151 1210 185 1284 7637 1162 2548 80102 1192 13885 6882 103600 123 2018 419 85 1104 1048 64089
internal_value=-6.30123e-06 -0.00234411 0.00178269 -0.0059034 -0.000563609 -9.20892e-05 0.00271976 -0.00247104 0.000295668 -0.00907933 -0.00441527 0.00219414 -0.00153818 -0.00105902 -0.00777118 -0.00194285 -0.00526792 -0.00241369 -0.0121016 -0.00266597 0.00223381 -0.0126146 -0.0122574 -0.0138985 -0.00850831 -0.0128888 0.00762938 -0.0159719 -0.00853053 -0.0266703 -0.00570222 0.00193499 -0.0127304 -0.0208132 -0.00952322 -0.0202471 -0.00206469 -0.00321705 -0.00477854 -0.00911296 -0.0104754 -0.000758768 0.0015175 0.000160948 -0.00959974 -0.00222449 0.00767968 0.00223478 -0.0133054 0.000778405 -0.00558713 -0.00467726 -0.00452222 -0.00158544 -0.00313115 -0.0228293 -0.0272189 -0.00591577 0.00786629 0.0089312 -0.00949836 -0.00669041
internal_weight=3.83467e+06 1.66235e+06 2.17232e+06 554294 1.10806e+06 723940 1.44838e+06 344138 763921 176855 377439 1.01188e+06 258064 490140 123430 245059 86074 172097 53425 2755 2230 50670 49414 34369 15045 30878 3080 14391 3135 1256 188512 233800 7646 2172 5474 1398 241979 92079 699 1062 3573 382054 193994 67097 3992 2782 1469 126897 1313 63105 186230 102061 100869 20767 188927 3491 2560 542 3737 3652 61600 84169
internal_count=3834668 1662353 2172315 554294 1108059 723940 1448375 344138 763921 176855 377439 1011876 258064 490140 123430 245059 86074 172097 53425 2755 2230 50670 49414 34369 15045 30878 3080 14391 3135 1256 188512 233800 7646 2172 5474 1398 241979 92079 699 1062 3573 382054 193994 67097 3992 2782 1469 126897 1313 63105 186230 102061 100869 20767 188927 3491 2560 542 3737 3652 61600 84169
is_linear=0
shrinkage=0.05


Tree=34
num_leaves=63
num_cat=0
split_feature=0 12 12 0 0 0 12 12 12 0 0 12 4 10 13 2 2 2 2 4 2 0 12 12 3 1 4 3 1 4 0 4 10 1 4 2 3 4 3 5 10 5 3 2 12 0 0 1 2 3 4 10 5 2 2 2 2 12 6 1 4 3
split_gain=5784.79 2781.64 2222.17 1143.71 710.002 459.244 429.436 425.337 291.373 240.14 231.504 153.516 135.83 129.134 265.073 263.945 191.306 182.882 212.002 128.122 122.244 120.725 118.609 117.133 113.789 141.874 110.812 113.889 106.657 106.422 106.326 105.236 133.839 116.318 111.053 103.781 155.517 98.3905 95.1315 93.5029 99.6159 93.4799 110.418 93.241 89.5113 88.3758 87.894 87.4638 85.9411 108.2 84.3602 81.1461 80.8791 80.6443 79.9921 78.9765 81.6949 77.5129 74.7475 74.701 74.5847 74.4187
threshold=0.0016726944873805833 1.6250000000000002 1.6250000000000002 0.0025013595224032295 0.0012818299446718867 0.0023393111815628509 1.1250000000000002 1.1250000000000002 1.1250000000000002 0.0037787255163597294 0.0012150028078286152 2.2500000000000004 18.5722317536712 14.29166666666667 2.7500000000000004 0.078860826294521152 -0.23752482284043752 -0.025922773785349816 0.0066720196311561529 19.474641353374953 0.026761381170700076 0.0039644852554345843 1.1250000000000002 2.2500000000000004 0.0040115606459296717 47.859667488876724 22.285769031630419 -0.0015287356115883197 66.013134394839284 36.945603729111419 0.0020802182649020543 15.168573889565758 14.958333333333334 30.35583150956047 23.591792104443964 0.059818832392579485 -0.00077681517301777581 37.883324223236279 0.0032759035360650107 1.2257346746953426 15.29166666666667 2.1555455910850121 0.0012135764571715648 0.025601267899382479 1.3750000000000002 0.00091973830483267518 0.0009643359574801752 34.035165857399001 0.033120786178767493 0.00012828393054629316 55.27872885119239 14.708333333333334 1.5357496745102102 -0.021163970903416367 0.058036642531770648 0.13385620961730396 0.09268775273123446 2.2500000000000004 0.0019456199277512189 38.666446164587576 24.050062452010007 -0.00050987516519622651
decision_type=2 2 2 2 2 2 2 2 2 2 2 2 2 2 2 2 2 2 2 2 2 2 2 2 2 2 2 2 2 2 2 2 2 2 2 2 2 2 2 2 2 2 2 2 2 2 2 2 2 2 2 2 2 2 2 2 2 2 2 2 2 2
left_child=1 4 3 7 8 23 -6 30 -1 12 57 51 61 44 -15 16 58 19 24 -18 -20 -7 -14 -4 25 37 27 -17 31 -28 -2 46 45 -34 48 36 60 -19 -29 -27 -41 54 -43 -36 -9 -33 -10 -37 49 -35 -21 -12 -45 -42 -38 56 -11 -3 -16 -50 -22 -5
right_child=2 10 5 9 6 21 -8 13 28 55 11 -13 22 14 15 26 17 18 20 50 35 -23 -24 -25 -26 39 29 38 -30 -31 -32 32 33 34 43 47 41 -39 -40 40 53 42 -44 52 -46 -47 -48 -49 59 -51 -52 -53 -54 -55 -56 -57 -58 -59 -60 -61 -62 -63
leaf_value=-0.01233787237490374 -0.0041732487343627851 -0.003867975816643103 0.001085272106678923 0.001060419605983043 -0.0071549440718430349 0.0030704505424023389 -0.0035570587282312306 -0.0018401285018419108 -0.017383094636502804 0.002762486986846949 -0.00040502463488973923 0.0012519131361927805 -0.00090991178594343372 -0.0017190710425830391 -0.017821966248893123 0.019545096612823797 0.015210966355218725 0.0041441115520662996 0.015117080789391689 0.0053975800874980799 -0.019679779543673399 0.0046414892121272268 0.00092989161500769155 0.002524973015299815 0.011780442247610717 -0.0027904192528257631 0.0070025630960507054 -0.022976829970462454 -0.018695356380575776 -0.028591333746555304 -0.0021094947883386695 -0.01450039933383377 -0.034860002221884553 -0.011441665192265561 0.00089139917479542094 -0.012299462151264685 0.011957587933293505 -0.015540061763081795 0.027353377745609093 -0.025144712336385058 0.036022399502495923 0.0096266360252688973 -0.022869678528011406 -0.048940589817273138 -0.00036852079231697104 -0.0046251078138760705 -0.0086770686534527238 0.013668640650139136 -0.048326832868836149 -0.028540129147985451 0.026422042164284461 -0.0026845844286402937 -0.010129101367944073 -0.011116263947339469 -0.024838108410758356 -0.0044032243835344324 0.0083424509287555928 -0.00083497091726667449 0.023120570485669425 0.003219855297587941 -0.0025420108029365908 0.0041776336566414175
leaf_weight=44072 138655 63100 423477 38336 124326 624014 249122 206813 3369 172384 227260 137175 131467 45593 1190 197 5853 3411 3048 11928 1044 152085 262552 212007 1050 1363 1260 1818 2027 252 113500 2371 513 2213 2684 363 3138 780 99 1713 120 513 533 173 206514 50939 20784 3038 77 1590 497 47137 599 372 155 3702 6819 31622 123 806 1620 38250
leaf_count=44072 138655 63100 423477 38336 124326 624014 249122 206813 3369 172384 227260 137175 131467 45593 1190 197 5853 3411 3048 11928 1044 152085 262552 212007 1050 1363 1260 1818 2027 252 113500 2371 513 2213 2684 363 3138 780 99 1713 120 513 533 173 206514 50939 20784 3038 77 1590 497 47137 599 372 155 3702 6819 31622 123 806 1620 38250
internal_value=-3.33262e-06 -0.00324658 0.00115983 -0.000244086 -0.00586964 0.00256223 -0.00475484 -0.00156756 -0.00901841 0.00128806 -0.000626772 -0.000113851 0.000690533 -0.000729325 0.000975034 0.00367595 0.00479715 0.00540552 0.00236246 0.00911171 0.00631101 0.00337831 0.000316029 0.00156558 -0.00366727 -0.00575776 -0.00926511 -0.0166573 -0.00735869 0.00107025 -0.00324431 -0.00709186 -0.00600062 -0.0117678 -0.0103128 0.00373114 0.000251061 0.000480629 -0.0203776 -0.0130854 -0.0194492 0.00608941 -0.00693219 -0.00351318 -0.00110486 -0.00506432 -0.00989144 0.010897 -0.0153276 -0.0185904 0.00623856 -0.000796616 -0.0188265 0.000380971 0.0102256 0.00282548 0.00297481 -0.00285544 -0.0139865 -0.00127516 -0.00925816 0.00261728
internal_weight=3.8336e+06 1.01196e+06 2.82165e+06 1.41006e+06 505665 1.41158e+06 373448 756553 132217 653510 506294 411572 470605 504398 91071 45478 41852 40539 22261 18278 13452 776099 394019 635484 8809 7759 3626 2114 88145 1512 252155 86118 61965 8655 8142 10404 7003 4191 1917 3568 2205 4339 1046 3456 413327 53310 24153 3401 4686 3803 12425 274397 772 492 3293 182905 179203 94722 1313 883 2664 76586
internal_count=3833605 1011959 2821646 1410063 505665 1411583 373448 756553 132217 653510 506294 411572 470605 504398 91071 45478 41852 40539 22261 18278 13452 776099 394019 635484 8809 7759 3626 2114 88145 1512 252155 86118 61965 8655 8142 10404 7003 4191 1917 3568 2205 4339 1046 3456 413327 53310 24153 3401 4686 3803 12425 274397 772 492 3293 182905 179203 94722 1313 883 2664 76586
is_linear=0
shrinkage=0.05


Tree=35
num_leaves=63
num_cat=0
split_feature=0 0 0 0 10 2 2 4 1 0 10 13 10 10 2 4 2 2 0 0 1 7 13 4 1 2 2 0 4 0 11 1 2 2 4 6 10 2 2 2 2 4 5 1 1 4 4 2 13 2 0 2 4 4 13 4 7 6 6 1 0 5
split_gain=5213.65 1401.68 720.279 345.46 191.393 272.034 305.012 383.769 184.151 155.662 155.376 221.61 295.334 197.3 174.399 160.866 152.765 231.527 199.584 164.337 196.98 153.923 157.338 147.525 159.555 238.852 149.386 136.898 159.132 135.752 131.7 126.996 125.46 118.59 118.287 117.576 143.288 385.006 227.764 213.602 297.722 195.02 193.852 178.407 176.789 162.986 246.818 146.984 136.048 122.81 117.273 127.203 119.692 116.822 115.358 133.156 114.257 146.414 112.95 115.099 149.049 158.933
threshold=0.0016540609052391555 0.0023765010702893178 0.0012019726205368868 0.0035173918394614738 14.875000000000002 -0.12732775897858731 -0.10064734988302491 26.342840883639372 66.013134394839284 0.0012701775808214341 11.54166666666667 2.2500000000000004 15.29166666666667 14.958333333333334 0.13385620961730396 18.486126548560065 -0.024536438200905227 -0.0094645576903086732 0.0013134328999889781 0.0014480136312409306 33.756834763638167 0.00082525276877676312 2.7500000000000004 33.458947285785705 49.634508984876739 -0.062641533330830321 -0.09450313933816494 0.0009643359574801752 17.507351763408177 0.0019739635045822241 0.6400000000000774 66.335932540582547 -0.04367115076250571 -0.020431378648323943 18.5722317536712 -0.0007581047408701801 14.208333333333334 0.085942379705206351 -0.21633388016818658 -0.027798695973169814 0.0066720196311561529 21.995771469403071 1.0421062758936424 60.858954253696268 41.889084876719544 10.618155084203174 13.019888648847513 0.005163807586092699 3.2500000000000004 -0.20876839306415548 0.0016068076222909772 1.0000000180025095e-35 10.903502431973239 14.921878696951945 3.2500000000000004 12.2248764083651 -0.00172964178251761 0.00031413780032996114 0.0027897894251841531 55.963410572933526 0.0019822079772166125 1.5010288153506011
decision_type=2 2 2 2 2 2 2 2 2 2 2 2 2 2 2 2 2 2 2 2 2 2 2 2 2 2 2 2 2 2 2 2 2 2 2 2 2 2 2 2 2 2 2 2 2 2 2 2 2 2 2 2 2 2 2 2 2 2 2 2 2 2
left_child=2 10 8 34 -4 9 7 -7 27 -6 29 13 35 -12 15 -14 19 18 -18 23 30 22 -22 24 -8 26 -26 28 -1 -2 -21 -23 -27 -10 -3 -13 -37 38 44 43 42 -39 47 48 -38 -42 -47 -41 -40 -45 52 -52 -19 -20 -11 -56 -17 -58 59 60 61 -48
right_child=1 3 4 -5 5 6 16 -9 33 54 11 12 14 -15 -16 56 17 50 53 20 21 31 -24 -25 25 32 -28 -29 -30 -31 -32 -33 -34 -35 -36 36 37 41 39 40 45 -43 -44 49 -46 46 58 -49 -50 -51 51 -53 -54 -55 55 -57 57 -59 -60 -61 -62 -63
leaf_value=-0.012657401848424392 -0.0019006153974876734 0.0028208101874221706 -0.0022153330989488473 0.0032628421329198576 -0.014721314259728446 -0.02807716258126447 -0.0011372000914337342 0.003308367789879944 -0.025861839899847579 0.00055206533637070572 -0.00030791234990944298 -0.00061578619501494484 0.012771745552384486 -0.0041705442744014798 -0.035612391452154807 -0.0037633927442963034 -0.0017392909650099089 0.012695487642534566 -0.037797590082182607 -0.0047103282365756061 0.0024139848008106171 -0.0055532658415616293 0.018660421384843039 0.010701170127508762 0.0032082273540171707 -0.00085566889865022896 -0.032481855430833977 -0.0051769617317237449 -0.0051536633356521339 -0.00014083462227789799 -0.036529246860648387 0.018884157828795604 -0.024870146503170095 -0.0089604954319226614 0.0013851763342476848 0.00050253738104530626 -0.018225613539400286 -0.015786658640919295 0.0051853696843917009 0.0042720331697242179 0.029026612223580828 0.0010017925884229927 -0.0060314191590456279 0.020824769630919407 -0.00051693876284356001 -0.013767724487584194 -0.0025763581126013908 -0.030187467723153533 0.011686886420917204 -0.0011981299444874163 -0.014210757741709604 0.0042160364520675659 -0.0060233769376297824 -0.015070485758418432 -0.036426509140242994 0.012902729890708271 0.011361125760703488 0.0012428745431879694 -0.0099679787205175247 0.010778476955006206 0.0095036066012171849 0.0087714752576214788
leaf_weight=14441 176653 172773 688714 473692 1220 3082 5361 1424 1852 7827 265302 141990 7327 37766 248 3763 3028 871 612 1223 2977 3592 2984 1264 352 2927 1755 142293 13834 288670 443 624 668 2361 846228 323730 1936 4108 16143 9388 688 2988 14202 685 5181 1764 9769 320 16043 8344 1113 5908 43694 7430 142 3737 6780 7564 1148 8989 8086 4510
leaf_count=14441 176653 172773 688714 473692 1220 3082 5361 1424 1852 7827 265302 141990 7327 37766 248 3763 3028 871 612 1223 2977 3592 2984 1264 352 2927 1755 142293 13834 288670 443 624 668 2361 846228 323730 1936 4108 16143 9388 688 2988 14202 685 5181 1764 9769 320 16043 8344 1113 5908 43694 7430 142 3737 6780 7564 1148 8989 8086 4510
internal_value=1.52423e-05 0.00108644 -0.00315797 0.0021472 -0.00251756 -0.00451406 -0.00547489 -0.0181586 -0.00606347 0.00227495 -6.58862e-05 0.000314572 0.000866882 -0.000789244 0.0061138 0.00652066 -0.00481665 -0.00611926 -0.0126804 -0.00143989 0.00276639 0.00537541 0.0105467 -0.00548101 -0.0073299 -0.0131523 -0.0265194 -0.0058084 -0.00898608 -0.000808909 -0.0131712 -0.00193634 -0.00531789 -0.0163902 0.00162859 0.000634557 0.00103987 0.00256186 0.0033085 0.00392311 0.00199024 -0.00871734 -0.00230917 0.00668368 -0.00533414 0.00493121 0.00444742 0.00313616 0.00842603 0.000472674 -0.00471128 0.00129494 -0.00565753 -0.0168 0.0040463 0.0110969 0.00399116 0.00602548 0.00543602 0.00600003 0.00407946 0.00100784
internal_weight=3.83453e+06 2.86678e+06 967753 1.49269e+06 792972 104258 91332 4506 174781 12926 1.37408e+06 908762 605694 303068 25682 25434 86826 62656 11070 24170 11843 10177 5961 12327 11063 5702 2107 170568 28275 465323 1666 4216 3595 4213 1.019e+06 580012 438022 114292 107196 100079 58864 7096 23910 41215 7117 34954 34266 9708 32186 9029 51586 7021 44565 8042 11706 3879 18107 14344 32502 31354 22365 14279
internal_count=3834531 2866778 967753 1492693 792972 104258 91332 4506 174781 12926 1374085 908762 605694 303068 25682 25434 86826 62656 11070 24170 11843 10177 5961 12327 11063 5702 2107 170568 28275 465323 1666 4216 3595 4213 1019001 580012 438022 114292 107196 100079 58864 7096 23910 41215 7117 34954 34266 9708 32186 9029 51586 7021 44565 8042 11706 3879 18107 14344 32502 31354 22365 14279
is_linear=0
shrinkage=0.05


Tree=36
num_leaves=63
num_cat=0
split_feature=0 12 12 0 12 0 0 12 0 12 0 0 12 10 12 0 10 13 0 10 10 6 10 10 12 1 8 12 0 8 7 10 1 13 10 12 5 0 1 6 3 10 0 5 10 10 11 0 8 0 3 10 10 3 9 3 10 10 7 1 9 0
split_gain=4702.74 3510.3 1170.21 826.048 538.51 491.71 378.317 234.239 223.946 196.933 182.707 174.197 144.128 99.7749 97.2305 95.5821 90.3614 156.923 81.9084 108.337 108.888 102.298 78.5286 78.3483 72.1715 70.4119 70.1868 70.1582 69.641 70.9062 68.5168 74.9248 112.169 81.9455 68.5035 67.3313 66.9587 66.0735 61.5714 78.597 60.1096 74.6559 74.1662 62.0832 95.049 84.0966 91.0155 59.7655 59.6629 64.3629 86.7715 72.0694 60.6603 59.1756 63.6926 61.3672 62.1779 68.9588 65.6036 58.7016 57.6134 56.3966
threshold=0.0020156721888854958 1.3750000000000002 1.6250000000000002 0.0014637866531192422 1.8750000000000002 0.0031189993086482046 0.0014330543367111499 1.1250000000000002 0.0011385095547959822 1.1250000000000002 0.0015565082277982408 0.003188815239166832 1.1250000000000002 14.625000000000002 2.2500000000000004 0.0010731675828695995 14.29166666666667 2.7500000000000004 0.0054811788933351487 14.54166666666667 11.29166666666667 -0.0074601568429041301 14.958333333333334 15.375000000000002 1.1250000000000002 80.540046507860481 0.0030421769090454272 1.1250000000000002 0.002523003773728646 0.0021413685647275042 -0.001203912719357547 14.04166666666667 40.504723456941768 2.7500000000000004 12.625000000000002 1.6250000000000002 4.6378149577274304 0.0060546480062540695 47.747070276802852 -0.0022514743411245482 -0.0010702187331516732 11.54166666666667 0.0015488224211048101 2.1965902082624109 15.29166666666667 15.125000000000002 0.33333333333325404 0.0009643359574801752 0.0046323103647944956 0.0022836358567946565 -0.0033603994554249959 14.458333333333334 14.625000000000002 -0.0023456424332271865 -0.00046654123798504557 -0.0043790134086588838 14.208333333333334 14.875000000000002 -0.0019561557777322265 33.209587040044767 -9.8794704844952576e-05 0.0019658877625783958
decision_type=2 2 2 2 2 2 2 2 2 2 2 2 2 2 2 2 2 2 2 2 2 2 2 2 2 2 2 2 2 2 2 2 2 2 2 2 2 2 2 2 2 2 2 2 2 2 2 2 2 2 2 2 2 2 2 2 2 2 2 2 2 2
left_child=1 3 5 8 6 7 15 23 27 36 13 14 53 47 -4 -3 28 -18 24 20 -20 -21 -17 30 -7 -23 -11 -1 29 -9 34 -32 48 -34 -2 -8 40 -27 39 -35 42 61 -5 45 -45 -44 -47 -6 49 50 60 -51 -52 54 -10 -56 -57 -58 59 -59 -33 -42
right_child=2 4 11 9 10 18 35 16 12 26 -12 -13 -14 -15 -16 22 17 -19 19 21 -22 25 -24 -25 -26 37 -28 -29 -30 -31 31 32 33 38 -36 -37 -38 -39 -40 -41 41 -43 43 44 -46 46 -48 -49 -50 51 52 -53 -54 -55 55 56 57 58 -60 -61 -62 -63
leaf_value=-0.013338973352743084 -0.0018810179602556801 -0.0063016653432845975 0.0019228740268691408 -0.010665073472314636 -0.0041761361283582732 0.0006014267179363374 -0.0012307549065409585 0.00010307790809210117 -0.041526129361815184 -0.0024083075521855184 0.0015309140850568058 0.0037205944244099575 -0.0054123205425839239 -0.0021389181350800822 0.0031484149916981424 -0.0024645426789791066 -0.00042904740506499478 0.0043814140704381841 0.0050377402146560609 -0.030617964741153022 -0.0018574282358834343 0.028255154412454339 -0.0058951203181491149 0.0067255016543003483 0.002210125994025773 0.019300413295462893 -0.0064012305499299184 -0.0090772784233872413 0.00078647633910906628 -0.0017054066951554343 -0.001634295748899771 -0.010024020609102752 -0.0005689754158879752 0.063899215890301606 -0.0050855403101813393 6.2764892200023955e-05 -0.01355423225654155 -0.047003439720720054 0.0034954480166249878 0.010873493578223857 -0.0072903070293368179 -0.0035446850151924837 -0.0056414530291202759 -0.0034487511743843133 0.013387501725328422 -0.0029135608464566335 -0.026509155935868545 0.00043305239273869575 0.035755670968800377 -0.0023457054048776627 0.0080308825167801547 -0.024941391060326962 -0.024162974859177209 -0.0088245580167920223 -0.023624343097996794 -0.0063303953170227682 0.014684797459994684 -0.029523022732427046 0.0083180911463348797 0.015958334246407385 0.03697183845708004 -0.00022729355911877401
leaf_weight=19319 47347 24156 485540 7748 7304 104555 201233 150379 104 179842 322236 326952 76452 55460 242756 128681 33868 33945 28728 96 7151 955 19166 2764 209258 91 11723 19310 167036 84742 133608 95 11509 72 25746 201179 2220 64 9046 2377 24607 98387 47095 5131 1002 686 1011 189564 73 565 253 940 347 72194 303 2064 1065 310 476 92 208 3193
leaf_count=19319 47347 24156 485540 7748 7304 104555 201233 150379 104 179842 322236 326952 76452 55460 242756 128681 33868 33945 28728 96 7151 955 19166 2764 209258 91 11723 19310 167036 84742 133608 95 11509 72 25746 201179 2220 64 9046 2377 24607 98387 47095 5131 1002 686 1011 189564 73 565 253 940 347 72194 303 2064 1065 310 476 92 208 3193
internal_value=2.19761e-06 -0.00193586 0.00158428 -0.00512765 -0.000340398 0.000407395 -0.001423 -0.000353895 -0.00780675 -0.00378553 0.000741919 0.0027618 -0.0069482 -0.000265669 0.00233137 -0.00338569 0.000290544 0.00197891 0.00193675 0.00415894 0.00366347 0.0188992 -0.00290926 -0.00164297 0.00167415 0.0231818 -0.00265266 -0.0112086 5.84608e-06 -0.000548734 -0.00174259 -0.0011604 0.00132406 0.00241343 -0.00300977 -0.000584082 -0.00492128 -0.00807666 0.00539947 0.0124324 -0.0048198 -0.00419115 -0.00608552 -0.00543951 -0.00069807 -0.00603549 -0.0169708 0.000262047 -0.00877668 -0.0101267 0.000426491 -0.0164586 -0.0105879 -0.00848094 -0.00286092 -0.00192793 -0.000287294 0.00613214 -0.00424209 -0.0191144 0.0222372 -0.00647908
internal_weight=3.83438e+06 1.72331e+06 2.11107e+06 574334 1.14898e+06 1.05582e+06 574415 704920 191689 382645 574564 1.05525e+06 153060 252328 728296 172003 469970 67813 350898 37085 35879 1206 147847 234950 313813 1110 191565 38629 402157 235121 232186 159093 25485 23004 73093 402412 191080 155 11495 2449 188860 126187 62673 54925 6133 48792 1697 196868 2481 2408 903 1505 600 76608 4414 4310 4007 1943 878 402 303 27800
internal_count=3834379 1723313 2111066 574334 1148979 1055818 574415 704920 191689 382645 574564 1055248 153060 252328 728296 172003 469970 67813 350898 37085 35879 1206 147847 234950 313813 1110 191565 38629 402157 235121 232186 159093 25485 23004 73093 402412 191080 155 11495 2449 188860 126187 62673 54925 6133 48792 1697 196868 2481 2408 903 1505 600 76608 4414 4310 4007 1943 878 402 303 27800
is_linear=0
shrinkage=0.05


Tree=37
num_leaves=63
num_cat=0
split_feature=0 12 12 0 0 12 0 12 0 12 12 0 4 0 0 0 12 0 10 7 7 1 4 10 6 3 10 8 1 8 13 10 1 12 10 9 4 4 1 1 0 10 13 10 0 7 4 0 12 11 1 8 10 13 1 4 1 1 1 1 10 4
split_gain=4313.03 2996.95 1311.25 666.459 563.936 442.364 304.126 263.347 201.663 173.125 171.39 150.654 107.574 95.4901 93.8336 93.6633 89.5022 79.8878 92.1599 74.4946 73.8368 76.7367 70.9688 70.7576 96.1334 74.6846 68.7984 121.273 69.2024 83.1832 72.5302 68.6534 68.5727 68.3869 68.1875 97.1468 68.8385 68.9587 68.1736 74.0157 67.6906 66.9703 155.947 84.8444 83.1684 82.6303 74.7851 66.8016 66.6669 65.734 62.3076 60.4587 59.9249 75.3088 63.7561 59.8406 59.4855 59.3744 59.0226 85.4983 110.986 131.574
threshold=0.0018985094982703025 1.3750000000000002 1.6250000000000002 0.0013495331350436258 0.0032135989236693643 1.8750000000000002 0.0012818299446718867 1.1250000000000002 0.003188815239166832 1.1250000000000002 1.1250000000000002 0.0012918762877543839 35.619356215946361 0.0023023736924603095 0.0016000938217144497 0.0072247202833960441 2.2500000000000004 0.0010731675828695995 14.958333333333334 0.00051650840400985232 0.00066823516322067633 46.526677403398445 25.81949751752644 15.29166666666667 0.0014388489208633228 0.0015356006635783806 14.375000000000002 0.0034381993349001153 40.805249997898571 0.0017957864321368868 3.2500000000000004 11.458333333333334 55.505318245710804 2.2500000000000004 14.958333333333334 0.00043994720633523042 36.038728038306338 38.375620735897108 55.505318245710804 40.34685118666372 0.00091973830483267518 14.29166666666667 2.7500000000000004 15.29166666666667 0.002523003773728646 -0.0031473533619456591 16.039041310283753 0.0011192457152150077 1.1250000000000002 0.44000000000010009 58.471608427593857 0.00065803488252856558 15.375000000000002 2.2500000000000004 40.34685118666372 20.972866275095935 64.739665479462317 69.536062509412531 40.643310482819636 54.263790784592054 14.208333333333334 18.10182455600815
decision_type=2 2 2 2 2 2 2 2 2 2 2 2 2 2 2 2 2 2 2 2 2 2 2 2 2 2 2 2 2 2 2 2 2 2 2 2 2 2 2 2 2 2 2 2 2 2 2 2 2 2 2 2 2 2 2 2 2 2 2 2 2 2
left_child=1 3 4 10 7 6 56 13 16 12 17 40 31 -2 34 48 -4 38 19 51 -20 -22 26 24 25 -23 -15 28 29 -28 -30 -5 -25 -13 -8 36 -36 -38 39 49 -7 44 -43 45 -9 -44 -46 -12 55 -1 -49 -19 58 -54 -55 -6 -3 -40 -33 -60 -61 -62
right_child=2 5 8 9 15 11 14 41 -10 -11 47 33 -14 22 -16 -17 -18 18 20 -21 21 23 -24 32 -26 -27 27 -29 30 -31 -32 52 -34 -35 35 -37 37 -39 57 -41 -42 42 43 -45 46 -47 -48 50 -50 -51 -52 -53 53 54 -56 -57 -58 -59 59 60 61 -63
leaf_value=-0.0004493446427330126 -0.0028189993783824582 -0.0039892598511341261 0.0017533503213804577 -0.0082447756640831715 0.00319841514128681 -0.0069967811494556185 -0.0014558237623891748 -0.00063897842972270697 0.0035799670368766561 -0.0031470789355158334 -0.0092684943419131596 0.00030981404106944559 -0.0023340836159974044 -0.00039917464940401231 -0.00027239038918270832 0.0074940895844620992 0.0028460912433761983 -0.0023740491279752429 -0.018448576314491091 -0.012144114415226968 -0.039990589345336724 0.0070263281795713631 -0.0018731361383189386 -0.023652600106738864 -0.043473779675604285 -0.019098460855691331 -0.026355508447524146 -0.0047266474410987535 0.006069361305965075 0.0037852065790869513 0.018073295121709989 -0.0075978642531861476 0.027813590693135631 0.0016106200717427304 -0.0024499026994928242 -0.016606824766313723 -0.031861661261236164 -0.0079415940937687113 -0.0040960624376105972 -0.018342785326574122 -0.00095090568660847249 -0.00073574727814827517 -0.0040366272464032078 0.0085783224759673742 0.0038380921456334996 0.0034385660047060898 0.00038862277603648229 -0.0048448642013374441 0.0023334073703549039 -0.016635271957996026 -0.010394430269886124 -0.0083307524114163891 -0.0098303528968244798 0.027197414705519042 0.0033292781658440054 0.00018872787368325774 -0.011386266761521787 -0.039170813979580998 -0.0039685822318689832 -0.0088643792233372692 -0.010278972471925246 0.00082436378425878524
leaf_weight=1279 121267 85659 562023 24013 20587 4885 172887 296449 327309 187850 16954 201959 26378 59901 215354 7439 281115 5076 4565 11043 157 675 92415 84 174 460 287 2794 3814 1131 1878 26738 282 202196 17812 1523 355 1992 2103 7289 88575 42560 4193 6999 17332 31244 168177 38359 208398 1231 5826 26491 896 346 1462 83510 2807 128 71438 24548 4055 7801
leaf_count=1279 121267 85659 562023 24013 20587 4885 172887 296449 327309 187850 16954 201959 26378 59901 215354 7439 281115 5076 4565 11043 157 675 92415 84 174 460 287 2794 3814 1131 1878 26738 282 202196 17812 1523 355 1992 2103 7289 88575 42560 4193 6999 17332 31244 168177 38359 208398 1231 5826 26491 896 346 1462 83510 2807 128 71438 24548 4055 7801
internal_value=3.71848e-06 -0.0020955 0.00134325 -0.00526378 0.000159825 -0.000512313 -0.00156523 -0.000513354 0.00252661 -0.00422015 -0.00847152 0.000542236 -0.00529422 -0.00175764 -0.000991439 0.00194925 0.00211769 -0.0103458 -0.00944956 -0.00860944 -0.0150456 -0.00656598 -0.000964221 -0.00343304 -0.00886704 -0.00356169 0.000239095 0.00409945 0.00756782 -0.00231521 0.0100299 -0.00577831 0.0160017 0.000960598 -0.0017873 -0.00443042 -0.0035105 -0.0115597 -0.0139968 -0.0157928 -0.00126691 0.000108809 0.00140283 0.00354766 -0.000119399 0.00255408 0.000710905 -0.00660037 0.00181726 -0.00838754 -0.0055766 -0.00737291 -0.00534689 0.00202282 0.00789696 0.000783946 -0.00422396 -0.00610842 -0.00549497 -0.00497358 -0.00694575 -0.00297321
internal_weight=3.83453e+06 1.4937e+06 2.34082e+06 497701 1.17038e+06 996004 498389 850441 1.17045e+06 375525 122176 497615 187675 283487 409923 319934 843138 61037 49007 42610 6397 1832 162220 1675 1309 1135 69805 9904 7110 1418 5692 161297 366 404155 194569 21682 20159 2347 12030 9799 93460 566954 84996 42436 481958 35437 185509 61139 312495 2510 44185 31567 137284 2704 1808 104097 88466 2231 134580 107842 36404 11856
internal_count=3834527 1493705 2340822 497701 1170375 996004 498389 850441 1170447 375525 122176 497615 187675 283487 409923 319934 843138 61037 49007 42610 6397 1832 162220 1675 1309 1135 69805 9904 7110 1418 5692 161297 366 404155 194569 21682 20159 2347 12030 9799 93460 566954 84996 42436 481958 35437 185509 61139 312495 2510 44185 31567 137284 2704 1808 104097 88466 2231 134580 107842 36404 11856
is_linear=0
shrinkage=0.05


Tree=38
num_leaves=63
num_cat=0
split_feature=0 12 12 0 12 0 0 0 12 0 8 0 12 10 10 8 1 4 2 4 1 1 6 10 1 12 0 1 1 2 1 2 2 10 13 1 5 2 0 5 11 2 4 1 12 1 6 7 2 0 4 2 10 0 1 10 8 2 10 4 2 10
split_gain=3900.14 2786.34 963.198 706.487 460.415 393.224 247.85 221.41 182.143 166.789 144.386 143.896 129.231 123.21 175.108 122.009 111.657 137.846 109.72 108.053 132.605 118.205 106.575 105.971 102.414 101.242 96.0175 95.6946 98.4154 142.011 99.7151 94.5692 103.609 208.076 131.042 96.4625 94.0145 97.8378 91.4439 90.3256 89.6156 84.5922 123.017 109.98 83.9659 78.2896 78.1069 82.4459 97.2543 78.9853 77.4699 77.2793 76.9934 76.5745 87.6098 145.3 132.554 109.255 102.359 80.3635 88.9189 138.837
threshold=0.0020314230141830797 1.3750000000000002 1.6250000000000002 0.0014330543367111499 1.6250000000000002 0.003188815239166832 0.001502174174777132 0.001303203632956579 1.1250000000000002 0.001008675399579 0.0030421769090454272 0.0033410321607367445 1.1250000000000002 14.958333333333334 15.375000000000002 0.0016433710086133587 29.908292714050585 21.774720193195655 -0.074352058519507144 19.743520334858136 43.72803065728354 60.668178326613038 0.0010293535466443517 14.625000000000002 60.668178326613038 2.2500000000000004 0.0012423332632078875 40.34685118666372 51.512336371227512 0.0066720196311561529 66.013134394839284 -0.085652006922059126 -0.21633388016818658 14.375000000000002 3.2500000000000004 33.756834763638167 4.6378149577274304 -0.13987991895069976 0.0013399874377175386 1.5192481086967782 0.71428571428572385 -0.020431378648323943 32.595651866912966 67.793000874229165 1.1250000000000002 34.587402711814782 0.0016742809035950048 -0.0010625728222548589 0.060794178471247497 0.0013665449845959991 16.6763835119893 0.069411781337801945 12.875000000000002 0.0049396466154972788 57.49987441977472 14.54166666666667 0.0044441382372416545 -0.20150058846806043 13.54166666666667 48.381121825206336 0.013455646140861194 12.125000000000002
decision_type=2 2 2 2 2 2 2 2 2 2 2 2 2 2 2 2 2 2 2 2 2 2 2 2 2 2 2 2 2 2 2 2 2 2 2 2 2 2 2 2 2 2 2 2 2 2 2 2 2 2 2 2 2 2 2 2 2 2 2 2 2 2
left_child=1 3 5 9 7 8 23 -3 31 27 12 -4 -5 22 16 38 -15 19 -19 20 26 -22 24 -6 44 -8 45 40 29 52 -30 32 -2 50 -35 -33 -12 -38 -16 -20 -1 42 43 -41 -11 -18 47 -43 -49 -50 -34 -25 -29 54 57 58 -57 -7 59 -56 61 -61
right_child=2 4 11 10 6 53 25 -9 -10 13 36 -13 -14 14 15 -17 17 18 39 -21 21 -23 -24 51 -26 -27 -28 28 30 -31 -32 35 33 34 -36 -37 37 -39 -40 41 -42 46 -44 -45 -46 -47 -48 48 49 -51 -52 -53 -54 -55 55 56 -58 -59 -60 60 -62 -63
leaf_value=0.00070933153243625242 -0.003345100206957614 -0.0051041569943210199 0.0021806591154434163 -0.0041086375866003881 -0.00035814928625902976 -0.0011887272595855754 0.00041214209079997041 -0.0014268811929872447 0.00029369000220203488 -0.0068327961329678584 -0.0059740180814805846 0.0035041290939759554 -0.0022832891113978805 -0.029716443747694044 -0.021446801678914773 0.01026167738705706 0.014811190489738708 0.011660516457920224 -0.022663644655528444 -0.027509014162594683 -0.019166490149262083 0.0021280534515174939 -0.011756128502709823 -0.0028067663588825565 -0.011280295779874853 0.0018495943460120662 0.0048642217766880344 -0.036339586654487714 -0.0063006724544855501 -0.031532250825523488 -0.034358107344228395 -0.0054718287709573299 -0.0053865187257946812 0.0041450533564181026 0.017795780177116565 -0.0016191631891782307 0.012403516258512225 -0.018281110864511431 0.0062200734535671348 -0.034659875935978357 -0.023113247560164363 -0.016793395974968053 0.014509006283709392 0.039495302791948676 -0.0041940605816064899 -0.030151069798823177 -0.027203504908889821 0.0066489878248729697 -0.019332792475110008 0.019433206953108313 0.00075127865000333314 0.0061757200937094013 -0.012831079695814299 0.0034399794087613383 -0.00018595135812146622 -0.0121698991907785 0.0022905195036434589 0.0025974067416056376 0.0090633056957810047 0.0062348043712482362 -0.0012413864871753466 0.037503178877399325
leaf_weight=2122 15969 49215 758785 193728 250815 21779 367799 243277 475635 60283 22115 281602 194132 868 760 1601 126 776 929 1512 5407 741 8212 71869 8223 183661 1464 372 4125 1510 343 18198 5944 5208 2654 151553 287 2739 492 675 485 711 207 54 60307 418 311 2663 735 160 38055 2477 5465 59786 72091 4279 2517 152292 3574 6358 4272 376
leaf_count=2122 15969 49215 758785 193728 250815 21779 367799 243277 475635 60283 22115 281602 194132 868 760 1601 126 776 929 1512 5407 741 8212 71869 8223 183661 1464 372 4125 1510 343 18198 5944 5208 2654 151553 287 2739 492 675 485 711 207 54 60307 418 311 2663 735 160 38055 2477 5465 59786 72091 4279 2517 152292 3574 6358 4272 376
internal_value=-8.77654e-07 -0.00173754 0.00146308 -0.00455449 -0.000327852 0.000387442 0.000245297 -0.00204562 -0.000271032 -0.00724641 -0.00343303 0.00253888 -0.00319501 -0.00677553 -0.0103799 0.001118 -0.0122272 -0.0113284 -0.00610161 -0.0152323 -0.0129564 -0.0165999 -0.0062334 -0.000849584 -0.00588132 0.000890878 -0.00180066 -0.0123931 -0.0143063 -0.017865 -0.00845459 -0.0014016 0.0001765 0.00126087 0.00875317 -0.00203218 -0.00710503 -0.0153708 -0.0105745 -0.00824023 -0.00372256 -0.00581105 -0.0195078 -0.0291669 -0.00551317 -0.019737 -0.00301188 -0.00124951 0.00185665 -0.0124026 -7.79008e-05 -0.0025075 -0.0143293 0.00182221 0.00146069 0.000225919 -0.00681427 0.0021237 0.00077795 0.000421597 0.00440113 0.00798071
internal_weight=3.8351e+06 1.75417e+06 2.08093e+06 585058 1.16911e+06 1.04054e+06 876621 292492 713216 172057 413001 1.04039e+06 387860 157635 20610 2853 17757 16889 7221 9668 8156 6148 137025 325161 128813 551460 2008 14422 11815 7347 4468 237581 67830 51861 7862 169751 25141 3026 1252 6445 2607 5516 936 729 120590 544 4580 4269 3558 895 43999 74346 5837 327324 267538 93467 6796 174071 86671 83097 11006 6734
internal_count=3835098 1754171 2080927 585058 1169113 1040540 876621 292492 713216 172057 413001 1040387 387860 157635 20610 2853 17757 16889 7221 9668 8156 6148 137025 325161 128813 551460 2008 14422 11815 7347 4468 237581 67830 51861 7862 169751 25141 3026 1252 6445 2607 5516 936 729 120590 544 4580 4269 3558 895 43999 74346 5837 327324 267538 93467 6796 174071 86671 83097 11006 6734
is_linear=0
shrinkage=0.05


Tree=39
num_leaves=63
num_cat=0
split_feature=0 12 12 0 12 0 0 0 12 0 12 8 10 13 10 12 4 0 1 1 8 10 1 10 4 10 1 4 4 10 13 10 4 4 4 1 4 0 0 9 11 7 10 4 9 11 4 0 0 7 4 13 0 7 1 0 10 9 0 5 8 3
split_gain=3670.06 1910.08 1571.42 663.833 448.209 385.469 222.644 198.462 193.233 163.973 163.556 140.568 131.558 136.899 119.544 116.782 106.714 94.3263 93.8671 81.7694 80.7196 93.6297 158.107 88.2769 80.4418 101.772 99.9643 107.483 80.1178 78.7335 76.537 125.982 76.4148 74.4344 86.0395 80.0155 115.308 86.0138 74.4139 74.0132 79.8368 70.1942 73.6748 113.295 114.909 120.115 109.665 102.251 88.0764 84.6155 84.4342 79.66 78.7428 78.3691 69.6552 85.3591 91.1853 108.447 69.3589 69.2754 104.803 92.9062
threshold=0.0016540609052391555 1.6250000000000002 1.3750000000000002 0.0027966766662306602 1.1250000000000002 0.002447044795710162 0.0012818299446718867 0.0013665449845959991 1.8750000000000002 0.0021288848598889063 2.2500000000000004 0.0030421769090454272 14.29166666666667 2.2500000000000004 14.54166666666667 2.2500000000000004 26.692732926753013 0.0043765373215631925 70.029196493669176 66.013134394839284 0.0024712391154313551 14.875000000000002 56.695340525658175 15.04166666666667 15.168573889565758 14.958333333333334 30.35583150956047 23.591792104443964 21.560719663765756 11.458333333333334 2.7500000000000004 14.29166666666667 34.192903395497787 35.395387502823475 38.141116893721438 24.957214642704582 60.932501062670681 0.0017011037494604525 0.0045284160937587468 0.00049885088056797857 0.035714285714253453 -0.0010372280104760099 14.208333333333334 17.809689794988415 -0.00045146726862301515 0.69999999999984519 13.563793616651319 0.0025563902252238261 0.0022080254760784945 0.00066823516322067633 11.176469268324473 2.7500000000000004 0.0024176609200672076 0.00048603310064843091 54.144296598190884 0.0018985094982703025 11.708333333333334 -0.0004793661096737222 0.0011192457152150077 1.5010288153506011 0.0011197327529443829 0.00026072608435832254
decision_type=2 2 2 2 2 2 2 2 2 2 2 2 2 2 2 2 2 2 2 2 2 2 2 2 2 2 2 2 2 2 2 2 2 2 2 2 2 2 2 2 2 2 2 2 2 2 2 2 2 2 2 2 2 2 2 2 2 2 2 2 2 2
left_child=1 4 3 9 7 8 19 -1 29 11 14 12 33 -14 58 38 41 20 -19 24 21 -5 32 -24 -6 -26 -27 -28 -16 -4 -31 -32 -23 54 -35 36 37 -36 -7 40 -13 -11 -43 46 49 47 50 -46 -47 -45 -44 -48 -51 -53 -2 -56 57 -57 -3 61 -61 -15
right_child=2 10 5 17 6 15 -8 -9 -10 16 -12 39 13 59 28 -17 -18 18 -20 -21 -22 22 23 -25 25 26 27 -29 -30 30 31 -33 -34 34 35 -37 -38 -39 -40 -41 -42 42 43 44 45 48 51 -49 -50 52 -52 53 -54 -55 55 56 -58 -59 -60 60 -62 -63
leaf_value=-0.0091429457062234838 -0.0025272432092145261 -0.0031273705782889302 -0.00056070383439182513 0.0014358998705843349 -0.0081592955902125251 0.0019273890569478853 -0.0030060689628086204 -0.0055802137027378892 0.0017325179705867844 -0.0014554617522780601 0.00085375900923692963 0.013687466301652646 -0.0034822362785927557 -0.0030223021341118698 -0.0043318305504772246 0.0034267587240518387 -0.001816649370655912 0.0019737334640169508 0.0073356227604845755 -0.015955310465504951 -9.227906367979229e-05 0.012467691481989973 0.024329912291907278 -0.012987251833720348 -0.0039487607803785317 -0.030691131377797332 -0.013359137872002706 -0.0017045467927167249 -0.0010500383069896755 1.7040865933873749e-05 0.00069259962213795456 0.003795131905146229 0.03514878694050113 0.0030939353424601786 -0.019366757714292082 -0.0027025478548104494 -0.025005442686378956 0.014516443306757779 0.0034619397556321578 -0.013431190630116847 -0.0054618028408655872 0.00023110274117945796 0.01798025608565737 0.0045518133284366989 0.008478839121409525 0.020540498072902362 0.0071812145908673602 -0.0052044365997554846 -0.014677758686712873 -0.0078801724335032519 -0.0063261978687663319 0.008547893168555724 -0.043545858025914291 0.029181578247857665 -0.0064028037280680393 0.021509809821096969 0.0005768059336259231 -0.0063956093209908476 -0.00029214047015068686 0.020173726704987613 0.0030729123027053076 0.0039570175776047342
leaf_weight=66138 138283 23878 164354 96511 24299 601744 234365 95575 493062 51794 161249 557 19028 12238 41038 231147 153842 60972 9424 1997 154639 2040 193 886 53295 537 4663 3436 34009 164665 119566 45048 454 10504 209 32510 250 1804 90940 2933 23873 86643 474 332 5557 204 1995 1810 1368 293 1451 740 328 1217 30366 359 12386 11532 223239 946 16933 7812
leaf_count=66138 138283 23878 164354 96511 24299 601744 234365 95575 493062 51794 161249 557 19028 12238 41038 231147 153842 60972 9424 1997 154639 2040 193 886 53295 537 4663 3436 34009 164665 119566 45048 454 10504 209 32510 250 1804 90940 2933 23873 86643 474 332 5557 204 1995 1810 1368 293 1451 740 328 1217 30366 359 12386 11532 223239 946 16933 7812
internal_value=-7.29164e-06 -0.00266964 0.000891593 -0.000763716 -0.00488896 0.00171962 -0.00381201 -0.00703731 0.0010324 -0.00170994 -0.000446213 -0.00249793 -0.0021801 -2.13623e-05 -0.00109687 0.0024536 -0.000884931 0.0010715 0.00269154 -0.0059529 0.000623779 0.00173015 0.00967831 -0.00631236 -0.00572125 -0.00476467 -0.00979986 -0.00841468 -0.00284462 0.000333095 0.000779219 0.00154163 0.0165965 -0.00269628 -0.0008718 -0.00206974 0.00702106 0.0109985 0.00212885 -0.00592623 -0.0050252 4.45881e-05 0.000803226 0.00394676 0.000680068 0.00243964 0.00944517 0.00511699 -0.0101075 -0.0158245 -0.000341128 0.014212 -0.0267181 0.0213794 -0.00312446 -0.00463582 -0.00242566 -0.00555312 -0.000566098 0.00171487 0.00397774 -0.000302978
internal_weight=3.83393e+06 967718 2.86622e+06 955690 484305 1.91053e+06 322592 161713 986695 630571 483413 322523 295160 56957 322164 923831 308048 325119 70396 88227 254723 100084 3573 1079 86230 61931 8636 8099 75047 493633 329279 164614 2494 238203 45277 34773 2263 2013 692684 27363 24430 154206 102412 15769 9892 8939 5877 7367 1572 953 1925 3952 621 1957 192926 54643 24277 11891 247117 37929 17879 20050
internal_count=3833934 967718 2866216 955690 484305 1910526 322592 161713 986695 630571 483413 322523 295160 56957 322164 923831 308048 325119 70396 88227 254723 100084 3573 1079 86230 61931 8636 8099 75047 493633 329279 164614 2494 238203 45277 34773 2263 2013 692684 27363 24430 154206 102412 15769 9892 8939 5877 7367 1572 953 1925 3952 621 1957 192926 54643 24277 11891 247117 37929 17879 20050
is_linear=0
shrinkage=0.05


Tree=40
num_leaves=63
num_cat=0
split_feature=0 12 12 0 0 12 12 0 0 12 0 1 12 12 0 8 2 5 2 12 2 1 3 2 12 9 0 5 2 2 5 13 6 7 1 2 2 7 0 7 9 0 3 0 2 9 0 0 0 3 7 6 2 2 6 11 2 1 0 6 9 2
split_gain=3359.07 2028.9 1147.7 540.021 410.738 345.464 238.181 197.863 157.317 153.602 141.369 104.574 90.7878 90.5352 84.7681 112.856 106.721 103.542 84.7126 83.6879 79.3647 91.1884 74.6795 69.1926 69.0053 68.5472 67.0655 65.9974 67.9287 64.3525 101.692 87.9504 61.0093 60.0287 59.2491 63.6542 58.8682 58.7102 58.5382 58.2466 77.1727 63.5802 58.3008 57.219 74.5111 55.2117 55.0443 54.6816 54.3333 53.7661 66.0121 52.7088 51.5851 93.1463 68.3482 56.2651 49.9515 55.5209 69.8763 49.9265 53.4425 49.2901
threshold=0.0017782928611085474 1.3750000000000002 1.6250000000000002 0.0027966766662306602 0.0012818299446718867 1.6250000000000002 1.1250000000000002 0.002844408806028429 0.001303203632956579 1.1250000000000002 0.0012019726205368868 69.536062509412531 2.2500000000000004 1.1250000000000002 0.0039644852554345843 0.0025290566499434892 -0.19370320573681091 1.2732028556079475 -0.036764037114056888 2.2500000000000004 -0.085652006922059126 36.290253857660325 0.0024557689513730013 0.01930039719212474 2.2500000000000004 0.0014231511861844156 0.0020802182649020543 1.2257346746953426 0.09268775273123446 -0.21633388016818658 0.85457103378185773 2.7500000000000004 -0.0012517660699414288 -0.0010815596855738849 70.029196493669176 0.13385620961730396 -0.069968524529296791 0.0002286218212624869 0.001502174174777132 0.00040163062177622782 -0.00034670629024270277 0.0033134739069986302 -0.0049340218909670842 0.0042917433238780075 -0.1380713732373503 0.0014231511861844156 0.0017145803098333678 0.0050724066129618156 0.0009643359574801752 0.007422917310015386 0.0036966758014196359 0.0093818531187076521 0.059818832392579485 0.052191455803375093 -0.0012218723191960155 0.88888888888899076 0.069411781337801945 54.698692102217201 0.0011562275561662904 0.0011194029850746248 -0.00044068637202844719 0.028848701644130798
decision_type=2 2 2 2 2 2 2 2 2 2 2 2 2 2 2 2 2 2 2 2 2 2 2 2 2 2 2 2 2 2 2 2 2 2 2 2 2 2 2 2 2 2 2 2 2 2 2 2 2 2 2 2 2 2 2 2 2 2 2 2 2 2
left_child=1 4 3 6 11 10 26 19 24 25 -3 13 -10 48 15 17 39 22 -18 -4 29 -22 23 -5 -7 32 -2 28 -24 -8 -31 -32 33 36 35 -16 -6 -28 59 40 41 -17 -42 -36 -45 -11 -38 -9 -1 -19 -51 -39 53 -50 -54 -55 -56 58 -58 -34 -61 -25
right_child=2 5 7 14 9 8 20 47 12 45 -12 -13 -14 -15 34 16 18 49 -20 -21 21 -23 27 61 -26 -27 37 -29 -30 30 31 -33 38 -35 43 -37 46 51 -40 -41 42 -43 -44 44 -46 -47 -48 -49 52 50 -52 -53 54 55 56 -57 57 -59 -60 60 -62 -63
leaf_value=-0.0144750400933834 -0.0030793731560270193 -0.0057279019605151775 0.0012373498996508853 0.0013756150070176965 -0.0033433938875381125 -0.0023323966531221831 -0.0011591273144314215 0.0026863004628360282 -0.00018715949377676622 -0.0030780536743589518 -0.0019717851928641758 -0.025011274510393963 0.0012820313273548241 -0.0062600992711342486 0.0020141569705031111 -0.026807244402562425 0.0020353811320452772 0.0091277758821734552 -0.00034430342914976337 0.0023011655918172137 -0.0024700239731736007 -0.00029015330498892173 0.00021102351093378759 0.01168322299126885 -3.7548199632796669e-05 -0.033113014778939846 -0.0022695558056405724 -0.030536048889715863 -0.010440446187111466 -2.025934911832964e-05 0.00095349826990740209 0.0052139985522749437 -0.0057829676046813761 -0.003309792827161543 -0.00049029693300860655 -0.0065237253699619501 -0.015375283150071027 -0.00029378546321894689 -0.0041649326179597716 -0.00034493503449034845 0.001910370723762837 -0.0063457180657881963 -0.0065951409760685812 0.015985711474395467 0.0049979753659326201 -0.027382754082353706 -0.0033133182866102937 0.0043977936300746085 -0.0089823317447431852 -0.031340443532496612 0.0038435769807964627 -0.018818674313744118 0.033027272857725623 0.00094642373998516771 -0.028514474479266749 0.03642061831521206 0.0091063890991539796 0.015409670622996342 -0.028510197964661262 0.018843241194461256 -0.012466520692626437 0.0036651070632446312
leaf_weight=4840 100494 29164 554367 70754 1947 98324 32445 412250 315438 162440 177604 899 157729 43652 131219 737 55310 6490 115481 277369 55754 343867 33429 2048 49124 221 95107 181 1567 58487 24302 24151 56153 3661 3933 2220 5371 73474 90038 8695 2821 783 7049 1749 13095 234 1148 52627 35797 183 491 386 64 1334 789 122 174 162 425 141 4081 29897
leaf_count=4840 100494 29164 554367 70754 1947 98324 32445 412250 315438 162440 177604 899 157729 43652 131219 737 55310 6490 115481 277369 55754 343867 33429 2048 49124 221 95107 181 1567 58487 24302 24151 56153 3661 3933 2220 5371 73474 90038 8695 2821 783 7049 1749 13095 234 1148 52627 35797 183 491 386 64 1334 789 122 174 162 425 141 4081 29897
internal_value=-2.17976e-05 -0.00216103 0.00100201 -4.98759e-05 -0.00502003 -0.000731516 -0.000842761 0.00205388 -0.000141793 -0.00419957 -0.00250157 -0.00804533 0.000302591 -0.00787074 0.00126334 0.000819797 2.09119e-05 0.00187115 0.000426348 0.00159211 -0.000235963 -0.000594283 0.00156663 0.00224767 -0.00156784 -0.00528555 -0.00205655 -0.000421665 -0.000265913 0.000791351 0.00138311 0.00307711 -0.00524771 -0.00865928 0.00224216 0.00187211 -0.0109726 -0.00144821 -0.00497266 -0.00342668 -0.00577925 -0.0162669 -0.00416413 0.00487187 0.00629261 -0.00311302 -0.0132512 0.00288005 -0.00947935 0.00773188 -0.00570935 -0.000390598 -0.00885725 -0.0084781 -0.0176085 0.00391885 -0.0196993 -0.0105597 -0.0175832 -0.00617722 -0.0114209 0.00417915
internal_weight=3.83429e+06 1.24108e+06 2.59321e+06 1.2966e+06 413693 827383 808467 1.29661e+06 620615 325435 206768 88258 473167 87359 488132 335916 190876 145040 170791 831736 539006 399621 137876 102699 147448 162761 269461 35177 34996 139385 106940 48453 162540 12127 152216 133439 8466 168967 150413 20085 11390 1520 9870 18777 14844 162674 6519 464877 43707 7164 674 73860 38867 37253 1614 1456 1550 761 599 60375 4222 31945
internal_count=3834288 1241076 2593212 1296599 413693 827383 808467 1296613 620615 325435 206768 88258 473167 87359 488132 335916 190876 145040 170791 831736 539006 399621 137876 102699 147448 162761 269461 35177 34996 139385 106940 48453 162540 12127 152216 133439 8466 168967 150413 20085 11390 1520 9870 18777 14844 162674 6519 464877 43707 7164 674 73860 38867 37253 1614 1456 1550 761 599 60375 4222 31945
is_linear=0
shrinkage=0.05


Tree=41
num_leaves=63
num_cat=0
split_feature=0 12 12 0 12 0 0 12 0 12 0 0 4 12 2 8 11 3 4 1 0 5 12 11 12 1 2 6 2 4 2 2 2 2 2 0 1 0 5 4 2 2 12 1 1 2 1 4 0 2 1 5 0 2 4 2 4 2 4 1 8 5
split_gain=3024.4 1644.37 1155.45 564.832 387.482 231.037 205.932 201.411 195.893 146.001 134.089 109.317 106.39 78.9213 78.6625 70.0757 127.326 74.9942 68.9161 80.3083 70.9823 67.6494 67.3848 67.022 64.5097 63.7225 69.1863 62.529 61.4227 61.2424 62.6148 56.244 56.0561 62.4444 177.981 72.2824 64.6049 63.4218 62.366 60.4743 112.307 56.719 53.9008 53.4476 52.6792 52.1227 91.3223 67.1782 53.6525 98.0458 67.0676 51.1724 58.2842 50.7646 117.479 75.6539 61.5588 72.3537 56.3898 54.422 50.4171 66.8245
threshold=0.0016864418517801465 1.6250000000000002 1.6250000000000002 0.002447044795710162 1.1250000000000002 0.0023023736924603095 0.0011385095547959822 1.1250000000000002 0.0012150028078286152 2.2500000000000004 0.0038236737695708498 0.0012019726205368868 18.5722317536712 1.1250000000000002 0.052191455803375093 0.009882747488161682 0.75726965342351604 -0.00050987516519622651 37.650365631684444 25.688138197653071 0.0013495331350436258 2.9897817820203323 2.2500000000000004 0.35294117647062889 2.2500000000000004 67.418747641336495 0.13385620961730396 0.003218232765314966 -0.052660970406740823 14.442709316056378 -0.20876839306415548 -0.058298371427623973 0.068463098413937981 -0.00056590759564437946 -0.0084543704471631547 0.0028114558111590484 44.421032127903864 0.0024573586913518492 1.6407769702381358 14.80389876030255 -0.18404027891729621 0.07667889064379553 1.3750000000000002 77.324820429981244 69.536062509412531 -0.0656484746314379 27.396294175520435 63.128626268424064 0.0019365184518025625 0.11081959178938204 49.41502057999174 1.099879889232376 0.0028911156329929481 -0.20876839306415548 22.285769031630419 -0.23497402227458938 32.934801996275517 -0.24098185384994153 63.128626268424064 39.839667914137792 0.00068961932078955143 1.8075194830583807
decision_type=2 2 2 2 2 2 2 2 2 2 2 2 2 2 2 2 2 2 2 2 2 2 2 2 2 2 2 2 2 2 2 2 2 2 2 2 2 2 2 2 2 2 2 2 2 2 2 2 2 2 2 2 2 2 2 2 2 2 2 2 2 2
left_child=1 4 3 7 8 24 14 27 29 11 12 -3 15 -14 28 17 23 32 42 -20 -21 53 -7 -17 -4 26 -12 -2 31 60 -31 -6 33 34 35 36 38 -35 -5 40 -37 -34 -8 -23 -32 46 -9 48 49 -47 -51 -36 -53 54 55 -10 -56 59 -59 -58 61 -1
right_child=2 9 5 10 6 22 18 45 21 -11 25 -13 13 -15 -16 16 -18 -19 19 20 -22 43 -24 -25 -26 -27 -28 -29 -30 30 44 -33 41 37 51 39 -38 -39 -40 -41 -42 -43 -44 -45 -46 47 -48 -49 -50 50 -52 52 -54 -55 56 -57 57 58 -60 -61 -62 -63
leaf_value=-0.0055159813847182708 -0.0022494780475141511 -0.0028804671561951903 0.00075329211891100639 0.0048524125007712218 -0.005360923032327723 0.002101845215714633 -0.0038122147404051399 0.0066001953605766828 0.018490041939337235 0.00087060608530241119 0.0017728398462351731 -0.00050627529255770152 -0.00082130808771479829 0.00060969544796220894 0.005545707891029125 0.03227169250380503 -0.032917809151658824 0.0037640066369192234 -0.008188735052204861 -0.0049745175884655423 0.0018238020970369681 -0.010310920861324372 0.0030711223061158366 -0.0052654020934309034 0.0018627674792201542 0.0042939906619334873 -0.0073652630879311887 -0.0086663849760749301 -0.0084230496412195533 0.0098506102215350985 -0.0086161381312045322 0.0053701235914057517 0.015791281621377988 -0.029553722801586579 0.020535932637677334 -0.01783064901053685 -0.0011760825780995168 -0.0020614382749063408 0.019834231531382203 0.00062613569565040219 -0.0012230159073891595 0.0026562875887347842 -0.0024276457062730227 0.041044652111390058 -0.028855812217628847 -0.0014681988434430823 1.8431006202759176e-05 -0.012868261661604367 -0.00034266189616299393 -0.0062286689947805588 -0.026167359791180622 -0.023394468147307636 0.014742617114846196 -0.0053734448141156133 -0.015009147613570998 0.0012065051076238726 -0.029061345626837216 0.012303312479723775 -0.036976030327024914 0.02188176439358638 -0.016397465088160378 -0.044794830104760958
leaf_weight=2159 230337 58252 393311 5189 8948 538161 140681 5508 829 173818 146649 289135 144583 288820 1257 146 401 41099 3007 4789 19368 7672 268909 641 196462 26762 2101 3860 27083 454 23256 1414 1142 213 1515 1520 4297 13862 802 7219 3082 2932 140487 51 326 129257 122103 1165 208504 1252 636 156 280 128341 1566 2680 271 739 63 65 5260 114
leaf_count=2159 230337 58252 393311 5189 8948 538161 140681 5508 829 173818 146649 289135 144583 288820 1257 146 401 41099 3007 4789 19368 7672 268909 641 196462 26762 2101 3860 27083 454 23256 1414 1142 213 1515 1520 4297 13862 802 7219 3082 2932 140487 51 326 129257 122103 1165 208504 1252 636 156 280 128341 1566 2680 271 739 63 65 5260 114
internal_value=7.0387e-07 -0.002298 0.000858403 -0.000158887 -0.0042848 0.0018751 -0.00331958 -0.001158 -0.00621157 -0.000312445 0.000853502 -0.000904394 0.000448738 0.000132313 -0.00675745 0.00207176 -0.00998611 0.00224371 -0.00288806 -0.000483106 0.00047607 -0.00542097 0.0024248 0.00169828 0.00112287 0.00204787 0.00164377 -0.00235524 -0.00717045 -0.00977472 -0.00854184 -0.00389656 0.0007634 0.000167837 0.00171534 0.000437865 0.00350239 -0.00247748 0.00685799 -0.00222924 -0.00670837 0.00633821 -0.00312041 -0.00997179 -0.00889593 -0.000559426 0.000302516 -0.000882163 -0.000841051 -0.00163343 -0.0129453 0.0161919 0.00109724 -0.00515976 -0.000745743 0.00528973 -0.00857802 0.000271835 0.00843224 -0.0192063 -0.0137085 -0.00748597
internal_weight=3.83496e+06 1.04208e+06 2.79288e+06 1.39603e+06 520880 1.39684e+06 347034 702622 173846 521205 693411 347387 517899 433403 38702 84496 1188 83308 308332 27164 24157 142277 807070 787 589773 175512 148750 234197 37445 31569 24036 10362 42209 38135 24060 22109 10288 14075 5991 11821 4602 4074 281168 7723 23582 468425 127611 340814 339649 131145 1888 1951 436 134554 6213 3509 2704 1138 802 336 7533 2273
internal_count=3834961 1042085 2792876 1396033 520880 1396843 347034 702622 173846 521205 693411 347387 517899 433403 38702 84496 1188 83308 308332 27164 24157 142277 807070 787 589773 175512 148750 234197 37445 31569 24036 10362 42209 38135 24060 22109 10288 14075 5991 11821 4602 4074 281168 7723 23582 468425 127611 340814 339649 131145 1888 1951 436 134554 6213 3509 2704 1138 802 336 7533 2273
is_linear=0
shrinkage=0.05


Tree=42
num_leaves=63
num_cat=0
split_feature=0 12 12 0 0 0 12 10 13 2 10 4 2 2 2 12 4 3 2 4 12 4 10 2 1 2 7 2 0 1 2 4 7 4 8 2 0 10 5 1 2 8 4 2 2 4 2 2 1 12 3 4 3 4 2 1 2 3 2 2 1 7
split_gain=2779.67 1483.18 1140.76 480.284 335.318 291.487 245.146 168.477 254.599 192.233 129.717 127.754 174.724 128.765 162.047 122.649 114.778 160.212 112.372 152.135 107.462 106.913 103.644 101.674 106.173 103.713 100.411 99.2586 105.347 173.802 108.326 124.931 99.0964 96.4038 94.3297 102.398 93.8506 90.7907 89.1666 94.2412 92.9011 92.2942 91.0136 159.024 164.173 92.8896 101.161 103.802 90.9774 87.6712 85.5065 113.685 97.1526 96.6368 85.388 94.3254 124.649 88.8618 82.3658 109.243 99.9408 81.6702
threshold=0.0016726944873805833 1.6250000000000002 1.3750000000000002 0.002707418880394984 0.0011720809903882426 0.0022465747428557551 1.1250000000000002 14.29166666666667 3.2500000000000004 0.078860826294521152 14.54166666666667 18.486126548560065 -0.23310205428303601 0.038593786266346533 0.060794178471247497 2.2500000000000004 22.285769031630419 -0.003135199855967948 0.052191455803375093 15.373464290024794 1.8750000000000002 36.945603729111419 14.458333333333334 -0.052660970406740823 64.410624578430628 -0.058298371427623973 -0.0012668507403330585 -0.023683604839015861 0.00091973830483267518 51.04488900999575 -0.021947312865793534 40.681229194610232 0.0017681715161851355 22.285769031630419 0.0046323103647944956 -0.16286847317332839 0.0021055437329205672 12.375000000000002 2.2391705661892396 37.927649840553222 0.051472238817806902 0.0022091111337624782 14.442709316056378 0.022524916764823679 0.044397670418076886 41.305782337493248 0.0066720196311561529 0.0025781463208279531 31.425502897549581 2.2500000000000004 -0.0017825806131571301 13.838898823915734 -0.0025992411083816946 28.972764424550274 0.067589782958785607 57.011694091523445 0.073471868810149332 0.0067602201629850629 -0.027798695973169814 -0.039011623204725107 61.071988354001761 -0.0015034271523950424
decision_type=2 2 2 2 2 2 2 2 2 2 2 2 2 2 2 2 2 2 2 2 2 2 2 2 2 2 2 2 2 2 2 2 2 2 2 2 2 2 2 2 2 2 2 2 2 2 2 2 2 2 2 2 2 2 2 2 2 2 2 2 2 2
left_child=1 4 3 7 18 20 -6 36 -9 11 49 13 -13 22 -15 -7 17 -11 23 -20 -4 26 -10 24 25 37 -18 58 29 30 -29 -32 -21 -12 -14 -36 -2 -1 42 -40 41 -41 43 -30 -45 46 47 48 -44 -3 52 -52 -39 -53 -38 56 -56 -57 59 -25 -61 -24
right_child=2 10 5 -5 6 15 -8 8 9 16 33 12 34 14 -16 -17 21 -19 19 32 -22 -23 61 27 -26 -27 -28 28 38 -31 31 -33 -34 -35 35 -37 54 50 39 40 -42 -43 45 44 -46 -47 -48 -49 -50 -51 51 53 -54 -55 55 57 -58 -59 -60 60 -62 -63
leaf_value=0.020376902274473245 -0.0026100378456171826 -0.00042289937831862189 0.00015123807735999183 0.00083376836679347355 -0.0053129913687251541 0.0017230092089940954 -0.0027916086773471186 -0.0014194968481217715 -0.0027047527220100168 0.046335853083749837 -0.0030271328690909703 -0.017153917283453998 0.0047066347318387219 -0.015658970408477704 0.01794414577713932 0.002923780000579454 -0.011708759148087767 -0.022924759122508544 -0.024946517526733419 0.0094561813477419022 0.001350659292480757 -0.031793864510561293 0.0059954497340319636 -0.015704927423678947 -0.026246535360127256 0.0052035242855204512 0.021600377796392137 0.0063639012615332446 -0.016639395784892066 -0.0022198529384309012 -0.030722194930899255 0.015581538286178734 -0.028809013823559 -0.0001194849630414789 0.034173665444056193 -0.015993541281007356 -0.00153557133754083 0.0055985633872057267 -0.0005616555401132396 -0.019791004959511315 0.033094089101719598 0.0067248648280898733 0.024336344508024365 0.01222621947354113 -0.014044037472287364 -0.022051304249924287 -0.0073902859340797189 0.017944828985949582 -0.0025050994341487727 0.0011693562934341872 -0.010758432594239269 0.00095270648003375937 -0.025954044565890982 -0.011361359204113297 0.011960970736230245 -0.0049203863303684051 0.0014658436347876342 0.010275768591621059 -0.019735238422623369 0.0001194635711574485 -0.020194190003359678 0.019386868835098128
leaf_weight=332 232503 259413 373406 355891 144540 851227 289460 68249 875 89 67160 1022 21381 938 581 283481 360 1350 443 2405 373575 190 1561 4340 554 2618 609 267 4277 1534 2019 157 182 49531 114 944 222800 323 1229 3712 93 360 325 1226 1155 708 9923 712 11021 129662 5388 7486 997 2024 3487 7346 14996 1107 3257 2963 761 4207
leaf_count=332 232503 259413 373406 355891 144540 851227 289460 68249 875 89 67160 1022 21381 938 581 283481 360 1350 443 2405 373575 190 1561 4340 554 2618 609 267 4277 1534 2019 157 182 49531 114 944 222800 323 1229 3712 93 360 325 1226 1155 708 9923 712 11021 129662 5388 7486 997 2024 3487 7346 14996 1107 3257 2963 761 4207
internal_value=1.05701e-06 -0.00224636 0.000807366 -0.000614429 -0.00415805 0.00151808 -0.00363133 -0.00149589 0.000345313 0.00386498 -0.000330795 0.00493911 0.00306462 0.0103272 -0.00280617 0.00202299 -0.00920935 -0.0186411 -0.00729849 0.00212791 0.000751084 0.00250099 0.0133302 -0.00770792 -0.00466739 -0.00404371 0.00922547 -0.00890628 -0.00770212 -0.0154106 -0.0236933 -0.0273813 0.00676416 -0.00179294 0.00398549 -0.010588 -0.00188713 -0.0055065 -0.00681969 -0.0127282 -0.0163182 -0.0174468 -0.0057337 -0.0108739 -0.000517227 -0.00422534 -0.00365118 -0.000574114 -0.00173624 0.000107731 -0.00603636 -0.00495569 -0.0182332 -0.00166808 -0.0012141 0.0014449 0.00344585 -0.00293031 -0.0130245 -0.0103141 -0.00403163 0.0157627
internal_weight=3.83485e+06 1.01256e+06 2.82229e+06 940600 506791 1.88169e+06 434000 584709 102470 34221 505766 31623 23461 8162 1519 1.13471e+06 2598 1439 72791 3030 746981 1159 6643 69761 19722 19168 969 50039 38718 3977 2443 2176 2587 116691 22439 1058 482239 16550 34741 5394 4165 4072 29347 6658 2381 22689 21981 12058 11346 389075 16218 14898 1320 9510 249736 26936 18483 8453 11321 8064 3724 5768
internal_count=3834846 1012557 2822289 940600 506791 1881689 434000 584709 102470 34221 505766 31623 23461 8162 1519 1134708 2598 1439 72791 3030 746981 1159 6643 69761 19722 19168 969 50039 38718 3977 2443 2176 2587 116691 22439 1058 482239 16550 34741 5394 4165 4072 29347 6658 2381 22689 21981 12058 11346 389075 16218 14898 1320 9510 249736 26936 18483 8453 11321 8064 3724 5768
is_linear=0
shrinkage=0.05


Tree=43
num_leaves=63
num_cat=0
split_feature=0 12 12 0 0 0 12 12 0 12 0 10 6 9 8 7 4 10 4 8 10 2 2 4 3 2 2 2 3 9 4 3 4 3 5 2 3 4 0 0 4 0 3 2 5 11 0 3 10 0 4 0 4 0 2 2 3 3 4 3 12 5
split_gain=2476.58 1301.51 1095.72 455.499 276.403 223.771 207.415 123.566 120.527 110.886 105.789 102.704 173.552 132.967 109.234 99.304 92.2597 91.8096 90.7974 91.4738 89.6879 295.577 252.423 164.039 121.551 116.034 148.698 156.51 122.012 125.822 121.78 118.729 107.997 121.317 192.975 144.426 142.863 124.531 156.26 110.489 158.232 101.576 99.5597 98.4626 98.2464 147.978 96.357 95.8422 100.751 91.7199 91.2983 88.4259 87.5649 91.5998 87.2137 170.538 85.0007 110.425 101.738 115.788 83.7689 82.4753
threshold=0.0016540609052391555 1.3750000000000002 1.3750000000000002 0.0023765010702893178 0.0023765010702893178 0.0011879484712433218 1.8750000000000002 1.8750000000000002 0.0039644852554345843 1.1250000000000002 0.0012150028078286152 15.375000000000002 0.00031413780032996114 0.00010502546896580969 0.0026269702276707752 -0.0016987094383728028 24.867995284895425 15.208333333333334 18.486126548560065 0.0013158845714046261 14.375000000000002 0.082536545027541305 -0.21633388016818658 22.285769031630419 0.0016510381879862549 -0.027798695973169814 0.0066720196311561529 0.027841359636806163 0.004512520544413528 0.00050226017076844748 10.251597655383696 0.0035773908930186358 12.739493144548344 -0.00013839236188246243 2.4615077628152298 0.054759594752825748 -0.0022613288003177964 31.159681807412024 0.0018189120744760217 0.0019739635045822241 26.460713718935256 0.0017080861851677318 0.00058383396320272815 0.0037908301114664756 1.8638851505005392 0.39999999999997932 0.002088969928148211 -0.0002415084996364512 14.458333333333334 0.0022080254760784945 24.641829962014189 0.0021458458611161679 16.6763835119893 0.0020966297214181913 0.028848701644130798 0.025601267899382479 0.0011789586258666911 -0.0074322008238732204 12.57488080516937 0.0014247676201664037 1.8750000000000002 1.2367174281426114
decision_type=2 2 2 2 2 2 2 2 2 2 2 2 2 2 2 2 2 2 2 2 2 2 2 2 2 2 2 2 2 2 2 2 2 2 2 2 2 2 2 2 2 2 2 2 2 2 2 2 2 2 2 2 2 2 2 2 2 2 2 2 2 2
left_child=1 5 3 11 7 54 10 -4 16 -7 -3 14 13 -13 20 -15 17 -5 -14 -20 -2 22 41 47 46 -24 31 28 29 -28 -29 42 -32 35 -35 37 -37 44 -39 40 -38 -22 43 -27 52 -46 -25 -23 -49 -40 -33 -16 53 -34 55 -1 57 -19 -58 -60 -6 -44
right_child=2 6 4 8 60 9 -8 -9 -10 -11 -12 12 18 15 51 -17 -18 56 19 -21 21 23 25 24 -26 26 27 30 -30 -31 32 50 33 34 -36 36 39 38 49 -41 -42 -43 61 -45 45 -47 -48 48 -50 -51 -52 -53 -54 -55 -56 -57 58 -59 59 -61 -62 -63
leaf_value=-0.0083081137070060759 -0.0018527121686449028 -0.0036229287873602561 0.00022171815196042239 0.00077361869154573399 0.0015468193381585941 -0.0052058885995967669 5.3911230213655823e-06 0.0013831821028379835 0.0019421453177705245 -0.0031767831643082153 -0.0013407093407356808 0.016644856647756726 0.0099061702149656587 -0.036574410916494098 -0.0051108967372918077 0.00561616714342986 -0.00057843721981707872 -0.023839110255241394 0.033285040035843851 -0.011548331140941621 0.027152046965964044 -0.0094261796139771988 0.0052114688085794503 -0.01740522405570125 0.026846972555836287 -0.0015766780528488778 0.015179382635101948 0.033666893928139298 -0.044098559518655142 -0.021864083285641964 -0.01836775649502604 -0.041389013139101177 0.025627682736581742 0.0094801191314231505 -0.024612330655169382 -0.011668976909274997 -0.005608508193416753 -0.033441028833965179 0.023951427379145223 0.027245188595813371 0.034851285584511296 -0.013374984684952461 -0.0042799788644048656 -0.02371997332399732 -0.023511249653023224 0.020774426478748175 0.011803649237383773 0.018332575350114618 -0.03355190631069601 -0.021040919573186972 0.014633745195560677 -0.0015486588468359823 -0.026264870173146583 -0.044551882334053522 -0.0030135029486572425 -0.041599643468549573 -0.050877867122687916 0.014479834607289155 -0.037986098593328056 0.0070051850142389301 0.002464511282488974 -0.022819012033093968
leaf_weight=44894 323765 63130 458264 142573 497111 134742 322786 457716 101258 134578 259494 2859 848 213 42691 404 248614 200 120 2192 162 1008 19870 826 326 6807 3787 270 96 244 774 78 170 4841 454 963 1096 207 612 734 310 3390 1052 542 368 387 429 101 1271 139 1075 29431 1638 64 8284 388 101 3136 164 1117 497582 1396
leaf_count=44894 323765 63130 458264 142573 497111 134742 322786 457716 101258 134578 259494 2859 848 213 42691 404 248614 200 120 2192 162 1008 19870 826 326 6807 3787 270 96 244 774 78 170 4841 454 963 1096 207 612 734 310 3390 1052 542 368 387 429 101 1271 139 1075 29431 1638 64 8284 388 101 3136 164 1117 497582 1396
internal_value=-1.1216e-06 -0.00218729 0.00073753 -0.000645224 0.00142879 -0.00477898 -0.000890723 0.000802103 0.000402775 -0.00419195 -0.00178729 -0.00178281 0.00439224 0.0121019 -0.00187359 -0.00894881 9.05998e-06 0.0010007 -0.00408839 -0.00922134 -0.0015344 0.000322944 0.00133475 -0.012839 -0.000354735 0.00228701 0.00021937 0.00312515 0.0116104 0.0129371 0.000436998 -0.00433275 -0.000266307 0.000902892 0.00655699 -0.00357355 0.00432411 -0.0104094 0.00502223 0.011521 0.00331221 -0.0115266 -0.00611887 -0.00320978 -0.0160369 -0.000811175 -0.00742068 -0.0211321 -0.0297324 0.0156239 0.0108438 -0.00365725 -0.0221776 0.00643327 -0.00773044 -0.00859337 0.00786294 0.0121825 -0.0025641 0.00124518 0.00200588 -0.0148521
internal_weight=3.83414e+06 968296 2.86585e+06 955173 1.91067e+06 322886 645410 915980 497163 269320 322624 458010 6636 3476 451374 617 395905 147291 3160 2312 379252 55487 51526 3961 1581 47974 28104 17154 4127 4031 13027 10950 12757 11983 5295 6688 3103 3585 958 2140 1406 3552 9797 7349 2627 755 1255 2380 1372 751 1153 72122 1872 234 53566 45282 4718 3336 1382 1281 994693 2448
internal_count=3834142 968296 2865846 955173 1910673 322886 645410 915980 497163 269320 322624 458010 6636 3476 451374 617 395905 147291 3160 2312 379252 55487 51526 3961 1581 47974 28104 17154 4127 4031 13027 10950 12757 11983 5295 6688 3103 3585 958 2140 1406 3552 9797 7349 2627 755 1255 2380 1372 751 1153 72122 1872 234 53566 45282 4718 3336 1382 1281 994693 2448
is_linear=0
shrinkage=0.05


Tree=44
num_leaves=63
num_cat=0
split_feature=0 12 12 0 0 0 12 12 0 4 2 2 4 5 0 3 2 3 12 12 2 3 4 12 7 4 2 2 4 8 0 12 8 7 0 12 2 3 6 3 5 7 4 4 5 8 2 0 3 2 11 5 2 3 3 2 0 7 11 5 2 5
split_gain=2270.17 1380.27 792.935 394.177 271.671 225.421 195.495 178.41 143.194 109.954 97.0173 93.197 185.286 85.0647 83.979 83.2448 109.837 83.0968 83.068 79.3297 73.6385 72.949 75.4901 72.6882 72.628 67.4178 66.4783 103.91 81.9707 63.896 63.822 63.6202 62.4633 61.7919 61.6698 60.332 59.4713 56.0507 68.3597 67.0055 53.9626 53.8728 77.0975 53.4767 61.4447 60.9257 60.3257 52.8472 58.2383 51.7797 99.0988 109.597 87.7769 98.3122 66.7003 67.5134 62.6258 61.1244 51.7123 51.5018 51.4046 75.5835
threshold=0.0017782928611085474 1.3750000000000002 1.6250000000000002 0.0027966766662306602 0.0013399874377175386 0.0012019726205368868 1.1250000000000002 1.8750000000000002 0.0026776302352125871 37.650365631684444 -0.016330216714782193 -0.23497402227458938 21.893579182315644 4.009773112172712 0.00091973830483267518 -0.0042610125735567704 -0.11662433481791305 -0.0033603994554249959 1.1250000000000002 1.1250000000000002 -0.0656484746314379 -0.0019673149715397505 11.176469268324473 1.1250000000000002 -0.0049638127650892252 10.618155084203174 -0.24098185384994153 -0.21164935714991143 63.128626268424064 0.0044441382372416545 0.0014713021032948708 2.2500000000000004 0.0010963277840152525 -0.00097555532530702027 0.0019739635045822241 2.2500000000000004 -0.030730075425035138 -0.0011001966397197187 -0.0016696452484055155 -0.00080067496428419354 1.6868562283162492 0.0039673180041173159 32.934801996275517 21.664025808386146 2.4134363083257844 0.0014221283189542878 -0.0029639174095702349 0.0039644852554345843 0.010142754857045048 -0.0036980595843561052 0.1666666666666973 2.1555455910850121 1.0000000180025095e-35 2.1883099300412643e-05 0.0010526669132951692 -0.0023283585621208009 0.0015928053020944249 0.0011731120680694709 0.85714285714283578 6.27694713544801 -0.21633388016818658 0.86692195350949752
decision_type=2 2 2 2 2 2 2 2 2 2 2 2 2 2 2 2 2 2 2 2 2 2 2 2 2 2 2 2 2 2 2 2 2 2 2 2 2 2 2 2 2 2 2 2 2 2 2 2 2 2 2 2 2 2 2 2 2 2 2 2 2 2
left_child=1 4 3 6 19 14 33 -7 35 11 26 12 25 15 36 16 -13 -14 41 -1 60 43 40 -5 -15 -6 -11 28 -28 -24 -18 -16 -12 -2 -31 -4 -3 38 -26 -39 -23 -17 -43 44 46 -46 -22 48 -25 50 -34 -52 54 57 55 -51 -53 -54 -27 -40 -8 -62
right_child=2 5 8 23 9 7 20 -9 -10 10 32 13 17 24 31 18 30 -19 -20 -21 21 22 29 47 37 58 27 -29 -30 34 -32 -33 49 -35 -36 -37 -38 39 59 -41 -42 42 -44 -45 45 -47 -48 -49 -50 52 51 56 53 -55 -56 -57 -58 -59 -60 -61 61 -63
leaf_value=-0.0074677114553091117 -0.0029034452237389954 -0.0017300967957647303 0.00093468423653356777 0.00021423832468673014 -0.01618824764914082 -0.0010503829582230158 -0.0010443666046410088 0.00053400031711916152 0.0023157775478233867 -0.017198237132884552 0.0061810389718157718 0.035678748237459285 0.022260543302441319 -0.04187383374502493 -0.0029313962837099173 -0.0046967417195025209 -0.0496743828572076 -0.019213203782981126 -0.0027967605549343594 -0.0048677709629354965 0.0023231659459187841 0.0037044431612692041 -0.00011378800063092197 0.0012447012553060684 -0.014682437359004416 0.017254695063697173 0.014126699531017662 -0.0039657727151132267 -0.028611402201458691 -0.012535699066775633 0.0038628467816235012 -0.00011532599717894433 0.025733716213836688 -0.0012921754178583868 -0.0023584291249684505 0.0018879129983168071 -0.0099672675699334426 -0.034137074124613191 0.0014558072739811702 -0.010389601698954372 0.018532239562460893 0.011530023744950692 -0.031212765779815806 -0.0025507119446747432 -0.045592971010641622 0.0074839095135464358 -0.0029641929076568117 0.0024553679955402526 -0.0028555463261728999 0.017352664580779709 0.0048014969094108944 -0.04454733694854536 -0.0048839930083822867 0.0057930964806794591 -0.031378061980351639 -0.022251528689198555 0.0081886056717485195 -0.030507937722723002 -0.018936369625421671 0.033704941315310342 0.00011114016488431788 0.0025820675193442468
leaf_weight=58638 88644 3363 498138 162831 184 355646 32322 355076 549266 821 6135 285 141 172 80239 126195 58 842 127387 58719 9176 5074 271995 214823 674 1938 1277 12980 123 1712 1384 26740 491 180997 11402 248953 6289 328 1070 3147 698 930 119 64976 55 3186 13091 101391 9024 203 2237 190 2561 3001 435 229 80 256 104 140 70806 54981
leaf_count=58638 88644 3363 498138 162831 184 355646 32322 355076 549266 821 6135 285 141 172 80239 126195 58 842 127387 58719 9176 5074 271995 214823 674 1938 1277 12980 123 1712 1384 26740 491 180997 11402 248953 6289 328 1070 3147 698 930 119 64976 55 3186 13091 101391 9024 203 2237 190 2561 3001 435 229 80 256 104 140 70806 54981
internal_value=-1.31452e-05 -0.00177205 0.000828369 -4.56155e-05 -0.004131 -0.00059316 -0.000722556 -0.000258827 0.00170291 -0.00332415 -0.000507503 -0.00365373 0.00481546 -0.0037575 -0.00263051 -0.00362514 0.00731529 -0.0132643 -0.00369934 -0.00616684 -0.00017309 -0.000549226 -0.000163537 0.00107661 -0.00989241 0.0127995 -0.00335997 -0.0025699 0.0103719 -0.000278145 0.00170948 -0.0022275 0.0022337 -0.00182188 -0.00368705 0.00125233 -0.00709723 -0.00886594 -0.00192121 -0.0126311 0.00549755 -0.00460294 0.00668122 -0.00178911 0.000150903 0.00658319 -0.000785327 0.00150835 0.00107941 -0.000267275 0.00519256 0.00116954 -0.00271583 -0.0005041 -0.0175576 -0.00364122 -0.0289219 -0.00721262 0.0154115 0.00518711 0.000734165 0.00119117
internal_weight=3.83437e+06 1.24083e+06 2.59354e+06 1.29718e+06 413474 827353 809115 710722 1.29636e+06 296117 31019 265098 3209 261889 116631 256358 1727 983 254631 117357 539474 381365 290881 488069 5531 2226 15201 14380 1400 285109 1442 106979 15818 269641 13114 747091 9652 5359 1884 3475 5772 127244 1049 90484 25508 3241 22267 325238 223847 9683 2998 2507 6685 5818 867 432 270 2817 2042 1210 158109 125787
internal_count=3834368 1240827 2593541 1297184 413474 827353 809115 710722 1296357 296117 31019 265098 3209 261889 116631 256358 1727 983 254631 117357 539474 381365 290881 488069 5531 2226 15201 14380 1400 285109 1442 106979 15818 269641 13114 747091 9652 5359 1884 3475 5772 127244 1049 90484 25508 3241 22267 325238 223847 9683 2998 2507 6685 5818 867 432 270 2817 2042 1210 158109 125787
is_linear=0
shrinkage=0.05


Tree=45
num_leaves=63
num_cat=0
split_feature=0 12 12 0 0 12 0 0 10 13 2 2 2 10 13 10 2 4 8 2 0 3 4 4 10 2 2 2 2 2 0 5 4 12 10 2 2 6 8 4 8 10 4 12 11 3 8 3 4 0 10 0 10 10 2 10 2 4 5 10 4 9
split_gain=1991.59 1325.52 640.993 285.951 268.517 233.438 180.3 161.603 125.136 155.715 113.129 112.476 130.22 253.35 206.391 138.518 149.234 131.776 111.652 102.548 112.259 99.4182 95.0742 94.8838 113.874 127.643 133.218 138.899 109.567 93.855 94.1806 92.1399 91.9004 91.8018 90.0252 90.1392 89.5348 88.357 101.591 82.5831 82.4502 81.7483 161.127 81.2513 80.4669 89.1294 85.9307 79.2404 79.0156 77.9277 77.3279 74.929 74.3936 73.5514 73.3856 72.9424 72.5836 75.6901 83.8466 79.088 73.3969 82.8023
threshold=0.0018555137624289388 1.3750000000000002 1.3750000000000002 0.0013495331350436258 0.0032135989236693643 2.2500000000000004 0.0013495331350436258 0.0028272138589471147 15.375000000000002 2.2500000000000004 -0.2672375368403454 -0.085652006922059126 -0.21633388016818658 14.458333333333334 2.7500000000000004 13.625000000000002 -0.24098185384994153 18.5722317536712 0.0012495647805363566 -0.10064734988302491 0.0022266375049440862 -0.0010200050061431598 18.886055350434791 37.650365631684444 12.54166666666667 0.0025781463208279531 0.023588790252903037 0.029733101360507965 -0.24098185384994153 -0.098275644095627598 0.0021721640144523042 1.1870481411750251 38.141116893721438 1.1250000000000002 12.875000000000002 -0.23310205428303601 0.074880069374500494 0.00012700025860945543 0.0022947444623258842 29.816751609084154 0.0046323103647944956 13.625000000000002 42.583788807322428 2.2500000000000004 0.666666666666626 -0.0074322008238732204 0.0015060240963855865 -0.002708625093829002 57.743618866733996 0.0019231534972400809 14.125000000000002 0.0009643359574801752 14.875000000000002 9.9583333333333339 0.11081959178938204 11.04166666666667 -0.0052838406072887303 9.0703025878558439 5.2157424184552719 14.79166666666667 16.039041310283753 -0.00046339202965707999
decision_type=2 2 2 2 2 2 2 2 2 2 2 2 2 2 2 2 2 2 2 2 2 2 2 2 2 2 2 2 2 2 2 2 2 2 2 2 2 2 2 2 2 2 2 2 2 2 2 2 2 2 2 2 2 2 2 2 2 2 2 2 2 2
left_child=1 3 4 33 8 6 51 43 11 -10 -5 12 15 29 -15 16 -2 19 -17 -16 -21 34 49 24 25 -12 31 -28 -25 30 50 39 -20 -1 -18 -36 -30 38 -11 -27 -34 42 -38 55 45 -19 -46 -29 -47 54 53 -3 -53 -14 -13 -4 -26 -58 60 -60 61 -59
right_child=2 5 7 10 -6 -7 -8 -9 9 37 23 22 13 14 17 18 21 44 32 20 -22 -23 -24 28 56 26 27 47 36 -31 -32 -33 40 -35 35 -37 41 -39 -40 -41 -42 -43 -44 -45 46 48 -48 -49 -50 -51 -52 52 -54 -55 -56 -57 57 58 59 -61 -62 -63
leaf_value=-0.0071210653632479406 0.0053538590292745653 -0.005668112036365411 6.6499684862952334e-05 0.023835048380161303 0.0012356099278135796 0.00094876208797751115 -0.00039744979078261395 0.0020595547777641559 -0.004546354145718961 0.031416170933276165 -0.0059485047401103509 -0.0032526711491954979 -0.012084867172884135 0.0011508288998339654 0.026592052454364801 -0.02876909764925828 0.0041712181474868777 -0.028062078952789307 -0.0042604872445960824 0.040848205983638766 -0.044311708868096732 -0.0056732576449052526 -0.0017282328285985254 -0.01831239884969784 -0.0016947884742447355 0.0054175389646740832 -0.014716960016189296 -0.014380401807128407 -0.00068893368796873588 0.0048447741720679498 0.0005680924704702877 -0.0069708762245220008 -0.023040261699983453 -0.0043829049947641937 -0.025833074622325033 0.0010623206443246581 0.024724317532730605 0.0042488183938246922 0.010006050020456314 -0.007043811296144723 0.028982477180841494 0.02613094001018328 -0.021083612309931599 0.0018200083041012079 0.04460969064572845 0.011745702530666098 -0.0033737814676305954 -0.0023920557035826567 0.043346904067025675 0.00058818531626146815 -0.012711800393036307 -0.0014639609299860366 -0.0043111370695621603 -0.001418460963776672 -0.027252224480625711 0.0011212342365848266 0.016164501794494104 -0.024649164184126496 -0.0081499602200356801 -0.039272577183806251 -0.0027777238422533276 -0.0056166052160221483
leaf_weight=61301 7716 14520 244380 394 213145 234103 517846 630936 2562 847 65709 10005 1742 8556 1871 577 6178 135 8243 60 109 12030 336030 855 109183 9421 2918 1471 35787 9445 70814 2504 1070 61142 544 729 379 2660 1602 1548 82 602 389 247559 99 4455 1622 21891 207 82794 1882 141624 27378 22380 329 497877 482 588 594 311 70347 20319
leaf_count=61301 7716 14520 244380 394 213145 234103 517846 630936 2562 847 65709 10005 1742 8556 1871 577 6178 135 8243 60 109 12030 336030 855 109183 9421 2918 1471 35787 9445 70814 2504 1070 61142 544 729 379 2660 1602 1548 82 602 389 247559 99 4455 1622 21891 207 82794 1882 141624 27378 22380 329 497877 482 588 594 311 70347 20319
internal_value=-5.67915e-06 -0.00150532 0.000860086 -0.00367738 -0.000287952 -0.00041837 -0.000874692 0.00143421 -0.000831563 0.0055134 -0.00294193 -0.0009141 0.000214895 0.00099649 0.00664233 -0.00237949 -0.000531231 0.0121325 -0.00742033 0.0232229 -0.0140774 -0.00286219 -0.00133645 -0.00297248 -0.003264 -0.00459552 -0.00235913 -0.00443159 -0.000615915 8.72099e-05 -0.00037691 0.00168335 -0.00610918 -0.00575376 0.00167642 -0.0104311 -0.00020871 0.010558 0.0174109 0.00365893 -0.0193373 0.0123356 0.00152212 0.00103559 0.00866149 0.0119891 -0.000613547 -0.00314691 0.0131488 7.71976e-05 -0.00295034 -0.00222133 -0.0019252 -0.00218875 -0.00401674 0.000773974 -0.00256822 -0.0035976 -0.00370096 -0.0188451 -0.00355077 -0.00615189
internal_weight=3.83488e+06 1.40361e+06 2.43127e+06 468135 810520 935471 701368 1.62075e+06 597375 7671 345692 589704 160546 123377 17114 37169 27197 8558 9972 2040 169 19481 429158 345298 307286 105462 39753 26280 38012 106263 96818 13473 9395 122443 7451 1273 37157 5109 2449 10969 1152 1370 768 989816 6518 4797 1721 23362 4662 93128 26004 183522 169002 24122 10334 742257 201824 92641 92159 905 91254 20907
internal_count=3834878 1403606 2431272 468135 810520 935471 701368 1620752 597375 7671 345692 589704 160546 123377 17114 37169 27197 8558 9972 2040 169 19481 429158 345298 307286 105462 39753 26280 38012 106263 96818 13473 9395 122443 7451 1273 37157 5109 2449 10969 1152 1370 768 989816 6518 4797 1721 23362 4662 93128 26004 183522 169002 24122 10334 742257 201824 92641 92159 905 91254 20907
is_linear=0
shrinkage=0.05


Tree=46
num_leaves=63
num_cat=0
split_feature=12 12 8 12 2 5 8 8 4 2 5 4 1 5 4 2 5 1 1 4 1 2 3 2 5 2 8 4 8 5 3 7 1 2 8 4 6 8 4 4 5 2 9 2 3 4 2 4 2 8 3 2 2 3 1 8 4 1 3 2 2 8
split_gain=1619.7 430.87 164.261 164.063 142.047 132.198 115.098 100.134 93.6257 91.5785 94.1769 88.0624 92.1771 70.9742 63.6278 62.4723 109.016 74.8542 90.53 74.4035 62.7799 91.6877 62.7186 60.5205 63.3113 60.5 62.8427 59.0075 58.9421 63.426 58.3824 98.8151 59.056 57.6547 56.8855 55.5783 54.4036 58.8156 54.5805 53.4752 63.9012 53.1272 71.3483 52.8481 52.1806 52.3912 69.0815 51.4631 57.9651 50.8809 50.6035 50.4381 86.3143 73.9721 55.7519 59.0478 51.7408 49.8509 54.3024 87.7834 62.7309 53.1813
threshold=1.6250000000000002 1.1250000000000002 0.0014348427655657325 2.2500000000000004 -0.074352058519507144 2.2391705661892396 0.002154264334764558 0.0016751323943865535 13.838898823915734 0.073471868810149332 2.3734053107671458 14.562576017974875 54.823515633142641 0.20876575991366028 10.251597655383696 -0.0656484746314379 1.5987858960369099 61.273900540441595 54.698692102217201 10.251597655383696 34.313803447282723 0.10629896105001548 -0.0028800985523281162 -0.12974289593827013 1.0421062758936424 -0.076500227758450737 0.00063376377560519462 39.593053006431312 0.0022202985891249792 2.2391705661892396 -0.00082636463038001306 -0.00092761988260203754 28.375630984280814 0.11081959178938204 0.00051008399593949368 24.525509195816895 0.0003999900004999502 0.0013908498941965677 10.903502431973239 21.664025808386146 0.48966747474623346 -0.027798695973169814 -8.1726054402548868e-05 -0.04668996884787769 0.0048454032212525274 48.381121825206336 -0.037820294916066512 12.57488080516937 -0.21164935714991143 0.0052342916430602139 0.014297976374552998 0.064899025931300161 0.047549573797244511 0.0025887248420742577 63.577576209612552 0.00051008399593949368 21.560719663765756 43.324850715801283 0.0017818016579863722 0.12403346632871261 0.050298180056766333 0.0010512609159416349
decision_type=2 2 2 2 2 2 2 2 2 2 2 2 2 2 2 2 2 2 2 2 2 2 2 2 2 2 2 2 2 2 2 2 2 2 2 2 2 2 2 2 2 2 2 2 2 2 2 2 2 2 2 2 2 2 2 2 2 2 2 2 2 2
left_child=1 2 8 23 -3 6 11 30 -1 13 -11 12 33 -10 -9 47 20 18 19 -18 21 -17 -22 -2 -25 26 -15 51 29 -20 31 32 -7 -6 -13 57 38 -38 -32 40 -24 -39 -43 -29 -41 -46 -47 -4 49 -49 -16 52 54 -53 55 56 -27 -26 59 60 61 -59
right_child=3 4 15 -5 5 7 -8 14 9 10 -12 34 -14 25 50 16 17 -19 28 -21 22 -23 39 24 35 27 -28 43 -30 -31 36 -33 -34 -35 -36 -37 37 41 -40 44 -42 42 -44 -45 45 46 -48 48 -50 -51 -52 53 -54 -55 -56 -57 -58 58 -60 -61 -62 -63
leaf_value=-0.0058609362491829501 0.0014262585559546414 0.00037635014457556583 -0.0054439750568627049 0.0016839103986349983 -0.0016737398451315518 -0.020935628575221622 0.00020140059274049044 0.015653921029241558 0.0007731145079631959 0.0022103344754449031 -0.034658713554116809 -0.0039556447878221082 -0.0068473373852212987 0.0070087934930455039 -0.0022097752728538942 -0.0043044911424855604 0.016444254305525499 -0.0011641018176385095 -0.0077482404507463803 -0.0039143793700894556 0.0017263197399390387 0.01532102083839147 0.0024548702842819062 0.00082302169082417755 0.00062212286126834204 -0.014589716442420934 -0.0020486492134838296 -0.0078992436805868909 -0.00618325466882662 -0.021675296591429069 0.0075276627653064589 0.0066221180035794889 -0.0039311697962709719 -0.011952742587801699 -0.00069602847442281138 0.00065086627334271191 0.0024393076395625209 0.004830732593293658 -0.011046818117893563 -0.0025108267358394574 -0.0011501268624276274 0.0035991875450161492 -0.02115250632834503 0.00025707659887057435 -0.0011351470514425 0.025731541498840511 0.003096185417216942 -0.0030134805794771679 0.00022792776765426638 0.0038232138205574195 0.0039635301139221727 -0.010326632178813014 -0.00056319554856572979 0.016393981254471966 -0.0096748904576190817 -0.0039608143271182934 -0.0041162453746307866 -0.0049932913150522642 0.00049432640833201231 -0.013407553861670921 0.0014305939578014878 -0.0015387845260054743
leaf_weight=28424 235980 342356 5226 639539 61752 618 284142 519 11356 10907 176 13777 11069 2019 69543 22907 454 21427 1664 39053 18302 611 16860 682180 58426 2523 37201 2330 5749 1607 416 2186 2938 1395 470037 173130 2209 485 8025 91947 45375 403 1049 13452 15856 364 4557 26495 94115 3033 3486 5054 15882 273 5015 86176 2214 13517 36617 1595 14585 63383
leaf_count=28424 235980 342356 5226 639539 61752 618 284142 519 11356 10907 176 13777 11069 2019 69543 22907 454 21427 1664 39053 18302 611 16860 682180 58426 2523 37201 2330 5749 1607 416 2186 2938 1395 470037 173130 2209 485 8025 91947 45375 403 1049 13452 15856 364 4557 26495 94115 3033 3486 5054 15882 273 5015 86176 2214 13517 36617 1595 14585 63383
internal_value=3.36846e-06 -0.00102538 -0.0020857 0.00103001 -0.00049489 -0.000814224 -0.000617752 -0.00261514 -0.00318043 -0.00278886 0.00162485 -0.00103485 -0.00263857 -0.00305544 -0.00179112 -0.0014983 -0.00190927 -0.00362551 -0.00471233 -0.00368043 -0.00135544 -0.00379462 -0.00105862 0.000703138 0.000539599 -0.00330801 -0.00158238 -0.00381719 -0.00923202 -0.0145904 -0.00592168 -0.00174365 -0.00688639 -0.00190082 -0.000788849 4.39151e-06 -0.00782763 -0.00313728 -0.0101314 -0.00134994 -0.000173502 -0.00949695 -0.0142827 -0.000947094 -0.00199945 0.000263595 0.00477049 -0.000583889 -0.000378468 -0.00231124 -0.0019151 -0.00420388 -0.00397741 -0.00895724 -0.00454268 -0.00425957 -0.00969458 -0.000590561 -0.00113685 -0.00177854 -0.0015758 -0.002146
internal_weight=3.83396e+06 1.91501e+06 638604 1.91895e+06 1.2764e+06 934049 842172 91877 223002 194578 11083 558030 74216 183495 73548 415602 286733 69954 48527 39507 216779 23518 193261 1.27941e+06 1.04343e+06 172139 39220 132919 9020 3271 18329 5742 3556 63147 483814 361253 12587 4146 8441 174959 62235 1937 1452 15782 112724 20777 4921 128869 123643 29528 73029 117137 111810 5327 95928 90913 4737 188123 129697 93080 91485 76900
internal_count=3833961 1915009 638604 1918952 1276405 934049 842172 91877 223002 194578 11083 558030 74216 183495 73548 415602 286733 69954 48527 39507 216779 23518 193261 1279413 1043433 172139 39220 132919 9020 3271 18329 5742 3556 63147 483814 361253 12587 4146 8441 174959 62235 1937 1452 15782 112724 20777 4921 128869 123643 29528 73029 117137 111810 5327 95928 90913 4737 188123 129697 93080 91485 76900
is_linear=0
shrinkage=0.05


Tree=47
num_leaves=63
num_cat=0
split_feature=0 12 12 0 0 0 2 12 2 2 10 1 10 1 7 2 4 7 4 4 10 1 10 2 2 4 2 3 2 10 2 8 10 10 4 2 2 10 2 1 10 8 8 10 2 10 5 10 0 12 0 1 2 10 10 2 2 1 2 0 7 1
split_gain=1757.01 1215.76 401.963 319.366 234.652 159.75 154.891 132.144 108.831 167.481 343.895 155.199 149.04 144.105 128.06 123.507 101.258 97.4259 91.2864 89.9494 100.64 123.184 170.955 165.737 131.878 187.238 163.83 133.453 111.924 128.276 118.758 107.395 101.379 98.8395 104.666 94.3423 159.443 93.9462 96.3564 93.3554 140.486 144.323 110.699 136.275 92.1667 100.195 89.0074 87.8247 87.705 82.0358 81.951 88.1342 81.6828 99.8305 80.8002 143.129 256.663 164.884 150.359 185.404 162.149 152.034
threshold=0.0020156721888854958 1.3750000000000002 1.6250000000000002 0.0013665449845959991 0.0013495331350436258 0.0032135989236693643 -0.2672375368403454 1.6250000000000002 -0.085652006922059126 -0.21633388016818658 14.375000000000002 18.537859523674644 13.625000000000002 35.349401988192952 -0.0058817105561693164 -0.24098185384994153 10.618155084203174 0.0059556308686768986 21.664025808386146 35.619356215946361 11.458333333333334 40.643310482819636 15.375000000000002 0.020334009808867626 -0.1380713732373503 21.893579182315644 -0.19370320573681091 -0.0035944545936750878 0.11081959178938204 14.79166666666667 0.10162391666240064 0.0028096101663081159 13.875000000000002 15.208333333333334 17.59361288389491 0.0066720196311561529 0.011976483194814183 10.375000000000002 0.022524916764823679 45.810548368475118 14.458333333333334 0.0035134402010590419 0.0010005669924118422 11.29166666666667 -0.0016988843828349895 13.958333333333334 2.3734053107671458 15.125000000000002 0.0043765373215631925 1.6250000000000002 0.0015700258430484304 60.471961582968284 -0.12143892284060299 13.208333333333334 14.04166666666667 0.074880069374500494 0.055507828413545554 46.897201466178046 -0.025922773785349816 0.0023023736924603095 -0.00076192074700631707 57.965223234500144
decision_type=2 2 2 2 2 2 2 2 2 2 2 2 2 2 2 2 2 2 2 2 2 2 2 2 2 2 2 2 2 2 2 2 2 2 2 2 2 2 2 2 2 2 2 2 2 2 2 2 2 2 2 2 2 2 2 2 2 2 2 2 2 2
left_child=1 3 5 -1 49 8 -5 -6 9 12 16 -12 15 -10 -14 -2 -11 -13 54 20 37 22 23 24 25 26 32 -27 30 -30 -23 52 -22 -25 -35 44 -37 38 -8 42 -41 -42 43 -38 -21 -46 -24 -33 -4 -3 -47 -52 53 -26 -15 56 58 -57 61 60 -60 -56
right_child=2 4 48 6 7 -7 19 -9 13 10 11 17 14 18 -16 -17 -18 -19 -20 35 21 28 46 33 31 27 -28 -29 29 -31 -32 47 -34 34 -36 36 39 -39 -40 40 41 -43 -44 -45 45 50 -48 -49 -50 -51 51 -53 -54 -55 55 57 -58 -59 59 -61 -62 -63
leaf_value=-0.0052054320115703188 0.0044866402426909022 -0.0031909835514526766 0.0015195353606726218 0.02421040840569761 -0.00090684216856003154 0.0012250112807441621 -2.4196720997687724e-05 0.00048835140684261639 -0.0026363891828989163 -0.013942234986580287 -0.029764675206326426 0.0083567117373228739 -0.034365528379448777 0.00026601921341328318 -0.0054186093883114069 -0.0019504418688480755 0.00078092020084075814 -0.0049581909232651305 -0.00068803261859962095 -0.0012393722504777617 -0.00080934557713165816 -0.0018302849186821034 0.0023833890409277591 -0.0092595981190846943 -0.0049840524630511513 0.0035452908107044667 -0.01440269660069184 -0.016249777498637968 -0.0047335188473707273 -0.028784034842282386 0.013457329268439636 -0.0058178732959504615 0.020216310907487278 -0.033557206752800176 0.016409938160654714 0.023733243027293099 -0.020202075015831569 -0.0058913860297497784 -0.0072374575857461687 0.0018818058921801556 0.021650030827811348 -0.047730445673194115 -0.0063974025110978099 0.014813558737503816 -0.0036006397273985261 -0.034536897147044464 0.02894426779293709 -0.027477807798385625 0.003038144828697192 -0.0010768812584674963 -0.022020262497224052 0.010522185228423242 -0.00094304874114713156 0.026789096749171792 0.014883719946279373 0.013353039124888166 0.017369969362863422 -0.013305471336734924 -0.017678252278590892 0.004097436064459576 -0.00056533788005852504 -0.0061349841041324158
leaf_weight=132185 10581 61156 950217 546 226259 319624 17229 679094 68472 1178 282 22545 394 129089 12623 25196 134835 1463 300685 41344 1222 243903 745 18789 425 1014 1100 5311 1786 804 1277 1863 1080 124 677 820 346 42960 6331 9938 1464 79 5836 1411 3035 561 547 625 105647 183791 572 327 27021 591 3837 766 3342 2389 2186 11062 3774 1109
leaf_count=132185 10581 61156 950217 546 226259 319624 17229 679094 68472 1178 282 22545 394 129089 12623 25196 134835 1463 300685 41344 1222 243903 745 18789 425 1014 1100 5311 1786 804 1277 1863 1080 124 677 820 346 42960 6331 9938 1464 79 5836 1411 3035 561 547 625 105647 183791 572 327 27021 591 3837 766 3342 2389 2186 11062 3774 1109
internal_value=1.4635e-05 -0.00116958 0.000981721 -0.0030493 -0.000231777 0.000291677 -0.00240405 0.000139675 -0.00011375 0.000851359 0.00163207 0.00711217 -0.00171352 -0.000496885 -0.00629478 -4.66834e-05 0.000653404 0.00754533 -0.000177192 -0.00243699 -0.00273574 -0.00235585 -0.00436596 -0.00475446 -0.00291877 -0.00798869 0.0014702 -0.0130763 -0.00185988 -0.0121994 -0.00175066 -0.0013032 0.00905499 -0.0085263 0.0086747 -0.000730747 0.00214458 -0.00449987 -0.00196253 0.00121648 0.00406117 0.0180978 -0.00308484 0.00791805 -0.00197863 -0.00877819 0.0136286 -0.011259 0.00167148 -0.00160471 -0.0195411 -0.0101834 -0.000419731 0.0134982 0.000797726 0.00320902 0.00446081 -0.00683307 0.00249694 0.00026716 -0.00684199 0.0101709
internal_weight=3.83548e+06 1.72419e+06 2.1113e+06 573888 1.1503e+06 1.05543e+06 441703 905353 735808 209097 160303 24290 48794 526711 13017 35777 136013 24008 458239 441157 375424 308904 61134 59842 40252 9727 3402 6325 247770 2590 245180 30525 2302 19590 801 65733 19894 66520 23560 19074 11481 1543 7593 1757 45839 4495 1292 2488 1.05586e+06 244947 1460 899 28037 1016 157554 28465 25310 3155 21968 17022 5960 4946
internal_count=3835484 1724188 2111296 573888 1150300 1055432 441703 905353 735808 209097 160303 24290 48794 526711 13017 35777 136013 24008 458239 441157 375424 308904 61134 59842 40252 9727 3402 6325 247770 2590 245180 30525 2302 19590 801 65733 19894 66520 23560 19074 11481 1543 7593 1757 45839 4495 1292 2488 1055864 244947 1460 899 28037 1016 157554 28465 25310 3155 21968 17022 5960 4946
is_linear=0
shrinkage=0.05


Tree=48
num_leaves=63
num_cat=0
split_feature=0 0 0 1 10 2 2 4 2 4 13 10 2 2 2 3 0 4 10 1 5 0 4 2 3 8 1 2 2 4 2 2 2 0 2 7 0 2 2 0 1 0 1 1 4 8 10 9 9 8 10 13 2 4 0 13 3 3 2 7 4 1
split_gain=1632.12 441.719 259.099 171.832 160.016 256.328 264.312 359.847 136.525 132.84 131.589 562.498 345.002 255.716 283.078 192.41 143.517 169.138 141.713 115.297 114.272 110.587 108.687 108.155 108.595 107.071 116.638 106.789 207.286 306.544 195.981 302.29 228.799 173.605 160.316 133.214 152.937 129.962 122.349 279.707 227.828 116.581 113.858 191.017 138.351 111.65 108.853 108.102 117.863 107.161 106.535 157.694 117.315 117.863 107.475 105.52 124.951 239.49 107.084 104.782 113.09 114.888
threshold=0.0016199060362394918 0.0026776302352125871 0.0011385095547959822 70.029196493669176 14.958333333333334 -0.12732775897858731 -0.11344247464837522 23.490634895443904 -0.2280607228569389 11.649392683950319 3.2500000000000004 14.29166666666667 0.078860826294521152 -0.23752482284043752 -0.12143892284060299 0.0062305637139357575 0.0019231534972400809 37.200636872500297 15.208333333333334 73.566741855555435 1.4307296053406156 0.0048247459680383674 24.180966615814459 0.089844685110525804 -0.0024402812648172778 0.0024712391154313551 56.544621448495491 0.052191455803375093 0.042295401620995633 30.713427949339557 0.01652749037128683 0.026761381170700076 0.012812002228152932 0.0023482504041511506 -0.023683604839015861 -0.0022747305884353026 0.0025693789763166336 0.00746983222867566 -0.09450313933816494 0.001990163005483049 47.859667488876724 0.0018913683882781931 47.859667488876724 62.5563654936145 59.195722398885337 0.0043010312238895947 14.625000000000002 0.00047646779082526818 4.8723447572797679e-05 0.0038498556304137955 14.958333333333334 2.2500000000000004 0.082536545027541305 36.271988437988874 0.0019231534972400809 2.7500000000000004 -0.0017825806131571301 0.00035500423105202719 -0.15656059187442647 -0.0015713433693712029 19.270222189274687 73.566741855555435
decision_type=2 2 2 2 2 2 2 2 2 2 2 2 2 2 2 2 2 2 2 2 2 2 2 2 2 2 2 2 2 2 2 2 2 2 2 2 2 2 2 2 2 2 2 2 2 2 2 2 2 2 2 2 2 2 2 2 2 2 2 2 2 2
left_child=2 10 3 -1 -4 8 7 -7 -6 -8 50 -12 13 59 15 20 -14 18 22 -11 -15 25 -18 -24 -25 26 -3 28 30 33 32 -32 34 -30 38 -33 -37 42 39 -16 -41 -31 44 -44 -36 -29 -39 48 -40 -34 -2 -52 -53 54 -54 -10 -57 58 -58 -13 -61 -62
right_child=1 21 4 -5 5 6 9 -9 55 19 11 12 16 14 27 -17 17 -19 -20 -21 -22 -23 23 24 -26 -27 -28 45 29 41 31 35 49 -35 37 36 -38 46 47 40 -42 -43 43 -45 -46 -47 -48 -49 -50 -51 51 52 53 -55 -56 56 57 -59 -60 60 61 -63
leaf_value=-0.0039109165349119788 -6.5516562621623445e-05 0.0023953706803894414 -0.001285263800541558 -0.026331100508172618 -0.0096144227574699228 -0.034052936683243287 0.0088702071314965755 0.00081884863054083466 0.00095147209382261751 -0.0045823003796450663 -1.6696306609621841e-05 0.0038301314110269838 -0.014951324651236579 0.0068462620883827643 -0.018642059843934546 -0.019212124095937019 -0.0097002712420355929 -0.027910228444009345 0.018237563247744917 0.0078422261045416886 0.014273986068897552 0.0027003556178714725 0.023384200955987117 -0.03753986369798528 0.0056607764686336963 0.00074792686813186966 0.00048327422892031121 0.0092313801388737102 -0.0075916120606941574 -0.020622448752132747 0.019211925608396997 -0.011283749811143089 -0.02868536349541603 -0.036070571415677988 0.0037058752341029792 0.0082679454220401048 -0.02926599303182293 -0.010310167593865351 0.0060092777358178662 0.019858745632165747 -0.0085687287903891962 0.019541970164125618 -0.0097481791140645053 0.0048924920829483904 -0.029691377789292751 -0.014342756360678974 0.019113891846947586 -0.0067692252233973712 0.015069895010022184 0.039153878934799685 -0.0037836101610616243 0.00083289125011279169 -0.021972703127132565 -0.040936641914708152 0.0002353293836309999 0.028258117813946982 0.0048272008740954464 0.020797420190759454 -0.021468116994257328 0.013280470694022321 -0.02230345505039193 0.037495331891945434
leaf_weight=115078 1131052 267677 687198 861 1547 1715 1978 1301 4196 71918 503546 1071 2886 9286 1591 541 2206 528 1039 1917 11705 135378 636 187 655 582599 113604 11127 4882 208 4896 1324 766 601 9131 5315 286 404 14621 1621 1247 1375 6932 3283 321 526 1416 1280 4757 63 49165 46240 772 271 1851 937 908 1660 675 301 1834 84
leaf_count=115078 1131052 267677 687198 861 1547 1715 1978 1301 4196 71918 503546 1071 2886 9286 1591 541 2206 528 1039 1917 11705 135378 636 187 655 582599 113604 11127 4882 208 4896 1324 766 601 9131 5315 286 404 14621 1621 1247 1375 6932 3283 321 526 1416 1280 4757 63 49165 46240 772 271 1851 937 908 1660 675 301 1834 84
internal_value=1.03189e-06 0.000568863 -0.00187272 -0.00407742 -0.0015433 -0.00354126 -0.00449462 -0.0190104 0.0040323 -0.00391715 9.5896e-05 0.000693349 0.00391641 0.00470092 0.00515438 0.0102293 -0.00599433 -0.00107148 0.00192891 -0.00425972 0.0109881 0.00136219 -0.00267063 0.00782152 -0.00393366 0.00117424 0.00182565 0.00375295 0.00297732 -0.00511745 0.00394261 0.00970273 0.00250711 -0.0107132 0.00297026 0.00297969 0.00635138 -0.000200351 0.00568264 -0.00182859 0.00749854 0.0142645 -0.00138328 -0.00504281 0.00257167 0.00816728 0.0125824 0.00730393 0.00823352 -0.0235299 -0.000202735 -0.0017816 0.000221674 -0.00954429 -0.00630093 0.00655278 0.0121755 0.00752878 -0.00638527 -0.00901381 -0.0152129 -0.0196845
internal_weight=3.83498e+06 2.94309e+06 891889 115939 775950 88752 78829 3016 9923 75813 1.84383e+06 614478 110932 102795 99505 21532 8137 5251 4723 73835 20991 1.09926e+06 3684 1478 842 963880 381281 77973 66320 7066 59254 11821 47433 5483 46604 6925 5601 21487 25117 4459 2868 1583 19667 10215 9452 11653 1820 20658 19378 829 1.22935e+06 98299 49134 2894 2623 8376 4180 3243 1583 3290 2219 1918
internal_count=3834976 2943087 891889 115939 775950 88752 78829 3016 9923 75813 1843829 614478 110932 102795 99505 21532 8137 5251 4723 73835 20991 1099258 3684 1478 842 963880 381281 77973 66320 7066 59254 11821 47433 5483 46604 6925 5601 21487 25117 4459 2868 1583 19667 10215 9452 11653 1820 20658 19378 829 1229351 98299 49134 2894 2623 8376 4180 3243 1583 3290 2219 1918
is_linear=0
shrinkage=0.05


Tree=49
num_leaves=63
num_cat=0
split_feature=12 12 12 10 10 7 10 2 4 1 1 4 2 2 4 1 8 2 4 12 5 4 8 6 2 7 5 5 2 7 10 3 2 2 6 2 8 5 1 7 7 5 2 2 6 4 5 10 2 9 2 2 11 1 2 4 4 1 2 11 4 2
split_gain=1315.04 265.671 206.062 139.094 125.483 102.773 94.476 124.147 109.723 92.1865 125.562 85.7139 88.412 199.346 96.1269 88.1027 85.2807 106.567 157.732 84.1627 79.3469 75.7119 75.6989 73.7028 73.9435 72.9819 70.3306 68.9366 65.5362 64.9206 64.119 63.1408 62.4882 102.353 80.6314 70.2718 68.023 67.953 58.2301 61.6482 58.1196 64.3496 57.3622 57.2734 56.3029 65.8463 60.3327 55.1679 91.4849 143.53 116.737 125.9 93.7877 77.9687 75.4442 75.2591 73.1376 68.7107 66.5469 110.032 121.482 73.6592
threshold=1.3750000000000002 2.2500000000000004 1.1250000000000002 15.375000000000002 12.29166666666667 0.0015245024985829361 14.708333333333334 0.12403346632871261 28.833833698516134 63.304930000868787 45.927188674908713 49.582244864167485 -0.12732775897858731 -0.21865890067952651 14.209841251995821 44.280107512888712 0.0020452018260303938 -0.11344247464837522 20.253539705821822 1.6250000000000002 1.6868562283162492 66.143194277990418 0.0017152658662093064 -0.00015252330796677868 -0.066788104335601964 0.0025946339356296426 2.4134363083257844 1.0421062758936424 0.10162391666240064 -0.002863839766547915 14.458333333333334 0.0020205676581746949 -0.24717212517216716 -0.23752482284043752 -0.0025462319377247407 -0.28044608104478236 0.0009814109257970272 1.2130014717846391 24.110567362115308 -0.0030097298997738271 0.0080683454339368649 1.4622997467413874 0.045727579404700874 -0.021947312865793534 -0.00046002568899272672 21.067165680771733 1.7823876518085882 14.958333333333334 -0.035532750613633889 0.0004591836782506181 0.017347872391236942 0.064899025931300161 0.26086956521741356 42.047489048821866 -0.028794739249485193 15.168573889565758 20.763564659784674 27.396294175520435 0.025601267899382479 0.57692307692317379 13.838898823915734 0.049671715003621782
decision_type=2 2 2 2 2 2 2 2 2 2 2 2 2 2 2 2 2 2 2 2 2 2 2 2 2 2 2 2 2 2 2 2 2 2 2 2 2 2 2 2 2 2 2 2 2 2 2 2 2 2 2 2 2 2 2 2 2 2 2 2 2 2
left_child=2 6 3 4 -1 47 19 11 9 10 -9 12 13 14 -8 32 17 18 26 -2 -13 -22 27 24 -5 42 -14 -4 38 -17 -3 -31 35 34 -34 -16 -36 -38 39 -19 41 -15 -25 -18 45 -26 -47 55 -49 50 52 58 53 57 -55 -6 -51 -50 59 60 -52 -60
right_child=1 30 22 23 5 -7 7 8 -10 -11 -12 20 16 40 15 29 43 28 -20 -21 21 -23 -24 25 44 -27 -28 -29 -30 31 -32 -33 33 -35 36 -37 37 -39 -40 -41 -42 -43 -44 -45 -46 46 -48 48 49 56 51 -53 -54 54 -56 -57 -58 -59 61 -61 -62 -63
leaf_value=-0.0013195444021555311 -4.8846505789999115e-06 0.0017603250290297867 -0.00084327374549775084 0.022468507957881956 -0.0047308660400195695 -0.00077553564400268695 -0.016538141647953149 0.00068077010239337712 0.0087415268854661426 0.020640147187907229 -0.027007195161168236 0.010195163302937021 -0.027072645233934114 0.00028825314844561505 -0.017342006706195616 -0.016255002501502372 0.0021017250519803497 0.013118427305940598 0.00015739203514329421 0.00074411543933603625 0.0016676991244776443 -0.02697564924535481 -0.0001643637170848411 0.0011049818038776681 0.012872731169974836 0.014459974261985004 -0.001523107184772998 -0.0026672929420742523 0.010869911512717826 0.0083119758879583259 0.00039383914194196252 -0.0030686485625782446 0.013713394738490287 -0.0021496135501216105 0.016334977306817707 0.0068574624480540877 0.0041756654977798463 -0.031594528585259893 -0.0018072417027277538 -0.026469426701909732 -0.011068630232011444 0.005426658104683635 -0.01299241169790427 -0.00081877478557192379 0.021841117727660366 0.0084767196675605873 -0.015647693277766172 -0.0017384969781065814 -0.025162526574291168 -0.0050679316244090084 -0.04584840573961773 -0.011017775435492335 -0.013446157104849796 0.031380451200282676 -0.010775722423301666 -0.0024223622886788061 -0.028525438149698951 0.015199384143146921 -0.00555737565442504 -0.013168965411261195 0.026172995488232383 0.0057990728497608205
leaf_weight=314903 562591 537273 229102 907 43741 55430 1386 572 550 157 1441 3572 1311 8638 407 456 25133 126 1615 1125137 3497 247 343017 3640 786 827 339 66934 1015 2856 102170 2126 153 1411 95 1141 150 1156 97392 448 662 20680 900 50554 434 428 657 12854 122 473 63 2864 6214 113 1746 183061 1117 777 3405 318 829 2459
leaf_count=314903 562591 537273 229102 907 43741 55430 1386 572 550 157 1441 3572 1311 8638 407 456 25133 126 1615 1125137 3497 247 343017 3640 786 827 339 66934 1015 2856 102170 2126 153 1411 95 1141 150 1156 97392 448 662 20680 900 50554 434 428 657 12854 122 473 63 2864 6214 113 1746 183061 1117 777 3405 318 829 2459
internal_value=4.74026e-06 0.000659448 -0.00130478 -0.00193964 -0.00202569 -0.00273031 0.000365065 -0.00058725 -0.0112057 -0.0162615 -0.0191396 -0.000459771 -0.000637421 0.0014462 -0.00420155 -0.00248328 -0.00112125 -0.00206304 -0.0109508 0.000494442 0.00486414 -0.000221966 -0.00066991 0.00438406 0.0103747 0.000798838 -0.0218234 -0.00125569 -0.00176987 0.00180264 0.00154199 0.00345545 -0.00764766 -0.0118988 -0.0207509 0.000494941 -0.0245147 -0.0274862 -0.00190083 -0.0177794 0.00358191 0.00391272 -0.00168966 0.000151021 0.00561584 0.0018522 -0.00613133 -0.0031468 -0.00504545 -0.007119 -0.00590584 -0.00217314 -0.0100404 -0.00236705 -0.00821324 -0.00286758 -0.0215472 0.00972202 0.00140773 0.0120837 0.0210863 -0.000795181
internal_weight=3.83458e+06 2.55646e+06 1.27812e+06 639068 630489 315586 1.91701e+06 229286 2720 2170 2013 226566 219250 41317 11337 9951 177933 102246 3265 1.68773e+06 7316 3744 639053 8579 3212 5367 1650 296036 98981 5438 639443 4982 4513 2965 1554 1548 1401 1306 97966 574 29980 29318 4540 75687 2305 1871 1085 260156 33354 20500 18910 9938 8972 2758 1859 226802 1590 899 7074 1210 892 5864
internal_count=3834578 2556457 1278121 639068 630489 315586 1917014 229286 2720 2170 2013 226566 219250 41317 11337 9951 177933 102246 3265 1687728 7316 3744 639053 8579 3212 5367 1650 296036 98981 5438 639443 4982 4513 2965 1554 1548 1401 1306 97966 574 29980 29318 4540 75687 2305 1871 1085 260156 33354 20500 18910 9938 8972 2758 1859 226802 1590 899 7074 1210 892 5864
is_linear=0
shrinkage=0.05


Tree=50
num_leaves=63
num_cat=0
split_feature=0 12 12 0 0 0 8 12 0 1 2 1 0 4 5 0 2 9 8 4 8 8 2 2 2 12 1 2 2 2 3 2 2 4 4 2 2 2 2 4 4 1 5 8 1 0 7 4 3 2 2 3 3 9 2 3 0 8 1 4 2 3
split_gain=1465.89 1020.64 342.818 292.143 193.458 153.1 110.703 104.666 102.864 111.588 98.2075 95.9592 92.7438 90.1821 89.0084 116.516 118.984 101.91 88.777 87.6814 87.2329 87.2205 82.1479 80.0616 79.9149 77.8953 75.9061 95.2539 105.103 83.3298 73.7099 112.506 123.555 168.708 105.764 101.325 130.351 93.6239 92.9551 103.502 94.6493 87.5096 81.6218 80.0176 77.6395 72.309 72.295 71.1651 70.7082 76.1438 70.5308 70.4841 70.2631 81.6132 67.6822 85.1035 99.0165 72.3164 67.2817 81.9967 67.2546 99.7915
threshold=0.0020314230141830797 1.3750000000000002 1.3750000000000002 0.0014875953953294139 0.0015180913033894291 0.0032135989236693643 0.0030421769090454272 1.6250000000000002 0.0011192457152150077 51.872371897264607 -0.2672375368403454 66.013134394839284 0.0030944582388937928 35.395387502823475 1.4622997467413874 0.0018842535003095577 0.084475413840724795 -0.00055095038976730776 0.0021289730922184093 23.591792104443964 0.0023552161855015974 0.001742744439404528 -0.062641533330830321 0.057175646515359738 -0.020431378648323943 1.8750000000000002 41.12416375026104 0.020334009808867626 -0.13584653847723804 -0.11344247464837522 0.00040223439269857338 0.031926564999184955 0.059818832392579485 30.851600496596465 39.879525457221327 0.011976483194814183 0.0091095857929681286 0.050903612227918775 0.017347872391236942 11.176469268324473 13.718952940164309 74.29524809524105 4.2753128160657665 0.0017735446264738575 51.39861763961418 0.0017212485959331818 -0.0049638127650892252 17.70782380677819 0.00017449609740540772 -0.042373290154722833 0.062515205024137502 0.0043837167166292179 0.0038892851962889843 -0.00048434528347735271 -0.0036980595843561052 -0.0020498135451714476 0.0015345910591226287 0.0024078231830462191 58.806626193942947 16.6763835119893 -0.052660970406740823 -0.0017206503391308107
decision_type=2 2 2 2 2 2 2 2 2 2 2 2 2 2 2 2 2 2 2 2 2 2 2 2 2 2 2 2 2 2 2 2 2 2 2 2 2 2 2 2 2 2 2 2 2 2 2 2 2 2 2 2 2 2 2 2 2 2 2 2 2 2
left_child=1 3 5 8 7 21 10 -3 9 23 -5 19 -4 14 26 -16 17 -17 -19 48 -20 46 -8 60 -13 -6 27 28 -12 -30 -10 35 33 44 42 36 41 -35 39 -37 43 -32 47 -40 -33 50 -2 -34 -11 -50 -29 -43 -28 -54 57 -56 -57 -31 59 -41 61 -1
right_child=2 4 12 6 25 -7 22 -9 30 11 13 24 -14 -15 15 16 -18 18 20 -21 -22 -23 -24 -25 -26 -27 52 45 29 54 31 32 34 37 -36 38 -38 -39 40 58 -42 51 -44 -45 -46 -47 -48 -49 49 -51 -52 -53 53 -55 55 56 -58 -59 -60 -61 -62 -63
leaf_value=-0.024169006539069542 -0.013114761870487461 -0.0023330972351932136 0.0010559970980121255 0.0212952620782298 -0.00022022192671654757 0.0011063534400292364 0.00021724077032099834 -0.00057974339286632082 -0.0030800010042131322 0.014379129917302391 -0.0079816441213016124 -0.033488087937683209 0.0019160682824441357 6.5100206709240162e-05 -0.0014582655117383015 -0.040085332877933977 -0.012345973235613844 0.010997139468486324 -0.0077551804714786274 0.0064073948755080587 0.006060198442799306 -0.00099203848547110038 -0.0067606485578662725 0.018915612874804318 0.0041592574290681686 0.00082304323743258377 -0.0019887534595247175 -0.015661058529985349 0.0099824002235745952 -0.0026205858172461214 -0.0059642919674927275 -0.050864073477293319 0.0079067659112233447 -0.027042922324946397 0.023134256114486523 0.031376725041641379 0.014913503055897904 0.0074478788068518048 -0.03104439016179944 -0.02904375291829784 -0.0030348026950768629 0.030862625744836086 -0.041931726046424506 0.005285738511840896 0.0078029820165452365 -0.0048617285549332652 0.00050594813111147583 -0.011264237326488574 0.0056573972612330055 -0.0081044618595594708 -0.0037757501963244094 -0.011355342467625935 0.031561491038035426 -0.014218970104684711 -0.0017680051183855607 -0.012516869255080429 0.016662230172026012 -0.015682115704593862 -0.024836770821164828 -0.003744122616766603 -0.010817691065853932 -0.0030760337997786263
leaf_weight=615 980 113477 908713 463 357777 213231 5429 340545 117795 478 7440 433 478484 57448 46565 120 997 5063 1661 2691 3661 314882 18906 259 209 357908 188572 4012 1561 16383 35925 57 583 621 262 106 784 288 607 449 3576 290 187 202 5306 9322 164647 2853 1236 5381 1812 150 103 1775 3456 356 1586 1133 2000 1117 16078 6355
leaf_count=615 980 113477 908713 463 357777 213231 5429 340545 117795 478 7440 433 478484 57448 46565 120 997 5063 1661 2691 3661 314882 18906 259 209 357908 188572 4012 1561 16383 35925 57 583 621 262 106 784 288 607 449 3576 290 187 202 5306 9322 164647 2853 1236 5381 1812 150 103 1775 3456 356 1586 1133 2000 1117 16078 6355
internal_value=1.27904e-06 -0.0010633 0.000898821 -0.00276901 -0.000210649 -8.6716e-06 -0.00194198 -0.00101797 -0.00427932 -0.00680519 -0.00171742 -0.00250605 0.00135266 -0.0017476 -0.00209991 -0.000345114 0.0041614 0.00572806 0.00625744 -0.00127754 0.00174841 -0.000503476 -0.00520392 -0.0087287 -0.0212322 0.000301506 -0.00252893 -0.00432708 -0.00277743 -0.00119544 -0.00378723 -0.00529198 -0.00053683 0.00380336 -0.0075437 -0.00636038 -0.00525797 -0.0161151 -0.0114434 -0.0173122 -0.00652878 -0.00569285 -0.0097622 -0.0219731 0.00717945 -0.00759242 0.000425356 -0.00801142 -0.0041923 -0.00553386 -0.0119632 0.0164701 -0.00208459 -0.0117081 -0.00195692 0.00293814 0.0113132 -0.00346545 -0.0187595 -0.010998 -0.00903935 -0.00493718
internal_weight=3.83536e+06 1.75442e+06 2.08094e+06 584717 1.16971e+06 693740 377824 454022 206893 33735 353489 10428 1.3872e+06 353026 295578 58067 11502 10505 10385 9786 5322 480509 24335 23307 642 715685 237511 47061 31915 24475 173158 55363 10157 6272 3885 45206 37149 909 8057 3672 4385 36365 3623 809 5363 15146 165627 3436 7095 6617 5824 440 190450 1878 22914 5398 1942 17516 3566 1566 23048 6970
internal_count=3835361 1754424 2080937 584717 1169707 693740 377824 454022 206893 33735 353489 10428 1387197 353026 295578 58067 11502 10505 10385 9786 5322 480509 24335 23307 642 715685 237511 47061 31915 24475 173158 55363 10157 6272 3885 45206 37149 909 8057 3672 4385 36365 3623 809 5363 15146 165627 3436 7095 6617 5824 440 190450 1878 22914 5398 1942 17516 3566 1566 23048 6970
is_linear=0
shrinkage=0.05


Tree=51
num_leaves=63
num_cat=0
split_feature=12 12 12 10 13 4 5 2 10 4 10 2 9 7 2 1 4 1 6 4 2 2 2 11 11 1 1 8 6 11 9 13 6 8 7 10 1 10 5 8 10 13 2 4 10 13 4 1 2 4 4 5 2 4 10 5 8 11 5 10 2 9
split_gain=1124 343.707 120.309 112.624 222.885 103.767 93.6313 91.7707 95.683 82.5936 76.5873 115.776 87.4517 83.66 79.8898 98.9718 80.4826 98.0086 82.5666 73.3854 73.1366 70.774 227.653 77.6568 95.968 85.2766 73.5497 70.2998 67.9806 72.0358 74.097 67.1889 66.745 65.0799 63.4986 62.9934 62.4641 83.7523 66.0989 69.9022 61.259 204.17 90.7045 60.7887 59.9528 60.0873 58.3479 91.5165 185.252 72.2533 67.1813 80.1053 66.4484 63.8851 58.1703 58.1451 57.2794 56.8641 56.0416 55.2752 77.7268 72.9581
threshold=1.6250000000000002 1.1250000000000002 2.2500000000000004 15.375000000000002 2.7500000000000004 13.838898823915734 2.2391705661892396 -0.037820294916066512 14.958333333333334 13.965577974883958 14.958333333333334 -0.027798695973169814 0.0004591836782506181 0.0073950004814240531 -0.21865890067952651 50.352231791883597 26.460713718935256 43.587192581694531 -0.0010653948787973653 9.7771963586388129 0.073471868810149332 0.01930039719212474 0.025601267899382479 0.26923076923073719 0.37499999999992012 42.047489048821866 27.396294175520435 0.0014348427655657325 0.0003999900004999502 0.25000000000003342 -0.00047303689687794634 3.2500000000000004 -0.0019661253993144552 0.0043653640031533257 0.0050342401819286628 15.375000000000002 54.823515633142641 14.458333333333334 1.3672932734247947 0.00070804217913448717 14.54166666666667 2.7500000000000004 0.12403346632871261 55.27872885119239 14.458333333333334 2.2500000000000004 28.162785859783025 45.436283078194442 -0.027798695973169814 19.474641353374953 14.085861700590652 2.4615077628152298 0.10162391666240064 36.038728038306338 15.125000000000002 0.20876575991366028 0.00038687888188930025 0.39999999999997932 0.20876575991366028 11.958333333333334 -0.0052838406072887303 -0.0002060191956396502
decision_type=2 2 2 2 2 2 2 2 2 2 2 2 2 2 2 2 2 2 2 2 2 2 2 2 2 2 2 2 2 2 2 2 2 2 2 2 2 2 2 2 2 2 2 2 2 2 2 2 2 2 2 2 2 2 2 2 2 2 2 2 2 2
left_child=1 3 40 5 -5 59 9 56 -9 36 20 14 21 -14 15 16 -12 -18 -19 -10 27 23 32 25 -25 26 -13 58 29 30 -27 -16 -23 55 35 43 -3 -38 39 -39 -2 54 -43 46 -4 -46 47 48 -21 50 -50 -52 -49 -48 -42 -11 -8 -22 -7 60 -1 -61
right_child=2 6 44 4 -6 10 7 8 19 33 11 12 13 -15 31 -17 17 18 -20 34 57 22 -24 24 -26 28 -28 -29 -30 -31 -32 -33 -34 -35 -36 -37 37 38 -40 -41 41 42 -44 -45 45 -47 53 52 49 -51 51 -53 -54 -55 -56 -57 -58 -59 -60 61 -62 -63
leaf_value=-0.0043927424043963608 0.00072174528603605854 -0.0010614929879306388 0.0016295696292394355 -0.0041650628674105737 0.012008109456267547 0.00088953739513091153 -0.038066369751278237 -0.0013060713644592944 0.019541905405091459 0.0015988833495263702 0.012182963110881146 -0.025541320858431645 -0.01882163573494729 0.04328994953206608 -0.0017657072680415126 -0.027114548532911054 -0.026632094947240687 -0.042199923098087316 0.031092676179236681 -0.030590219128798776 0.0027334686739878887 -0.027540314365440695 -0.0048420809936155027 -0.024113874790178968 -0.008536465426561661 0.030567271465604957 0.016029932679465186 -0.0012567284290489287 0.015850353761676522 0.026481595761695148 -0.016646972202743346 0.0054726045258279756 0.022618222269187974 0.001319156670461924 0.0038261309437413907 0.0004532339809146898 -0.0027751276194629484 0.013440805109161319 -0.0055675694760554482 -0.025062248113475568 -0.0009658477426338878 0.0015637653685258272 -0.012879171146630225 -0.027689225714476337 -0.0014110136347867978 0.0011642410928649931 0.0023694441595397964 -0.0096751376757158707 -0.0095139608283837645 -0.005723537295800666 -0.0090014894899254141 0.01314042237265263 -0.030191562046048694 -0.0080276016280241887 -0.0035568261102046578 -0.00029772349567904502 0.00020112073258880299 -0.0011141762594376046 -0.0027469235686007161 -0.010286228703802573 0.0033132902696191495 -0.004050651913368699
leaf_weight=7839 1090609 88050 537158 4267 4254 11344 98 47845 305 42239 537 122 1700 56 9602 599 465 50 166 572 16985 71 10237 1203 5551 88 832 325832 269 118 1492 4813 1007 74330 1870 3660 13161 132 1612 1102 59522 92484 1100 336 33945 68077 3509 11255 660 3655 518 1932 409 2552 34058 933705 44869 22093 160422 5397 5617 35857
leaf_count=7839 1090609 88050 537158 4267 4254 11344 98 47845 305 42239 537 122 1700 56 9602 599 465 50 166 572 16985 71 10237 1203 5551 88 832 325832 269 118 1492 4813 1007 74330 1870 3660 13161 132 1612 1102 59522 92484 1100 336 33945 68077 3509 11255 660 3655 518 1932 409 2552 34058 933705 44869 22093 160422 5397 5617 35857
internal_value=2.33015e-06 -0.000853683 0.000858481 -0.00180067 0.00390919 -0.00187785 -0.000380417 -0.00168577 -0.0027113 -0.000240143 -0.00168008 -0.00382008 -0.00612207 -0.0168409 -0.000594294 -0.0104744 -0.00229087 -0.0137042 0.0141268 -0.00486394 -0.00152466 -0.00522535 -0.00254063 -0.00836515 -0.0113111 -0.00155355 0.0107137 -0.00168823 -0.0075032 -0.0112029 -0.0140173 0.00065108 0.0193146 -0.000107018 -0.00510462 -0.00567935 -0.00158382 -0.00445697 -0.0122345 -0.0209436 0.000578327 -0.000257375 0.001394 -0.0065631 0.00141853 0.000307396 -0.00627986 -0.00764243 -0.00326725 -0.000957017 0.00464479 0.00845899 -0.0103945 -0.00200826 -0.00190882 -0.000215638 0.000117721 0.000558178 -0.00250676 -0.00395875 -0.00117598 -0.00486641
internal_weight=3.83421e+06 1.91726e+06 1.91695e+06 638885 8521 630364 1.27838e+06 124045 79078 1.15433e+06 575654 38978 22746 1756 16232 1817 1218 681 216 31233 536676 20990 11315 9675 6754 2921 954 497598 1967 1698 1580 14415 1078 1.05027e+06 30928 29058 104057 16007 2846 1234 1.27777e+06 187164 93584 25398 639180 102022 25062 19001 7337 6765 3110 2450 11664 6061 93580 975944 44967 39078 171766 54710 13456 41254
internal_count=3834214 1917261 1916953 638885 8521 630364 1278376 124045 79078 1154331 575654 38978 22746 1756 16232 1817 1218 681 216 31233 536676 20990 11315 9675 6754 2921 954 497598 1967 1698 1580 14415 1078 1050274 30928 29058 104057 16007 2846 1234 1277773 187164 93584 25398 639180 102022 25062 19001 7337 6765 3110 2450 11664 6061 93580 975944 44967 39078 171766 54710 13456 41254
is_linear=0
shrinkage=0.05


Tree=52
num_leaves=63
num_cat=0
split_feature=0 12 12 0 0 8 4 0 10 7 0 12 10 7 10 13 4 4 4 5 3 11 12 9 4 5 8 4 7 10 4 3 4 10 4 9 4 5 8 0 7 10 11 7 10 8 5 11 9 0 13 5 4 5 7 4 0 8 10 10 6 3
split_gain=1299.23 564.378 543.978 333.846 164.175 143.086 128.806 113.696 104.531 103.89 99.7573 93.7123 90.0635 87.5074 77.4726 119.644 92.619 191.696 79.7849 75.3732 79.4953 81.3398 75.1981 73.428 72.4278 71.3393 70.7428 73.8029 69.4279 68.1217 102.861 85.7658 83.4605 67.0875 73.4098 82.4121 66.1499 69.2658 71.1603 65.6585 81.4904 77.9717 75.986 64.5629 64.5209 68.27 116.624 79.0979 72.9844 71.6812 67.8826 64.5115 62.4433 76.905 75.9179 75.0687 71.361 62.3515 61.98 87.5798 78.4272 60.8899
threshold=0.0015700258430484304 1.6250000000000002 1.6250000000000002 0.0021721640144523042 0.0011385095547959822 0.0030421769090454272 23.490634895443904 0.0023299030562141435 11.458333333333334 -0.0049638127650892252 0.0054811788933351487 1.1250000000000002 14.625000000000002 -6.8037490795980191e-05 14.04166666666667 3.2500000000000004 24.29354951541163 22.394658939754304 11.176469268324473 0.23702931046523984 -0.0040302131338157297 0.666666666666626 1.1250000000000002 4.1310365052475549e-05 41.943352029604917 1.0323909482763818 0.0033204205866076649 60.932501062670681 -0.001348783043939594 14.125000000000002 44.25902240525685 -0.0016551120879320883 24.867995284895425 14.958333333333334 36.721302566920194 -0.00053744432903759945 31.159681807412024 0.82805425506553543 0.0015529948710041647 0.0017145803098333678 0.0021804476663445098 9.9583333333333339 1.0000000180025095e-35 -0.0023741064143771302 15.375000000000002 0.0013269255352617744 1.5987858960369099 0.39752825577843348 -9.8794704844952576e-05 0.0014637866531192422 2.2500000000000004 4.6378149577274304 23.591792104443964 2.3289671859459955 0.0052754756106712106 35.619356215946361 0.0017145803098333678 0.0032459128302183226 14.458333333333334 13.29166666666667 -0.0074601568429041301 -0.00013839236188246243
decision_type=2 2 2 2 2 2 2 2 2 2 2 2 2 2 2 2 2 2 2 2 2 2 2 2 2 2 2 2 2 2 2 2 2 2 2 2 2 2 2 2 2 2 2 2 2 2 2 2 2 2 2 2 2 2 2 2 2 2 2 2 2 2
left_child=2 3 4 5 -1 8 -5 -3 24 -6 22 -11 -4 19 -15 18 17 25 -16 -10 21 -21 -8 28 39 -17 29 -28 -23 -7 31 32 -31 -13 35 -35 -18 -38 -39 41 -41 42 -2 -44 45 46 47 -37 -47 -50 -46 -27 53 56 55 -54 -33 -55 59 -12 -60 -22
right_child=1 7 12 6 9 26 10 -9 13 11 58 33 -14 14 15 16 36 -19 -20 20 61 23 -24 -25 -26 51 27 -29 -30 30 -32 52 -34 34 -36 44 37 38 -40 40 -42 -43 43 -45 50 48 -48 -49 49 -51 -52 -53 54 57 -56 -57 -58 -59 60 -61 -62 -63
leaf_value=-0.005580922659320281 -0.027080600349170404 0.00070328442331367847 -9.6915108195286704e-05 0.0012348884038362617 -0.027405453019282402 -0.0038942193577068511 -0.00097932788350713713 0.0015675254541180591 0.0054444318858846152 -0.0038494289385692607 0.0029924147565743913 -0.0017616836088544009 -0.0019266843999132502 -0.0004389277859700193 0.014027969657194498 -0.001346145479929217 0.012422083343408823 -0.01394088558328356 -0.00018324326364876556 0.0048488027732193862 -0.0021573674612101216 -0.011324765098536992 0.00022965922288250673 0.0057377112696373935 0.0011977619064993971 0.0074871590004414561 -0.0023685918490777649 -0.036724874396233044 0.011564225259159382 -0.011867182640145864 0.013005629479885102 -0.0031234147948722389 -0.035870016393199158 -0.045050065332100174 -0.012166891136665095 -0.0015067248302681822 -0.004770656791217842 0.01769662223634666 0.0031055303316917249 -0.0014677777457730119 -0.0059997510293911009 -0.0061880518589454807 -0.013061963780739597 0.0080838315892225211 -0.0070625634162456959 0.0018435304078705285 0.001812827837346127 -0.020165411974726037 -0.011986313212853124 -0.0020134498654683585 0.0082819243505083285 -0.043734536608380663 0.0095031403618885384 -0.0005426830211543314 -0.039345183471838636 -0.016042349320134999 -0.032511802581789699 -0.038439775530884908 -0.02999350620053148 -0.0086522886623456533 0.017867203127506167 -0.00014171150661807246
leaf_weight=58008 201 739712 307799 303093 425 8369 192905 783776 4165 111999 27604 197236 86052 140572 1010 3882 4771 1691 44610 9619 139408 2414 385947 1432 15291 7202 35841 157 384 761 410 287 691 119 2761 1096 1505 1246 2537 95705 11066 18357 428 2305 1078 1857 7188 1179 6170 2545 2175 62 992 923 120 405 737 123 93 1715 1075 51238
leaf_count=58008 201 739712 307799 303093 425 8369 192905 783776 4165 111999 27604 197236 86052 140572 1010 3882 4771 1691 44610 9619 139408 2414 385947 1432 15291 7202 35841 157 384 761 410 287 691 119 2761 1096 1505 1246 2537 95705 11066 18357 428 2305 1078 1857 7188 1179 6170 2545 2175 62 992 923 120 405 737 123 93 1715 1075 51238
internal_value=-5.30048e-07 0.00046743 -0.00181064 -0.000213105 -0.00312463 -0.0011177 0.000392563 0.0011479 -0.000889693 -0.00270035 -2.64207e-05 -0.00266905 -0.000496699 -0.000489915 0.000233006 0.00161159 0.00456088 0.00174583 0.000131385 -0.00121432 -0.00134994 0.00230773 -0.000173241 -0.00347067 -0.00205469 0.00412572 -0.00368581 -0.00251843 -0.00818346 -0.00672699 -0.0110778 -0.0130373 -0.02329 -0.00207728 -0.00445606 -0.00354652 0.00815336 0.00430198 0.00791137 -0.00244305 -0.00193748 -0.00497837 0.00259015 0.00477231 -0.00333444 -0.00439492 -0.00130992 -0.0111764 -0.00715629 -0.00907399 0.00319697 0.00704997 -0.00888711 -0.0145346 -0.00118092 0.00209733 -0.024275 -0.00499903 0.00276124 0.00231126 0.0140564 -0.00161564
internal_weight=3.83452e+06 3.04684e+06 787687 1.52335e+06 393836 610917 912432 1.52349e+06 561101 335828 609339 335403 393851 417748 209088 68516 22896 12837 45620 208660 204495 13849 578852 4230 143353 11146 49816 35998 2798 13818 5449 5039 1452 223404 26168 23407 10059 5288 3783 128062 106771 21291 2934 2733 23288 20035 9463 2275 10572 8715 3253 7264 3587 2070 1517 1397 1024 1046 30487 29319 1168 190646
internal_count=3834524 3046837 787687 1523349 393836 610917 912432 1523488 561101 335828 609339 335403 393851 417748 209088 68516 22896 12837 45620 208660 204495 13849 578852 4230 143353 11146 49816 35998 2798 13818 5449 5039 1452 223404 26168 23407 10059 5288 3783 128062 106771 21291 2934 2733 23288 20035 9463 2275 10572 8715 3253 7264 3587 2070 1517 1397 1024 1046 30487 29319 1168 190646
is_linear=0
shrinkage=0.05


Tree=53
num_leaves=63
num_cat=0
split_feature=0 12 12 0 0 0 10 2 5 12 0 4 10 2 2 2 2 5 2 6 1 3 11 2 2 2 4 0 12 0 2 2 10 10 11 7 1 3 4 6 4 3 5 5 8 6 1 10 0 5 2 10 5 1 7 8 11 4 2 2 10 4
split_gain=1191.44 810.095 266.873 232.444 161.769 132.864 102.354 101.774 90.3976 87.6541 85.2868 81.3667 110.275 257.08 190.163 106.235 115.482 105.524 179.18 94.8101 138.266 111.718 91.3163 88.6832 86.5404 100.788 80.4141 112.243 76.6332 76.484 89.5345 153.727 83.9591 134.727 112.732 103.458 102.138 118.405 112.251 106.763 100.077 104.14 101.418 91.162 87.5908 93.0294 89.3794 86.365 124.29 84.3434 83.7996 87.5601 78.9996 90.6187 77.6732 77.4972 81.9357 76.6139 89.7055 178.82 103.387 92.6758
threshold=0.0020156721888854958 1.3750000000000002 1.3750000000000002 0.0014406773548415175 0.0014330543367111499 0.0032135989236693643 9.2916666666666696 -0.2672375368403454 4.6378149577274304 1.6250000000000002 0.0046223103705034822 21.664025808386146 14.458333333333334 -0.2280607228569389 -0.040256334163309003 -0.085652006922059126 -0.22441624292836806 1.8075194830583807 0.074880069374500494 -0.00043047783039168447 59.869836219827128 -0.0013234433576067275 0.57142857142867587 0.084475413840724795 0.0059260752155403185 -0.025922773785349816 13.563793616651319 0.0028272138589471147 2.2500000000000004 0.001008675399579 0.00047997062867004688 -0.010419901354692474 14.958333333333334 15.375000000000002 0.23076923076924818 0.00091587322821407035 29.908292714050585 -0.0018534146639542779 21.774720193195655 0.00024165290626809724 19.647744254947515 0.0012135764571715648 2.9897817820203323 1.4307296053406156 0.0013908498941965677 0.00020988300523461237 57.798036811893958 14.125000000000002 0.0012818299446718867 0.24904577274827741 -0.013249194365043598 15.04166666666667 3.3195740637813524 48.725364278525554 0.0032520525944665928 0.0015249166637903609 0.33333333333337256 28.71392303884274 -0.074352058519507144 -0.12337346074358638 13.708333333333334 25.473206832871067
decision_type=2 2 2 2 2 2 2 2 2 2 2 2 2 2 2 2 2 2 2 2 2 2 2 2 2 2 2 2 2 2 2 2 2 2 2 2 2 2 2 2 2 2 2 2 2 2 2 2 2 2 2 2 2 2 2 2 2 2 2 2 2 2
left_child=1 3 5 6 9 11 -1 -5 -9 -3 -4 12 -2 22 -15 16 -13 18 24 23 21 -21 -14 -19 25 -16 27 -26 -6 30 31 50 35 36 -35 47 -34 39 40 -38 41 44 -43 -40 45 52 -47 57 -49 -50 51 -8 53 -39 -37 56 -36 58 59 -31 -61 -62
right_child=2 4 10 7 28 -7 29 8 -10 -11 -12 15 13 14 17 -17 -18 19 -20 20 -22 -23 -24 -25 26 -27 -28 -29 -30 32 -32 -33 33 34 55 54 37 38 43 -41 -42 42 -44 -45 -46 46 -48 48 49 -51 -52 -53 -54 -55 -56 -57 -58 -59 -60 60 61 -63
leaf_value=-0.030496231622092831 -2.8582925837361886e-05 -0.0024923499423053544 0.0010858349805432075 0.019860256096279182 -9.682927802997936e-05 0.0010491240558030569 -0.0076380096753300309 -0.0017790886975832595 -0.008803651907493713 -0.00064964896052091894 0.0025317462096948167 -0.003471967256468689 -0.028034367549552019 0.01167978004461308 0.0248992842295407 -0.0014451930422534048 0.001282408407280001 0.00095771710582333216 -0.018487425444754655 0.0065542728005652407 0.0077069755960236311 -0.019748038436249116 -0.00048826975059658608 0.031682919586698215 -0.011799326700679326 -0.0030860572227547718 0.017766239001863832 0.02840382058203705 0.0010300480855402183 -0.0033065334388407072 -0.013964319880586721 0.017967606679286402 -0.024772813683322983 -0.013059138234645601 0.024370433986186983 -0.0067454906547225251 0.011639083558961231 -0.0059222914868040741 -0.019616027906462177 -0.021310858458083198 -0.024482695782427545 0.016836546524967626 -0.015315647864643532 -0.001578723626872574 -0.019557877868370439 0.009047973880116961 -0.035716937589645385 -0.0033463116536393729 -0.031129947449709917 0.0028099658681490572 -0.042878845561841489 0.008095696325947286 0.017225159930019843 -0.02467898020831992 0.0093388106414721804 0.015724133518546596 -0.016288662335022273 -0.0067802677028775118 -0.0036891803577783358 0.013356786189959325 -0.011206450832312247 0.03446154957637191
leaf_weight=364 133925 86057 1296475 540 603646 213193 8804 392474 4634 258064 110693 15187 809 7298 382 239931 80330 2127 679 502 953 2062 479 264 590 2039 2714 246 201142 8288 3855 678 883 756 170 22929 1322 1327 796 302 1423 647 395 5839 2570 1033 125 19521 185 17365 157 983 205 1251 776 1473 457 14708 53085 3372 841 128
leaf_count=364 133925 86057 1296475 540 603646 213193 8804 392474 4634 258064 110693 15187 809 7298 382 239931 80330 2127 679 502 953 2062 479 264 590 2039 2714 246 201142 8288 3855 678 883 756 170 22929 1322 1327 796 302 1423 647 395 5839 2570 1033 125 19521 185 17365 157 983 205 1251 776 1473 457 14708 53085 3372 841 128
internal_value=5.59371e-06 -0.000969781 0.000802004 -0.00250249 -0.000203149 7.00441e-06 -0.00400969 -0.00183156 -0.00186106 -0.00111047 0.00119958 -0.000445931 0.000501214 0.00385692 0.0052611 -0.000883772 0.000526473 0.00153092 0.00585104 -0.00333177 -0.0085543 -0.0145984 -0.0177901 0.00435021 0.00861872 0.00132964 0.0135897 3.0786e-05 0.000184813 -0.00395511 -0.00743727 -0.00506843 -0.00364426 -0.00659608 0.0034972 -0.00320579 -0.00818712 -0.00733738 -0.00867406 0.00551169 -0.0123193 -0.0100277 0.00464833 -0.00374266 -0.0123764 -0.00769327 0.00421584 -0.00259786 -0.000601207 0.00245219 -0.00663907 -0.00605773 -0.0126486 -0.0150242 -0.00621896 0.00945748 -0.00526466 -0.00351823 -0.00278813 0.000999366 0.00922035 -0.00517394
internal_weight=3.83445e+06 1.72357e+06 2.11088e+06 574661 1.14891e+06 703710 177013 397648 397108 344121 1.40717e+06 490517 155069 21144 19856 335448 95517 12558 6650 5908 3517 2564 1288 2391 5971 2421 3550 836 804788 176649 14477 10622 162172 20974 2856 141198 18118 17235 15611 1624 8976 7553 1042 6635 6511 3941 1158 117493 37071 17550 9944 9787 2783 2578 23705 2100 627 80422 65714 12629 4341 969
internal_count=3834448 1723570 2110878 574661 1148909 703710 177013 397648 397108 344121 1407168 490517 155069 21144 19856 335448 95517 12558 6650 5908 3517 2564 1288 2391 5971 2421 3550 836 804788 176649 14477 10622 162172 20974 2856 141198 18118 17235 15611 1624 8976 7553 1042 6635 6511 3941 1158 117493 37071 17550 9944 9787 2783 2578 23705 2100 627 80422 65714 12629 4341 969
is_linear=0
shrinkage=0.05


Tree=54
num_leaves=63
num_cat=0
split_feature=12 12 10 13 12 10 2 10 13 10 7 1 8 5 2 5 1 10 13 11 1 11 13 9 13 3 10 2 6 3 10 2 9 2 10 11 3 8 1 7 7 10 2 2 9 2 3 2 1 2 8 11 7 7 10 1 1 2 7 3 1 2
split_gain=819.968 279.476 121.169 213.774 101.56 97.292 94.3102 101.987 116.508 117.958 78.8333 71.0722 64.4082 57.105 64.1088 55.3463 55.0106 53.4186 263.685 76.0221 55.9624 55.0147 50.8486 48.6448 48.4311 47.2698 52.0472 46.1874 47.3164 44.8066 45.4902 50.1311 44.5627 44.3428 44.5114 44.823 44.1392 49.9732 49.2939 86.4571 46.2303 44.1212 46.8589 66.4291 56.1485 60.028 60.5427 88.4449 54.6215 54.0875 47.3622 43.9509 43.1537 42.9437 63.3774 86.1884 55.4325 78.1775 53.9254 52.3821 50.6934 80.5435
threshold=1.6250000000000002 1.1250000000000002 15.375000000000002 2.2500000000000004 2.2500000000000004 12.29166666666667 -0.074352058519507144 14.958333333333334 3.2500000000000004 15.375000000000002 0.002858649089792165 55.377348774965739 0.000830633779300312 1.9505051939972518 -0.04367115076250571 1.981611309209417 74.29524809524105 15.04166666666667 3.2500000000000004 0.65217391304349148 26.286525683191645 0.78260869565225344 2.2500000000000004 0.00046232085067035545 3.2500000000000004 0.001825633095571626 15.208333333333334 -0.066788104335601964 -0.0014498280814141948 0.0020205676581746949 14.708333333333334 0.017347872391236942 0.00046718059077991212 -0.23497402227458938 15.29166666666667 0.84615384615384881 -0.0034310750077996056 0.00076647196281868959 34.823060601063915 -0.0018781935402683578 -0.0020828640840295227 15.208333333333334 0.01930039719212474 0.07667889064379553 0.00036775329236235542 -0.028794739249485193 -0.0028216880733284281 -0.058298371427623973 44.5392247880472 -0.04668996884787769 0.0035134402010590419 0.36930006930007381 -0.0020422694805979353 -6.8037490795980191e-05 15.29166666666667 38.666446164587576 47.145228813261888 -0.0060041889801621404 -0.0076088143418906453 -0.00077681517301777581 23.180084802665373 0.00746983222867566
decision_type=2 2 2 2 2 2 2 2 2 2 2 2 2 2 2 2 2 2 2 2 2 2 2 2 2 2 2 2 2 2 2 2 2 2 2 2 2 2 2 2 2 2 2 2 2 2 2 2 2 2 2 2 2 2 2 2 2 2 2 2 2 2
left_child=1 2 5 -4 -2 36 17 12 -9 23 13 25 -8 53 15 -15 33 20 21 -20 -3 22 -19 41 -5 26 -12 28 -26 30 31 -13 -25 34 35 -17 37 40 39 -38 -1 42 44 50 45 46 49 52 -49 -10 -44 -52 -48 56 -55 -56 57 -7 -58 -57 61 -59
right_child=4 6 3 24 -6 10 7 8 9 -11 11 29 -14 14 -16 16 -18 18 19 -21 -22 -23 -24 32 27 -27 -28 -29 -30 -31 -32 -33 -34 -35 -36 -37 38 -39 -40 -41 -42 -43 43 -45 -46 -47 47 48 -50 -51 51 -53 -54 54 55 59 58 60 -60 -61 -62 -63
leaf_value=0.054006125717549716 0.00047046620367226477 0.0030475436776734666 -0.0068749382237912665 0.0053258474021096952 0.0012423677730330129 -0.00229785336327835 -0.0019086797413592716 -0.0037353990673102719 0.0097378042289766216 0.0081900898799307439 0.0027185519426643824 -0.011551899201379022 -0.00028845996114672322 -0.018776131131856912 -0.0055220231022653273 -0.01585459496283622 -0.026763632806336007 -0.0031273455050607798 0.013018697978254251 0.00082278832701817607 8.0527486790957326e-05 -0.010226964454528283 0.0029827929116918927 -0.037377143425471854 0.058161870659665861 0.018237982593049672 0.029183611428181745 0.010617622598445177 0.020355052656004194 -0.00041523547858166292 -0.023576062868507403 0.016131930600883616 -0.0070071477123369828 0.0001573115309826911 0.019490484396616617 0.01570430797716928 -0.016360559575221336 0.00012920314686048961 -0.001207522279504523 -0.0024797936736066866 0.0097144560475920724 0.0025418486197104125 0.0063838559439755721 -0.01000575832713064 0.016498866760068471 -0.0096106423909849605 0.021015194582415152 0.03090593636738331 0.0061739297846831525 -0.031494416381980549 0.028097289663094743 -0.016035974646898845 -0.016209763034155285 -0.0016389090926520796 -0.038432465044848894 0.036586053312664304 -0.024798521205722804 -0.025050576382185802 -0.0014248454989647403 0.0086283197220723331 -0.0057098249599582505 0.021880378670844792
leaf_weight=74 1278407 16772 2831 2830 639183 44695 66475 49822 118 4112 4964 543 793828 453 29516 1051 205 6806 5913 1630 303129 1478 6814 132 94 628 193 2047 692 17268 424 234 1422 13601 120 126 1457 53659 254750 4876 289 7700 3428 1023 288 4146 91 297 899 244 65 427 539 116605 83 213 248 121 49452 785 33627 374
leaf_count=74 1278407 16772 2831 2830 639183 44695 66475 49822 118 4112 4964 543 793828 453 29516 1051 205 6806 5913 1630 303129 1478 6814 132 94 628 193 2047 692 17268 424 234 1422 13601 120 126 1457 53659 254750 4876 289 7700 3428 1023 288 4146 91 297 899 244 65 427 539 116605 83 213 248 121 49452 785 33627 374
internal_value=-3.25435e-06 -0.000734599 -0.00158822 0.00434382 0.000727761 -0.00166812 -0.000307569 -0.000567579 -0.00233905 0.000451405 -0.00228874 0.000450088 -0.000413653 -0.0025168 -0.00415305 -0.00155555 -0.00103903 0.000402196 0.00274923 0.0103832 0.000236084 -0.00106474 -7.04818e-05 -0.00107708 0.0099522 0.00528622 0.003709 0.0145737 0.0248765 -0.00106472 -0.010403 -0.00321468 -0.00958684 -0.000685057 -0.00951856 -0.0124762 -0.00104666 0.000254282 -0.00131585 -0.00567327 0.0187436 -0.000390642 -0.0023431 0.00134067 -0.00509285 -0.00607461 0.000625763 0.004329 0.0123156 -0.0180541 0.00430174 -0.0102054 -0.0108328 -0.00221726 -0.00152719 0.0105237 -0.00284917 -0.00367376 -0.00154148 0.0145953 -0.005476 0.0104084
internal_weight=3.83432e+06 1.91673e+06 639128 8494 1.91759e+06 630634 1.2776e+06 935056 74753 24931 315529 24254 860303 291275 45072 15556 15103 342542 22641 7543 319901 15098 13620 20819 5663 5785 5157 2833 786 18469 1201 777 1554 14898 1297 1177 315105 54022 261083 6333 363 19265 11565 4943 6622 6334 2188 1826 1196 362 3920 492 630 246203 117686 1081 128517 78817 49700 998 34122 495
internal_count=3834316 1916726 639128 8494 1917590 630634 1277598 935056 74753 24931 315529 24254 860303 291275 45072 15556 15103 342542 22641 7543 319901 15098 13620 20819 5663 5785 5157 2833 786 18469 1201 777 1554 14898 1297 1177 315105 54022 261083 6333 363 19265 11565 4943 6622 6334 2188 1826 1196 362 3920 492 630 246203 117686 1081 128517 78817 49700 998 34122 495
is_linear=0
shrinkage=0.05


Tree=55
num_leaves=63
num_cat=0
split_feature=0 12 12 0 0 10 2 2 1 4 10 4 10 0 0 1 11 4 3 0 2 2 3 7 11 9 4 2 10 1 13 10 4 0 9 2 10 1 1 1 10 2 4 2 2 12 10 4 2 2 3 2 2 0 4 2 1 11 4 4 0 4
split_gain=1052.56 416.448 410.255 267.161 136.559 137.075 245.404 209.12 172.256 156.826 114.472 102.85 101.309 100.948 98.2477 97.789 97.8346 97.4149 112.531 95.9141 104.688 95.7874 98.4804 98.7191 134.264 90.5117 88.1392 83.2446 140.257 141.447 93.839 232.801 104.683 133.295 98.6444 96.228 84.7847 82.0508 105.645 92.8822 88.5942 88.1701 88.3592 83.2707 128.002 81.643 80.1782 157.104 153.208 380.614 206.896 159.992 146.735 245.09 126.734 190.822 125.343 120.178 118.15 116.803 117.441 148.379
threshold=0.0015928053020944249 1.6250000000000002 1.6250000000000002 0.0021721640144523042 0.001008675399579 14.958333333333334 -0.12732775897858731 -0.11344247464837522 27.926331054869738 23.490634895443904 11.458333333333334 22.492824672207803 14.708333333333334 0.0013831818855521 0.0027387925226237645 40.504723456941768 0.71875000000008504 11.649392683950319 0.00081954146950357482 0.0030944582388937928 -0.085652006922059126 -0.22441624292836806 -0.0017825806131571301 -0.00026552170897503608 0.42000000000001408 0.0010775865197177493 14.921878696951945 0.11081959178938204 14.458333333333334 42.892266212482674 2.2500000000000004 15.29166666666667 18.486126548560065 0.0016340989071323934 0.00020944288493407671 -0.2672375368403454 11.625000000000002 55.377348774965739 69.536062509412531 55.08750638394509 12.875000000000002 0.00047997062867004688 11.176469268324473 -0.010419901354692474 -0.013249194365043598 1.1250000000000002 14.79166666666667 16.149191524199548 0.017347872391236942 -0.024536438200905227 4.0706872243789396e-05 0.082536545027541305 -0.19370320573681091 0.0018420325680037328 13.965577974883958 0.065846920043394597 40.805249997898571 0.28571428571427632 38.141116893721438 49.582244864167485 0.0021130946099905648 27.46190298580964
decision_type=2 2 2 2 2 2 2 2 2 2 2 2 2 2 2 2 2 2 2 2 2 2 2 2 2 2 2 2 2 2 2 2 2 2 2 2 2 2 2 2 2 2 2 2 2 2 2 2 2 2 2 2 2 2 2 2 2 2 2 2 2 2
left_child=2 3 4 10 15 25 13 9 -9 -8 -2 -5 -4 21 -3 16 -1 18 -10 20 -13 -7 -23 24 -24 45 -15 30 36 -30 -12 35 33 -33 -34 -32 -29 39 -39 40 -17 43 -43 44 -42 -6 -37 54 49 52 51 -50 53 -49 -48 -56 57 -51 -55 60 61 -54
right_child=1 14 12 11 5 6 7 8 17 -11 27 19 -14 26 -16 37 -18 -19 -20 -21 -22 22 23 -25 -26 -27 -28 28 29 -31 31 32 34 -35 -36 46 -38 38 -40 -41 41 42 -44 -45 -46 -47 47 48 50 56 -52 -53 59 58 55 -57 -58 -59 -60 -61 -62 -63
leaf_value=0.0043453368065105372 -0.0021431869306851484 0.00072679050137422041 -9.0882402163537256e-05 0.0011889258440734324 -0.0031890993886489155 -0.027163099321969753 -0.038166881082958765 -0.02226185250679652 0.01667175464816761 -0.0057130050835305394 -0.0015285931488968323 0.00080062159955190124 -0.002080483853903285 -0.013581215085521823 0.0015776856785156804 -0.027886507129487627 -0.015674019786485954 -0.0054161905723031584 -0.029427959419065911 0.00074572995392334016 -0.0010433958964810083 0.022096106739168665 -0.028943266595824291 0.010301801818995935 0.0031798651629480826 -0.02439645382232572 0.016356673182756673 -0.042580680837150386 0.010403193168634632 -0.021063924979846251 0.018342173126910648 -0.026189582422375679 0.0062594578336673899 0.016696645064853986 -0.0083712295815212764 -0.00062910350667132696 0.00015397388788001917 0.0003546134846797888 -0.030278515747111098 -0.05924774803613362 -0.0058476134812642314 -0.0018400750082472096 -0.018593358025535987 0.015510905302271318 -0.041903063561034015 -0.0015636139991390425 0.0016572174899604009 -0.02402901961771936 0.0036548600374624266 0.017956884286362974 0.015584885934519101 -0.018430478050651258 0.0014184266762850986 0.015922611257187406 0.019595685418362044 -0.04429742180910267 -0.016360530613655146 -0.0095048853827940007 -0.025436034742391336 0.030472163152641365 -0.011861032769454653 0.014889590169275971
leaf_weight=3220 157171 983287 337424 273878 115901 314 884 1500 907 643 141229 109590 78953 279 517934 634 753 36904 155 270397 258562 498 590 894 725 456 2069 119 433 2038 694 192 7215 3216 1371 235795 4704 3795 304 95 7974 1035 3285 434 254 231637 2576 1211 5334 577 3385 969 5802 931 2773 122 4628 1287 212 447 1005 3156
leaf_count=3220 157171 983287 337424 273878 115901 314 884 1500 907 643 141229 109590 78953 279 517934 634 753 36904 155 270397 258562 498 590 894 725 456 2069 119 433 2038 694 192 7215 3216 1371 235795 4704 3795 304 95 7974 1035 3285 434 254 231637 2576 1211 5334 577 3385 969 5802 931 2773 122 4628 1287 212 447 1005 3156
internal_value=-4.69711e-06 0.000431515 -0.00157777 -0.000157407 -0.00268804 -0.00247516 -0.00502909 -0.00634559 -0.00564313 -0.024501 -0.000987937 0.000378355 -0.000468149 0.00502256 0.00102036 -0.0065419 0.000551082 -0.00498654 0.00994345 3.06957e-05 -0.000494476 -0.00102174 0.00201055 -0.00251757 -0.0112328 -0.00213491 0.0127993 -0.000567067 -0.00586324 -0.0155499 -0.000475985 4.95001e-05 0.00686619 0.0142805 0.00392325 -0.000252302 -0.000900437 -0.00812418 -0.00191728 -0.00997978 -0.00963603 -0.00874474 -0.0145796 -0.00583474 -0.00696065 -0.0021057 -0.000300059 0.00195439 0.000485658 -0.00209461 0.00561424 0.000259542 0.0029187 -0.00835498 0.00972465 0.0169031 -0.0119514 -0.00100411 0.00825154 0.00546801 0.00434617 0.00616446
internal_weight=3.83476e+06 3.00224e+06 832516 1.50102e+06 416139 394356 46362 40993 39466 1527 588592 912427 416377 5369 1.50122e+06 21783 3973 37966 1062 638549 368152 3021 2707 2209 1315 347994 2348 431421 7294 2471 424127 282898 11994 3408 8586 270904 4823 17810 4099 13711 13616 12982 4320 8662 8228 347538 270210 34415 28944 19256 9688 6303 12764 2354 5471 2895 6492 1864 1143 10410 9963 8958
internal_count=3834756 3002240 832516 1501019 416139 394356 46362 40993 39466 1527 588592 912427 416377 5369 1501221 21783 3973 37966 1062 638549 368152 3021 2707 2209 1315 347994 2348 431421 7294 2471 424127 282898 11994 3408 8586 270904 4823 17810 4099 13711 13616 12982 4320 8662 8228 347538 270210 34415 28944 19256 9688 6303 12764 2354 5471 2895 6492 1864 1143 10410 9963 8958
is_linear=0
shrinkage=0.05


Tree=56
num_leaves=63
num_cat=0
split_feature=0 0 0 10 13 10 2 4 0 10 4 0 1 7 0 2 10 2 10 1 2 2 11 4 4 9 0 0 2 8 4 4 1 4 2 2 2 2 4 0 8 1 8 4 10 8 10 10 8 0 8 1 4 13 7 0 3 4 10 11 13 2
split_gain=964.088 269.189 203.809 125.901 123.597 183.217 139.647 134.283 143.549 126.459 120.54 115.289 137.357 109.276 104.49 101.202 140.404 121.324 96.0318 136.896 173.812 174.696 160.467 159.941 139.907 181.469 136.519 144.934 112.851 108.684 99.6606 225.45 113.11 97.4174 238.9 154.266 197.557 133.115 148.285 130.067 129.69 101.048 147.464 95.6286 94.3057 94.179 101.908 98.6876 100.313 126.666 148.974 97.3435 93.782 93.7476 92.511 95.6575 92.2091 88.5272 118.341 86.5627 84.6051 83.7603
threshold=0.0018620153782140318 0.001303203632956579 0.0027966766662306602 11.125000000000002 2.2500000000000004 15.29166666666667 -0.021163970903416367 36.038728038306338 0.0025563902252238261 14.958333333333334 48.945783044193469 0.001008675399579 69.536062509412531 6.4800415811028258e-05 0.0020480431337254238 -0.23105312835107442 13.625000000000002 -0.24098185384994153 14.208333333333334 71.65879873656769 -0.027798695973169814 -0.04459880107107117 0.92447856219119073 24.412337331563453 20.147450153926325 -0.00051095719478872501 0.0018985094982703025 0.0020723286934552694 -0.2280607228569389 0.0063627431841676079 10.903502431973239 13.165018250757321 61.071988354001761 17.809689794988415 0.042295401620995633 0.050903612227918775 0.045727579404700874 0.080625681865062998 22.706903164333479 0.0027387925226237645 0.0045199612382916523 62.5563654936145 0.0026796480782312099 63.128626268424064 14.458333333333334 0.0013667609108833332 11.54166666666667 14.708333333333334 0.0014348427655657325 0.001502174174777132 0.001427909365555905 28.924502678685879 52.926577624567109 3.2500000000000004 -0.0029350784369428502 0.0020156721888854958 0.0028654088957339647 17.507351763408177 12.875000000000002 0.11363636363636424 2.2500000000000004 0.035547764437456657
decision_type=2 2 2 2 2 2 2 2 2 2 2 2 2 2 2 2 2 2 2 2 2 2 2 2 2 2 2 2 2 2 2 2 2 2 2 2 2 2 2 2 2 2 2 2 2 2 2 2 2 2 2 2 2 2 2 2 2 2 2 2 2 2
left_child=1 11 3 -2 9 13 7 54 14 -5 -10 12 57 -6 -9 16 17 -15 -17 20 21 24 23 -21 28 -26 -27 -28 -20 56 -22 32 -32 34 39 36 41 40 -39 -33 -37 42 -35 -43 -30 46 -3 -47 49 59 51 -51 -38 -50 55 -7 -29 58 -1 -49 -61 -13
right_child=2 45 -4 4 5 6 -8 8 10 -11 -12 61 -14 15 -16 18 -18 -19 19 22 30 -23 -24 -25 25 26 27 29 44 -31 31 33 -34 35 -36 37 52 38 -40 -41 -42 43 -44 -45 -46 47 -48 48 53 50 -52 -53 -54 -55 -56 -57 -58 -59 -60 60 -62 -63
leaf_value=-0.026395420084261902 -0.00041193986697825194 -0.001765365864833255 0.0011693190835979368 0.00011734283514460912 0.0001973315905489418 -0.023445674794930239 0.001674475704959085 -0.019689704177619741 -0.030338023480504857 -0.0030712117000885599 0.025511860410714973 -0.0024013940584868077 -0.028100007882824653 0.0087134568923068739 0.015064561345616408 0.0011954717374975019 -0.009720973642906524 -0.005001938185650247 -0.025312845446169376 -0.024678217946840178 0.020600164407848294 0.018015588875645722 -0.031569171852535674 0.001214833600477529 -0.029957438408781963 0.020446877190736366 -0.0070152903441189178 0.0022589309846444009 0.0010480153102565696 -0.034968935486711102 -0.020831859890681582 0.019614548613550466 0.023550291724924774 0.0011054361951058252 -0.0053776469012459284 0.012585661245793175 -0.025912777989166948 -0.014020237880171019 0.0077559146367725028 -0.043143454825176918 -0.019509717625182672 0.0089631175928210523 -0.011380599704478788 -0.026832214306075564 0.015887100990267768 -0.0007983507509321064 5.9533714302136924e-05 0.0019950858623750747 -0.0030546225392796235 -0.02631526958649627 -0.021308565737841571 0.0025204721633094855 0.030605452837823312 8.1978515451859167e-05 0.013739189493493599 0.0069951561111518375 0.012986609617563394 -0.0021489075650024422 -0.0059914473231468066 -0.0065887478454825805 -0.024734263294195261 -5.7065002328179828e-05
leaf_weight=736 495488 90905 976368 280242 333547 333 13140 278 578 34977 116 204343 621 3134 974 196383 4675 3321 200 649 702 3434 450 7358 409 1133 3093 5221 1350 162 1478 2876 159 8474 1777 5742 1035 1394 1780 85 333 3529 3280 197 5175 433531 482819 620 71348 313 920 4507 79 35763 8113 1147 3250 21486 20621 970 1902 46834
leaf_count=736 495488 90905 976368 280242 333547 333 13140 278 578 34977 116 204343 621 3134 974 196383 4675 3321 200 649 702 3434 450 7358 409 1133 3093 5221 1350 162 1478 2876 159 8474 1777 5742 1035 1394 1780 85 333 3529 3280 197 5175 433531 482819 620 71348 313 920 4507 79 35763 8113 1147 3250 21486 20621 970 1902 46834
internal_value=4.42934e-06 -0.00103051 0.000611554 0.000233699 0.000571951 0.000976091 0.00519907 0.00921269 -0.00276303 -0.000236462 -0.0210029 -0.0023757 -0.00475332 0.000804074 0.00734756 0.00154724 -0.0031221 0.00165709 0.00174622 0.0034152 0.00430551 0.0075974 -0.00251668 -0.000883904 0.00580797 0.00283018 0.00387304 0.00227163 0.011683 0.00559891 0.00196288 0.00155679 -0.0165211 0.0025245 0.00911527 0.00131616 -0.00156791 0.00649059 -0.00180803 0.017813 0.0108264 -0.000104393 -0.00237884 0.00707056 0.0128169 -0.000677765 -0.000229617 -0.00114535 -0.00243838 -0.00743929 -0.00287122 0.000647944 -0.0219048 -0.00200735 0.011642 0.000145969 0.00637473 -0.00441491 -0.0066946 -0.0149481 -0.0186057 -0.00196427
internal_weight=3.83586e+06 1.41824e+06 2.41762e+06 1.44125e+06 945762 630543 24679 11539 1946 315219 694 294641 43464 605864 1252 272317 11130 6455 261187 64804 56347 23427 8457 8007 19993 13268 12859 11726 6725 8633 32920 32218 1637 30581 4738 25843 16594 9249 3174 2961 6075 15480 11754 3726 6525 1.1236e+06 573724 549874 116343 9232 5740 4820 1114 107111 9593 1480 8471 42843 21357 3492 2872 251177
internal_count=3835857 1418239 2417618 1441250 945762 630543 24679 11539 1946 315219 694 294641 43464 605864 1252 272317 11130 6455 261187 64804 56347 23427 8457 8007 19993 13268 12859 11726 6725 8633 32920 32218 1637 30581 4738 25843 16594 9249 3174 2961 6075 15480 11754 3726 6525 1123598 573724 549874 116343 9232 5740 4820 1114 107111 9593 1480 8471 42843 21357 3492 2872 251177
is_linear=0
shrinkage=0.05


Tree=57
num_leaves=63
num_cat=0
split_feature=0 0 10 2 2 0 1 2 10 13 10 2 10 13 0 4 4 4 2 2 4 0 2 2 1 0 4 2 2 5 11 8 1 1 3 2 13 11 13 1 1 7 4 8 2 4 10 4 1 7 7 2 1 0 3 2 10 4 3 4 3 9
split_gain=889.177 319.217 151.616 258.237 201.178 158.173 141.183 135.964 134.254 127.941 200.683 140.143 137.636 122.741 121.876 123.862 123.266 120.604 107.014 117.095 120.14 95.8036 92.8319 406.993 131.298 93.2597 178.789 152.469 179.83 192.823 130.098 128.792 117.883 124.831 117.618 139.608 103.175 98.4507 93.1032 90.4131 94.8617 88.7512 88.2112 86.4356 86.3622 154.214 96.3253 85.4832 97.6337 108.778 101.313 116.289 120.377 160.353 201.107 97.3106 93.6766 106.516 90.1068 88.2529 105.813 117.449
threshold=0.0015488224211048101 0.0023765010702893178 14.958333333333334 -0.12732775897858731 -0.10064734988302491 0.001008675399579 27.396294175520435 -0.22441624292836806 11.458333333333334 2.7500000000000004 15.29166666666667 0.13385620961730396 15.125000000000002 2.7500000000000004 0.0012701775808214341 23.490634895443904 15.928071718884025 19.953085664478046 -0.09450313933816494 -0.083535810942022407 10.903502431973239 0.0054811788933351487 0.069411781337801945 0.064899025931300161 55.377348774965739 0.0012019726205368868 23.591792104443964 0.046298878447835694 0.0059260752155403185 1.7546885978649909 0.74545454545455259 0.0017241379310344517 57.49987441977472 30.35583150956047 0.0009574598996986832 0.011976483194814183 2.7500000000000004 0.66666666666677032 2.2500000000000004 41.297284389733129 57.011694091523445 0.0014536141455494536 16.983919755844287 0.0013499163974152568 0.12403346632871261 15.928071718884025 14.958333333333334 36.038728038306338 34.823060601063915 -0.0017817973225838777 0.00086738051784074355 0.061716339121268733 60.668178326613038 0.0013319240144357202 0.00037977477004819468 -0.016330216714782193 15.208333333333334 12.395248237452579 0.0043837167166292179 32.595651866912966 0.00037977477004819468 0.00043994720633523042
decision_type=2 2 2 2 2 2 2 2 2 2 2 2 2 2 2 2 2 2 2 2 2 2 2 2 2 2 2 2 2 2 2 2 2 2 2 2 2 2 2 2 2 2 2 2 2 2 2 2 2 2 2 2 2 2 2 2 2 2 2 2 2 2
left_child=2 8 5 7 14 -1 -6 -4 -2 12 44 42 -10 -9 16 -16 -5 -18 -8 -20 -21 -3 23 25 -25 26 27 28 29 30 -22 39 33 -28 35 38 -35 41 -30 -31 -41 -34 -12 -37 -11 -46 -47 48 49 -27 59 52 53 -52 -55 -49 -56 -58 -53 60 61 -50
right_child=1 21 3 4 6 -7 18 13 9 10 11 -13 -14 -15 15 -17 17 -19 19 20 22 -23 -24 24 -26 47 32 -29 34 31 -32 -33 37 36 -36 43 -38 -39 -40 40 -42 -43 -44 -45 45 46 -48 55 50 -51 51 58 -54 54 56 -57 57 -59 -60 -61 -62 -63
leaf_value=-0.0044143329489149032 -0.00081899604018676505 0.00081171797679862082 -0.012472024720428481 0.018091235481775724 -0.015826536425630516 -0.0010902660011732112 0.016132994505862832 0.00015631687643678012 -0.00011745785715815568 0.00059777798769093411 0.012070013011361043 -0.032990611743826406 -0.0029864306962498702 0.011586351860715646 -0.03196954553722095 -0.0059916511598703233 -0.028337992737464096 0.0060972402310041788 -0.02820508786715752 0.01227355507703928 0.017244257294494688 0.0026566448366206682 0.0049098005036019516 -0.035062011848630864 0.0013495535053164754 -0.005389435238419003 -0.031353087070955334 0.0067383502412030078 -0.00791038939918297 -0.0022059318839538437 -0.01926781993429616 0.0043857009263382745 -0.023052965686345607 -0.0021371245864170345 -0.036198379468350188 0.0050578649741052934 0.011810204371055117 0.0071460107741181545 -0.048979262726894325 -0.023902272195154395 -0.0054246410390660889 0.00095221043928809797 0.0041633761285108407 -0.019844939856600942 -0.015740768892774187 0.0015135245787390719 -0.024024003550823153 0.00042026041375834556 -0.0017214543094919107 0.014022352148962143 0.0094804674046101919 -0.024254109477962221 0.0087471169101327496 0.0059899992470591086 -0.0064144400554569901 -0.014934801271065355 0.021534157109260561 -0.026701744549130269 0.022694519485036535 0.012633927386637414 -0.01029766403754105 -0.016577740641562099
leaf_weight=38001 474305 1417366 1133 416 2402 614416 687 4704 518133 532244 4348 237 45473 4691 1442 673 614 434 484 1183 1048 74042 2939 1374 302 1144 249 1143 207 988 318 970 1273 2639 1050 732 2665 629 414 2753 929 552 18696 665 2249 5283 397 1675 17772 1955 2448 689 4606 2278 2234 2687 125 1356 120 758 6307 1438
leaf_count=38001 474305 1417366 1133 416 2402 614416 687 4704 518133 532244 4348 237 45473 4691 1442 673 614 434 484 1183 1048 74042 2939 1374 302 1144 249 1143 207 988 318 970 1273 2639 1050 732 2665 629 414 2753 929 552 18696 665 2249 5283 397 1675 17772 1955 2448 689 4606 2278 2234 2687 125 1356 120 758 6307 1438
internal_value=3.87729e-06 0.000376947 -0.00154965 -0.00346993 -0.00444137 -0.00128388 -0.00389713 0.00389021 -0.000113274 0.000183717 0.000716512 0.00526181 -0.000348933 0.00586343 -0.0160268 -0.0237033 -0.00493673 -0.0140776 -0.00350878 -0.00369338 -0.00353 0.000903311 -0.00379173 -0.00416511 -0.028501 -0.00355467 -0.00649382 -0.0105678 -0.0125313 -0.00811061 0.00874437 -0.0121929 -0.000786632 0.00324643 -0.0226264 -0.0155646 0.00487072 -0.00991278 -0.0352896 -0.0156364 -0.0192402 -0.0157922 0.00565522 -0.00679637 0.000520613 -0.00465917 -0.000271405 -0.00236745 -0.00169433 0.00685646 -0.00235464 0.00110488 0.00224549 -0.00130225 -0.00570673 -0.00903849 -0.012879 -0.0226305 -0.0172902 -0.004179 -0.00467844 -0.00283355
internal_weight=3.83548e+06 3.09277e+06 742711 90294 79766 652417 76187 10528 1.60136e+06 1.12706e+06 563454 23281 563606 9395 3579 2115 1464 1048 73785 73098 72614 1.49141e+06 71431 68492 1676 66816 19224 11217 10074 7006 1366 5640 8007 5553 3068 2018 5304 2454 621 4670 3682 1825 23044 1397 540173 7929 5680 47592 43230 3099 40131 13856 13047 8441 5993 4362 3715 1481 809 26275 25517 19210
internal_count=3835484 3092773 742711 90294 79766 652417 76187 10528 1601365 1127060 563454 23281 563606 9395 3579 2115 1464 1048 73785 73098 72614 1491408 71431 68492 1676 66816 19224 11217 10074 7006 1366 5640 8007 5553 3068 2018 5304 2454 621 4670 3682 1825 23044 1397 540173 7929 5680 47592 43230 3099 40131 13856 13047 8441 5993 4362 3715 1481 809 26275 25517 19210
is_linear=0
shrinkage=0.05


Tree=58
num_leaves=63
num_cat=0
split_feature=0 12 0 12 0 0 9 12 9 8 10 13 3 11 10 2 0 0 7 7 10 3 2 2 11 2 4 0 1 3 7 2 2 4 4 7 2 4 10 10 1 2 2 4 2 2 2 10 2 8 3 3 2 4 2 9 1 4 1 2 2 3
split_gain=820.552 576.344 177.358 163.88 128.966 107.889 100.534 94.8155 81.5436 80.8925 80.5116 99.7834 79.8609 83.0398 78.7224 108.657 104.107 100.257 87.4171 80.5667 83.186 98.5565 130.994 149.633 119.055 116.18 106.737 89.5252 145.712 88.2651 87.2766 136.711 86.2526 84.7855 82.8864 99.5103 80.274 77.6318 93.5078 111.877 85.2216 135.128 92.7078 124.27 122.421 111.023 89.3213 96.947 95.8002 88.7363 79.7562 77.6128 75.349 95.4102 94.7712 74.57 74.1237 111.755 85.9363 102.735 109.374 101.54
threshold=0.0020723286934552694 1.3750000000000002 0.0014875953953294139 1.1250000000000002 0.0012019726205368868 0.0039644852554345843 0.0014231511861844156 1.8750000000000002 -0.00096080485292384993 0.0016867676624146542 15.375000000000002 2.2500000000000004 0.0010872829407929544 0.040000000000065948 14.958333333333334 -0.17136653286530787 0.001322724205168039 0.00091973830483267518 -0.00070706093693956296 0.00098483255719827877 14.29166666666667 -0.0028800985523281162 -0.10807467754618759 -0.081527357574765369 0.72340425531917896 -0.20876839306415548 10.618155084203174 0.0012818299446718867 48.599782863657836 -0.0046451846938111241 -0.0010372280104760099 -0.06362957987855189 -0.06362957987855189 48.945783044193469 14.209841251995821 -0.00097555532530702027 -0.23497402227458938 35.395387502823475 11.458333333333334 10.29166666666667 41.12416375026104 0.020334009808867626 -0.13345089763804671 21.774720193195655 -0.19370320573681091 -0.12732775897858731 0.11081959178938204 12.54166666666667 0.10162391666240064 0.001427909365555905 -0.0035944545936750878 0.0043837167166292179 0.020334009808867626 27.316204468629707 -0.032857505708016273 0.00049188391539595623 18.537859523674644 56.476655219271855 23.180084802665373 -0.04367115076250571 -0.23105312835107442 -0.0040302131338157297
decision_type=2 2 2 2 2 2 2 2 2 2 2 2 2 2 2 2 2 2 2 2 2 2 2 2 2 2 2 2 2 2 2 2 2 2 2 2 2 2 2 2 2 2 2 2 2 2 2 2 2 2 2 2 2 2 2 2 2 2 2 2 2 2
left_child=1 2 8 -2 -3 9 37 -6 -1 -5 14 -12 13 -13 17 16 18 -10 -16 20 33 24 25 -24 29 34 -27 -28 -29 -22 31 -25 -26 36 -23 -36 -19 38 39 52 41 42 43 44 -40 -44 48 -48 -42 -43 -45 -17 53 -4 -55 -21 57 -39 59 60 -58 -62
right_child=3 4 6 5 7 -7 -8 -9 10 -11 11 12 -14 -15 15 51 -18 19 -20 55 21 22 23 30 32 26 27 28 -30 -31 -32 -33 -34 -35 35 -37 -38 56 40 -41 46 49 45 50 -46 -47 47 -49 -50 -51 -52 -53 -54 54 -56 -57 58 -59 -60 -61 61 -63
leaf_value=-0.030721991313932995 -0.00031311625255482059 -0.0017193192474309134 0.003745955603897773 0.0013577275914283865 -0.00043480633587368627 0.0018499857350772861 -0.014561248636027561 0.00049255535460544959 -0.010597723929457905 0.00050290682611234749 -0.0074944037798113068 -0.037034478236775879 0.027139127588053365 0.0080263345601153495 -0.020029201910927379 -0.0073596630051429197 0.021385709274171005 0.021790071455479572 0.00920102028993138 -0.0048698677994035953 -0.041960146380405801 -0.013311247610213576 0.016569459150141141 -0.028326070893822414 0.024973779983734817 0.027253926400118658 -0.022070275015226751 0.0053645808490400959 -0.025033650804990495 0.025657723240711802 0.0010602198387462149 -0.0031656288717769919 -0.034982352072130081 -0.013655358837998434 -0.020841246247291566 0.019294676818630913 -0.0029071469896415915 0.02542179674899156 0.008177748912330831 -0.0046975649961169576 -0.00072976338755464812 -0.010318882731058295 0.02555439530826006 0.0021290598008082387 -0.012718337958832399 -0.0001391500140575386 0.034380315428922989 -0.011328771581050062 0.01381789746257249 -0.0034479666341904712 -0.012342465484483079 0.029604158159736157 -0.0050120094285509096 0.0050410489175347802 -0.0095572450403464231 -0.020752872822563925 -0.036066124481814253 -0.008923824549048812 0.00031706436997430698 -0.022210772595223149 0.012168217262467453 -0.032770723431077724
leaf_weight=269 334077 116698 11845 376935 551569 253504 1448 550938 4195 1041334 1174 109 545 1649 464 20516 670 330 570 25551 51 487 1378 601 89 159 1891 1037 636 899 23950 5310 184 1840 190 825 110498 678 2455 47031 203478 8171 427 1172 981 27375 121 2809 1138 11059 5074 143 6544 1695 3231 761 182 364 63649 943 904 146
leaf_count=269 334077 116698 11845 376935 551569 253504 1448 550938 4195 1041334 1174 109 545 1649 464 20516 670 330 570 25551 51 487 1378 601 89 159 1891 1037 636 899 23950 5310 184 1840 190 825 110498 678 2455 47031 203478 8171 427 1172 981 27375 121 2809 1138 11059 5074 143 6544 1695 3231 761 182 364 63649 943 904 146
internal_value=-5.33016e-07 -0.000766437 -0.00202132 0.00069788 -0.000138696 0.000899912 -0.00141022 2.86091e-05 -0.00321099 0.000730094 -0.00317518 0.00436901 0.0104166 0.00523246 -0.00330426 -0.00610285 0.00603255 -0.00295822 -0.00391583 -0.00277682 -0.00233015 -0.000296664 -0.000764936 0.000460691 0.013665 -0.00809266 -0.0128283 -0.0146165 -0.00619147 0.0220277 -0.000282683 -0.00572381 -0.0154362 -0.00301034 0.0036456 0.0117815 -0.00283361 -0.00136279 -0.0016736 -0.00329363 -0.00124235 -0.00296003 -0.00121194 -0.00542561 0.00221178 0.000255467 -0.000772978 -0.00944113 -0.000648855 -0.00636748 -0.00962703 -0.0071038 -0.000461618 0.00131393 -0.00453408 -0.00532924 0.000192554 0.0134239 -1.68999e-05 -0.00979 -0.000282867 0.00591956
internal_weight=3.83495e+06 1.8291e+06 609891 2.00585e+06 1.2192e+06 1.67177e+06 402920 1.10251e+06 206971 1.41827e+06 206702 3477 2303 1758 203225 22363 1704 180862 1034 176667 150355 37687 36464 31239 1223 5225 3723 3564 1673 950 29861 5911 273 112668 1502 1015 110828 401472 334606 70346 264260 56714 37484 9682 3436 27802 207546 2930 204616 19230 6246 20659 23315 16771 4926 26312 66866 1042 65824 2175 1232 1050
internal_count=3834946 1829096 609891 2005850 1219205 1671773 402920 1102507 206971 1418269 206702 3477 2303 1758 203225 22363 1704 180862 1034 176667 150355 37687 36464 31239 1223 5225 3723 3564 1673 950 29861 5911 273 112668 1502 1015 110828 401472 334606 70346 264260 56714 37484 9682 3436 27802 207546 2930 204616 19230 6246 20659 23315 16771 4926 26312 66866 1042 65824 2175 1232 1050
is_linear=0
shrinkage=0.05


Tree=59
num_leaves=63
num_cat=0
split_feature=0 0 10 2 2 4 0 13 4 1 0 2 2 1 4 4 11 4 4 10 3 13 13 10 2 2 2 2 4 9 4 4 7 2 2 4 2 2 2 4 4 2 2 10 11 2 1 13 4 6 4 1 1 0 6 5 4 0 0 4 3 5
split_gain=723.646 224.53 135.847 289.878 211.471 180.626 165.434 155.578 143.582 138.468 136.571 112.768 120.185 110.787 163.428 141.712 112.561 93.9815 92.7212 92.8144 146.161 91.9983 87.6694 437.236 327.382 255.276 205.588 146.9 149.311 136.721 136.361 189.764 167.895 125.446 180.32 312.594 250.709 265.59 189.952 163.77 124.951 122.659 118.824 115.924 113.216 111.133 146.582 110.792 105.7 104.962 105.794 99.3337 99.4225 98.1085 98.1071 96.1021 94.1598 103.802 183.024 94.1176 182.984 117.009
threshold=0.0016272097149572227 0.002844408806028429 14.958333333333334 -0.12732775897858731 -0.10064734988302491 22.921810888801552 0.0012701775808214341 3.2500000000000004 15.928071718884025 50.114223728234386 0.0010731675828695995 -0.09450313933816494 -0.088497070528345226 29.390583850997711 49.582244864167485 36.500576092514116 0.099999999999940331 10.903502431973239 37.650365631684444 14.375000000000002 -0.004136164828175388 3.2500000000000004 3.2500000000000004 14.29166666666667 0.078860826294521152 -0.23752482284043752 -0.11905820546970869 -0.14216718775254636 19.270222189274687 0.00044743841535022083 36.945603729111419 24.750606929047994 -0.0019123559858983394 0.052191455803375093 0.040571181833472879 30.713427949339557 0.01652749037128683 0.025601267899382479 -0.023683604839015861 54.026762800348948 19.743520334858136 0.013455646140861194 0.089844685110525804 14.958333333333334 0.8611111111111095 -0.040256334163309003 31.084697653315484 2.2500000000000004 32.595651866912966 0.000502590284964466 37.200636872500297 36.942368135621912 46.278444260014332 0.0017566611837323434 0.00062557344667435466 1.9505051939972518 18.689758371966658 0.0018057180374147202 0.0019231534972400809 41.305782337493248 0.0057816316223094485 1.707743262581489
decision_type=2 2 2 2 2 2 2 2 2 2 2 2 2 2 2 2 2 2 2 2 2 2 2 2 2 2 2 2 2 2 2 2 2 2 2 2 2 2 2 2 2 2 2 2 2 2 2 2 2 2 2 2 2 2 2 2 2 2 2 2 2 2
left_child=2 22 10 7 5 6 8 -4 -5 -10 -1 -6 -13 -14 15 21 -17 -9 -12 -20 -21 -15 43 -24 25 44 27 28 -27 -30 31 32 -26 34 36 -36 38 -38 40 -39 -28 59 -33 -2 56 46 -42 -45 -47 50 -48 53 -53 -35 -37 -43 -25 -58 -59 60 61 -40
right_child=1 -3 3 4 11 -7 -8 17 9 -11 18 12 13 14 -16 16 -18 -19 19 20 -22 -23 23 24 30 26 33 -29 29 -31 -32 42 -34 51 35 54 37 39 41 -41 45 55 -44 47 -46 48 49 -49 -50 -51 -52 52 -54 -55 -56 -57 57 58 -60 -61 -62 -63
leaf_value=-0.0032389806720204751 -4.3728550855313511e-06 0.0010335893743410398 0.00022987209665071759 0.016485982172400038 0.015395298319396062 -0.00019143848948115365 -0.030536271582586472 -0.0421246018968051 0.009154177436315681 -0.037482201868090141 -0.00098066971103038885 -0.028330334332800407 -0.011423404279455138 -0.0038874379025457492 0.01545784372459107 0.0077835904240933923 -0.013126307857514658 0.012919141431682508 0.00014557181336982716 -0.025658371601555797 0.0063144652020585227 -0.00020059914280417762 -3.1662031423865005e-05 0.0081645210376658593 0.010846125777101234 0.013454489201003506 0.010120089338206156 0.016942086507308014 0.0050526703059411157 -0.017237288806751207 -0.028906774389901965 0.019558849049216741 -0.01347287235259971 0.028013455664857908 -0.009470635738012198 0.021476577253754861 0.01957868244270632 0.0055489798560587437 0.0029600237650439509 -0.034096240971196179 0.012144975950828144 -0.031840314349415255 -0.0017922298640228253 -0.0033528867406348835 0.033969459848271481 0.012986917528474078 -0.0037882969258995233 -0.00011316697271315157 -0.0016087018168350936 0.0040259393320335049 -0.022201529864805686 0.017292744987375465 0.006660696581863342 -0.0064245503804431156 -0.0035041499258769678 0.026787356020491801 -0.035078439583786432 0.029270811991174091 -0.015541425040067856 -0.0098273364577496775 0.024862051639786883 -0.0047454970314467528
leaf_weight=62873 1226182 929687 8489 428 796 1483 1888 79 251 435 676701 485 4073 50744 1185 732 5330 4217 50808 370 10534 25385 548181 520 840 5788 7898 4349 12505 728 603 1059 4576 235 6556 1281 4507 6717 10890 271 2055 510 1694 52719 144 3909 5613 52840 1817 3896 906 3205 7004 1724 567 81 523 258 1950 2536 736 8997
leaf_count=62873 1226182 929687 8489 428 796 1483 1888 79 251 435 676701 485 4073 50744 1185 732 5330 4217 50808 370 10534 25385 548181 520 840 5788 7898 4349 12505 728 603 1059 4576 235 6556 1281 4507 6717 10890 271 2055 510 1694 52719 144 3909 5613 52840 1817 3896 906 3205 7004 1724 567 81 523 258 1950 2536 736 8997
internal_value=9.28846e-06 0.000391712 -0.00122447 -0.00290662 -0.00387497 -0.0144677 -0.0215202 0.00415358 -0.00623973 -0.0204185 -0.00100195 -0.00333954 -0.00350913 -0.00337147 -0.00297813 -0.00324393 -0.0106014 0.0119069 -0.000811471 0.00104387 0.00522955 -0.00265807 9.29459e-05 0.000561499 0.00333004 0.00408003 0.0045152 0.00865172 0.00675619 0.00382641 -0.0059616 -0.00426788 -0.00970109 0.00333501 0.0025177 -0.00435089 0.00345875 0.0101151 0.00192366 0.00401151 0.0048684 -0.00131171 0.00642092 -0.000141246 -0.00941466 0.0025889 -5.89664e-05 -0.00173117 0.00835537 -0.00246695 -0.00634734 0.00801956 0.00999851 -0.0022934 0.013812 -0.023805 -0.0113363 -0.0150494 -0.0103052 -0.000737693 0.000380056 -0.000526001
internal_weight=3.83434e+06 2.92706e+06 907286 106000 93215 4485 3002 12785 1114 686 801286 88730 87934 87449 83376 82191 6062 4296 738413 61712 10904 76129 1.99737e+06 665629 117448 108676 105281 23370 19021 13233 8772 8169 5416 81911 69743 8404 61339 11495 49844 6988 26094 23750 2753 1.33174e+06 3395 18196 12470 105559 5726 10415 6519 12168 10209 1959 1848 591 3251 2731 2208 23159 20623 19887
internal_count=3834343 2927057 907286 106000 93215 4485 3002 12785 1114 686 801286 88730 87934 87449 83376 82191 6062 4296 738413 61712 10904 76129 1997370 665629 117448 108676 105281 23370 19021 13233 8772 8169 5416 81911 69743 8404 61339 11495 49844 6988 26094 23750 2753 1331741 3395 18196 12470 105559 5726 10415 6519 12168 10209 1959 1848 591 3251 2731 2208 23159 20623 19887
is_linear=0
shrinkage=0.05


Tree=60
num_leaves=63
num_cat=0
split_feature=0 12 12 0 0 2 12 10 13 2 2 2 2 3 8 2 2 2 4 2 4 0 5 1 0 4 0 2 3 5 1 4 4 2 4 2 2 4 2 2 2 10 5 4 0 1 4 1 10 1 10 13 0 10 4 11 3 4 6 10 2 6
split_gain=637.733 395.956 306.755 130.181 123.876 95.1406 92.2924 86.1769 244.197 223.608 219.8 268.372 155.246 129.613 106.791 104.568 205.584 192.834 146.024 120.884 115.744 120.744 104.084 101.915 101.728 101.534 99.1715 91.1503 90.4683 140.055 89.7125 84.4973 82.4378 81.3782 81.0196 106.194 87.9842 76.5623 75.9889 126.726 157.656 105.265 100.224 90.6409 76.2359 99.802 93.3099 86.8032 81.0997 86.2408 75.7423 109.015 75.6041 75.4497 82.8521 75.2309 77.936 81.0263 75.2034 74.0445 105.263 94.8185
threshold=0.0016726944873805833 1.6250000000000002 1.1250000000000002 0.0031425633854430608 0.0011879484712433218 0.072104743363384224 1.8750000000000002 14.29166666666667 2.7500000000000004 0.078860826294521152 -0.21865890067952651 -0.11905820546970869 0.059818832392579485 -0.0047957266701512168 0.0043010312238895947 0.039717916972281227 0.015781577077583226 0.024632448521805798 54.026762800348948 -0.023683604839015861 30.713427949339557 0.0026356608915881941 1.1627397690895032 52.877399021123431 0.0019231534972400809 37.200636872500297 0.0025338930482077817 0.03766394269380146 -0.00077681517301777581 2.1555455910850121 47.992737705052626 43.208929742909355 13.165018250757321 -0.20643638702681616 25.950090990225107 0.12403346632871261 0.10629896105001548 20.441400529640777 0.012812002228152932 0.0066720196311561529 0.0025781463208279531 14.79166666666667 1.707743262581489 27.316204468629707 0.0024573586913518492 47.026292237656953 42.919697510097357 62.5563654936145 14.458333333333334 40.643310482819636 15.375000000000002 2.7500000000000004 0.0020802182649020543 9.3750000000000018 18.293465946973985 0.15789473684211658 0.0014549641833746499 21.173544314682349 0.0011467020180510048 14.958333333333334 -0.19370320573681091 1.0000000180025095e-35
decision_type=2 2 2 2 2 2 2 2 2 2 2 2 2 2 2 2 2 2 2 2 2 2 2 2 2 2 2 2 2 2 2 2 2 2 2 2 2 2 2 2 2 2 2 2 2 2 2 2 2 2 2 2 2 2 2 2 2 2 2 2 2 2
left_child=1 4 50 6 5 -1 7 -4 -9 10 31 13 15 26 -14 16 19 32 22 37 28 -22 27 -15 -11 34 -12 -19 -17 -30 -27 -10 -18 -25 35 36 -26 -13 39 40 42 -42 -21 -43 45 -44 48 -47 -46 -50 52 -52 -2 54 -6 -56 -57 -58 -39 61 -61 -35
right_child=2 -3 3 -5 53 -7 -8 8 9 24 11 12 14 23 -16 20 17 18 -20 38 21 -23 -24 33 25 30 -28 -29 29 -31 -32 -33 -34 59 -36 -37 -38 58 -40 -41 41 43 44 -45 46 47 -48 -49 49 -51 51 -53 -54 -55 55 56 57 -59 -60 60 -62 -63
leaf_value=-0.003997040604295639 -0.0018320063480034674 -8.1741313182193885e-05 -7.9903316927979016e-05 0.0012820802955787816 -0.021080231853156189 0.018125076446461288 0.00085581450562268846 -0.00072706240522432426 -0.0048246312756793511 -0.015789640630891076 0.010928601181992442 0.0086354763886690479 0.011693948143463175 0.015405618329932334 -0.012505116064321723 -0.014082163511645096 -0.038649115120542463 -0.0011292379116105888 -0.03842758267807464 0.0034541022547038367 0.011135076847741492 -0.024916947964479717 0.010622559555351718 0.020448334757671799 -0.0053298128475850462 -0.043523565780084872 -0.022311629524479404 -0.04317232716333616 0.0025286368526850171 -0.019443485668549934 0.0057818080787058477 -0.041041097808727459 0.021555672433976193 -0.012222659507537863 0.0090010430918234154 -0.023941404648825656 0.018730561377324453 -1.921908460987453e-05 -0.019083694953616847 0.012139874734795296 -0.0020240175441583099 -0.039099945190364194 0.00053495700763695299 -0.010366071993851755 -0.041783383488655096 -0.020888644438937273 -0.049162903105890429 -0.0027708272177630333 -0.0055254258148305056 0.022427035040325588 -0.0019598570017103105 0.01195410449882864 -0.00043176487516713202 -0.0016636718987870964 -0.022738474032279188 0.011099282955185752 0.021219055811564129 -0.020320810327927274 0.0091607993953842903 -0.017913633857814359 0.014163255689210877 0.0056772596048619102
leaf_weight=79705 136483 506325 890369 571622 1033 489 712033 89076 5405 1852 393 6288 6379 7540 491 2358 58 1309 192 7262 1986 263 3547 989 1704 260 523 143 3542 912 143 166 2892 1076 1640 585 489 10457 602 1654 794 597 1948 508 75 1782 74 1051 444 729 2818 2813 328249 422800 409 890 150 540 2836 284 2572 2368
leaf_count=79705 136483 506325 890369 571622 1033 489 712033 89076 5405 1852 393 6288 6379 7540 491 2358 58 1309 192 7262 1986 263 3547 989 1704 260 523 143 3542 912 143 166 2892 1076 1640 585 489 10457 602 1654 794 597 1948 508 75 1782 74 1051 444 729 2818 2813 328249 422800 409 890 150 540 2836 284 2572 2368
internal_value=6.35471e-06 -0.00107029 0.000392495 0.00062558 -0.00205944 -0.00386215 0.000414829 0.000120993 0.00112455 0.00297437 0.00368655 0.00438115 0.00288279 0.0102026 0.00996444 0.00198688 0.00296879 0.0101641 0.004363 0.00138995 -0.00291587 0.00691912 0.00600648 0.0113301 -0.00582924 -0.00200292 -0.00805026 -0.00526985 -0.00616291 -0.00197037 -0.0260281 -0.00590378 0.020372 0.00711428 0.000188599 -0.00501385 3.52227e-05 0.00408962 -0.00162731 -0.00100615 -0.00243065 -0.0159114 -0.000515204 -0.0258902 -0.00523831 -0.00817687 0.00538896 -0.0141672 0.00862361 0.0118466 -0.000773148 0.00499095 -0.000842989 -0.00171994 -0.0095923 -0.00362597 0.00132151 -0.0112904 0.0019393 0.00502105 0.0109735 8.48342e-05
internal_weight=3.83497e+06 1.01234e+06 2.82262e+06 2.35226e+06 506016 80194 1.78064e+06 1.06861e+06 178238 89162 82489 76918 61173 15745 6870 54303 45242 8141 5191 37101 9061 2249 4999 14829 6673 4821 916 1452 6812 4454 403 5571 2950 7289 4418 2778 2193 19581 17520 16918 15264 1899 13365 1105 6103 4781 1322 2833 1248 1173 470363 5631 464732 425822 3022 1989 1580 690 13293 6300 2856 3444
internal_count=3834966 1012341 2822625 2352262 506016 80194 1780640 1068607 178238 89162 82489 76918 61173 15745 6870 54303 45242 8141 5191 37101 9061 2249 4999 14829 6673 4821 916 1452 6812 4454 403 5571 2950 7289 4418 2778 2193 19581 17520 16918 15264 1899 13365 1105 6103 4781 1322 2833 1248 1173 470363 5631 464732 425822 3022 1989 1580 690 13293 6300 2856 3444
is_linear=0
shrinkage=0.05


Tree=61
num_leaves=63
num_cat=0
split_feature=0 0 8 0 2 10 0 8 10 2 2 8 4 4 1 1 4 2 0 8 3 3 1 13 0 13 1 5 6 2 6 2 3 2 8 10 6 4 8 4 0 4 13 10 7 10 0 4 2 2 13 0 8 3 4 3 9 2 2 5 8 2
split_gain=614.059 220.254 131.432 105.748 147.077 97.7439 91.6304 99.4034 90.8885 128.942 171.8 159.308 148.236 149.458 262.362 175.966 147.017 146.408 142.805 118.584 115.228 181.951 112.744 110.516 93.8517 93.687 89.5303 98.3007 89.4581 89.3594 145.535 120.927 239.862 88.1379 87.5411 100.773 106.451 99.6867 86.3396 84.6952 82.8914 96.7376 81.6085 81.0751 87.7636 108.008 100.143 144.559 102.445 114.874 100.966 114.577 90.6884 98.1952 85.598 85.4401 85.2009 80.642 153.156 147.266 183.235 146.381
threshold=0.0021721640144523042 0.0014406773548415175 0.0030421769090454272 0.00091973830483267518 -0.029740890623773514 11.54166666666667 0.0039644852554345843 0.0025924088663644147 14.958333333333334 -0.12732775897858731 0.033120786178767493 0.0017511389048051299 11.649392683950319 23.704328198878709 44.421032127903864 30.35583150956047 14.085861700590652 -0.078949567861842804 0.0012564604715491368 0.001480606131706911 0.00084782112967279617 -0.00035861463423411064 26.286525683191645 2.7500000000000004 0.0013495331350436258 3.2500000000000004 60.248837346925242 1.6638751297500296 -0.00014136523691754552 0.060794178471247497 0.00043521151865710822 0.068463098413937981 -0.00031136946731592953 0.028848701644130798 0.0010825765325816492 15.04166666666667 -0.00074131098055879574 17.507351763408177 0.0009345794392523997 35.619356215946361 0.0030184250260551202 37.650365631684444 3.2500000000000004 13.29166666666667 0.00098483255719827877 14.708333333333334 0.0012150028078286152 15.168573889565758 0.020334009808867626 0.044397670418076886 2.2500000000000004 0.0010731675828695995 0.00076647196281868959 -0.00028817719400376626 19.953085664478046 -0.004136164828175388 0.00046232085067035545 0.010069300628684313 -0.052660970406740823 1.6407769702381358 0.00054078789009462272 -0.015800708370546163
decision_type=2 2 2 2 2 2 2 2 2 2 2 2 2 2 2 2 2 2 2 2 2 2 2 2 2 2 2 2 2 2 2 2 2 2 2 2 2 2 2 2 2 2 2 2 2 2 2 2 2 2 2 2 2 2 2 2 2 2 2 2 2 2
left_child=1 3 5 4 -1 -3 7 40 43 22 11 12 33 14 17 -15 19 -14 -19 -16 21 -17 -10 -23 -22 -24 27 -13 -26 30 -12 32 -31 -11 35 39 -37 42 -34 -7 41 -2 -38 -5 46 -46 47 48 50 -50 -45 -52 -53 -54 -47 -48 -56 58 -18 60 -60 -61
right_child=6 2 -4 8 -6 34 -8 -9 9 10 29 26 13 15 16 20 57 18 -20 -21 24 23 25 -25 28 -27 -28 -29 -30 31 -32 -33 38 -35 -36 36 37 -39 -40 -41 -42 -43 -44 44 45 54 55 -49 49 -51 51 52 53 -55 56 -57 -58 -59 59 61 -62 -63
leaf_value=0.0010281579993524441 0.00092862096205319439 -0.00088859856726691659 -0.0019624885266521018 -0.0019479052480230717 -0.0094200957454742811 0.00028614357554778553 0.0014727807875662326 4.2444533947693869e-05 -0.026706912212816465 0.01655354050938616 -0.00039675379706452686 0.015883401921155515 -0.04330285645193524 -0.020393154501969765 -0.0022887715192822121 -0.0057685704022968232 -0.023259037018487954 -0.0067037001379534741 0.01219371805240896 -0.026156327163064205 -0.014230061487715856 0.0014584120171136613 0.00010851402350325402 0.018653096323842808 -0.020532812122945433 0.011675653990779579 0.0090468415708675875 -0.0038725745855243301 0.0082647803620374497 0.014102297384095819 0.013600841778470069 0.0028581632299172714 0.0012187939438619276 -0.021365382694281065 -0.00016655042148011089 -0.023331226145157653 0.0089663593431389393 0.003848823653261817 -0.028086229029879718 0.0028298103864645248 0.0017787979685343143 -0.00047699682487303005 0.02878766701549523 -0.0013118970956117978 -0.0014898664765496715 -0.013305709182088921 -0.015194498435522613 -0.00025123174540620625 0.008161492641450897 -0.0054538713050643417 -0.014833165811179549 0.004177947648237517 -7.2726626954298639e-05 -0.013083007837851319 -0.00059590638120596458 0.00074252255650996205 -0.031477137390040953 -0.023632366637531304 -0.033961366852935486 -0.0059048066419178959 0.013794053242345561 -0.024106878593595275
leaf_weight=5266 536926 331740 106791 169976 9346 208081 303937 631994 311 970 5609 682 180 1360 3840 3514 2910 1989 2010 602 2457 1864 5219 1874 351 2634 2135 8203 1164 608 2776 2741 309 182 781265 310 1578 8437 1347 38832 193240 158551 774 6529 35074 3847 846 68945 2931 3286 5047 1944 2321 3866 3412 141840 239 2788 245 2623 1115 1908
leaf_count=5266 536926 331740 106791 169976 9346 208081 303937 631994 311 970 5609 682 180 1360 3840 3514 2910 1989 2010 602 2457 1864 5219 1874 351 2634 2135 8203 1164 608 2776 2741 309 182 781265 310 1578 8437 1347 38832 193240 158551 774 6529 35074 3847 846 68945 2931 3286 5047 1944 2321 3866 3412 141840 239 2788 245 2623 1115 1908
internal_value=1.62161e-05 -0.000586845 -0.000272959 -0.00146002 -0.00565466 -0.000141359 0.000680221 0.000521816 -0.00134138 -0.0030665 -0.00388988 -0.0053703 -0.00706598 -0.00768525 -0.0103488 -0.00340759 -0.0132575 0.000809093 0.00279463 -0.00552341 -0.00134947 0.00239984 0.00281898 0.0100788 -0.00819488 0.00398829 -0.000146937 -0.00235613 0.00159286 0.00108166 0.00423739 -0.00420522 -0.0127568 0.0105629 9.71624e-05 0.00089569 0.00555639 0.00638642 -0.0226181 0.000686186 0.000862713 0.000608176 0.0154892 -0.00108643 -0.000563707 -0.0026543 -0.000189053 -0.00144805 -0.00463101 0.000965082 -0.00639641 -0.00891552 -0.00524238 -0.00820231 -0.00810127 0.00064803 -0.00261744 -0.0162219 -0.0138744 -0.00923857 0.00519105 -0.0135697
internal_weight=3.83369e+06 2.00904e+06 1.47781e+06 531235 14612 1.37102e+06 1.82465e+06 1.52071e+06 516623 66520 58356 44966 33946 32794 20210 12584 16031 4179 3999 4442 11224 7252 8164 3738 3972 7853 11020 8885 1515 13390 8385 5005 2264 1152 1.03928e+06 258012 11099 10789 1656 246913 888717 695477 2352 450103 280127 42572 237555 94869 25924 6217 19707 13178 8131 6187 7498 142686 3651 11589 8801 5891 1360 4531
internal_count=3833691 2009043 1477808 531235 14612 1371017 1824648 1520711 516623 66520 58356 44966 33946 32794 20210 12584 16031 4179 3999 4442 11224 7252 8164 3738 3972 7853 11020 8885 1515 13390 8385 5005 2264 1152 1039277 258012 11099 10789 1656 246913 888717 695477 2352 450103 280127 42572 237555 94869 25924 6217 19707 13178 8131 6187 7498 142686 3651 11589 8801 5891 1360 4531
is_linear=0
shrinkage=0.05


Tree=62
num_leaves=63
num_cat=0
split_feature=12 0 0 0 10 4 2 1 6 2 0 4 10 5 2 2 13 4 4 0 11 1 5 10 0 2 1 9 10 4 2 2 5 2 2 2 5 2 2 2 0 2 0 2 2 2 2 2 2 10 10 1 4 1 7 1 1 2 2 10 2 4
split_gain=579.614 520.973 144.082 126.596 95.5099 118.316 113.533 142.309 106.109 91.5904 91.2613 88.6757 155.144 164.634 144.106 130.875 129.218 113.224 126.368 102.106 149.953 97.409 95.3571 113.874 108.283 88.6443 87.7258 87.6981 77.4613 78.8316 107.9 195.003 135.711 111.158 91.8763 109.502 121.509 103.514 213.985 132.738 92.3087 82.3182 86.2511 96.4919 88.432 82.1491 215.448 101.121 113.384 100.997 90.627 79.6668 92.4445 79.125 75.9452 75.5303 74.4585 70.7843 90.0512 105.312 139.716 136.978
threshold=1.6250000000000002 0.0018985094982703025 0.0012818299446718867 0.0022175511882742941 11.54166666666667 42.249574306859778 -0.052660970406740823 68.210752713774141 -0.0013053232736384699 -0.22441624292836806 0.0035173918394614738 18.886055350434791 14.54166666666667 0.33873660138775535 -0.2280607228569389 -0.040256334163309003 2.7500000000000004 10.903502431973239 12.893670438755665 0.003188815239166832 0.57142857142867587 40.805249997898571 2.0502778723538677 14.79166666666667 0.0023023736924603095 -0.2672375368403454 61.071988354001761 0.00044424700133270526 10.708333333333334 15.168573889565758 -0.074352058519507144 -0.19922441547276767 2.3289671859459955 -0.068085389591533568 -0.20876839306415548 -0.11076964249745493 2.1965902082624109 0.059818832392579485 0.052191455803375093 0.067589782958785607 0.0011562275561662904 -0.072081480832530659 0.00091973830483267518 -0.029740890623773514 -0.018841372472276779 0.040571181833472879 0.044397670418076886 -0.051499444382401741 -0.055907757554357611 14.54166666666667 14.04166666666667 44.6678078651913 11.42482873397125 46.652916835102317 -0.00087069389471872139 41.889084876719544 72.880496587930722 0.11081959178938204 0.00746983222867566 14.79166666666667 0.00090991971437818381 18.486126548560065
decision_type=2 2 2 2 2 2 2 2 2 2 2 2 2 2 2 2 2 2 2 2 2 2 2 2 2 2 2 2 2 2 2 2 2 2 2 2 2 2 2 2 2 2 2 2 2 2 2 2 2 2 2 2 2 2 2 2 2 2 2 2 2 2
left_child=1 2 9 -2 5 -4 -7 -8 -6 -1 11 12 27 -14 19 16 -16 -17 22 20 21 -15 23 55 -25 -10 -24 -3 -11 30 31 53 -33 -32 -31 -36 37 38 41 54 -41 -37 43 -43 -45 47 -47 48 51 -49 -48 -35 -53 -30 -39 -19 -18 58 59 -20 61 -61
right_child=3 10 4 -5 8 6 7 -9 25 28 -12 -13 13 14 15 17 56 18 57 -21 -22 -23 26 24 -26 -27 -28 -29 29 34 33 32 -34 45 35 36 -38 39 -40 40 -42 42 -44 44 -46 46 50 49 -50 -51 -52 52 -54 -55 -56 -57 -58 -59 -60 60 -62 -63
leaf_value=-0.0193739465600784 0.00024670540710222802 -0.00011598165916958696 -0.0032592142752348378 0.0010623819688068874 -0.0035821432271885829 0.018349493137987827 -0.0020664417451269046 0.01814526871046104 0.018363233838851179 -0.042216737166285073 0.00092486252239255991 -0.0004272996253460883 -0.033753433408481741 -0.00125685450234432 0.004596807096024458 0.02278010169433993 0.017446130944708232 0.029003158762403159 0.012716914130640881 0.016280092061200041 0.0053039082558825612 -0.037970067754010614 -0.026262572975728135 -0.012738427658413732 0.031456861893335984 -0.00086737576180774502 0.026791375251703487 0.0039831259532539477 0.0023409426289120903 0.0075088845044690841 -0.02308638260197372 0.0028901335134764788 0.02863044798784535 0.0078645854906684281 -0.0080990903721270945 0.0058071354209964163 -0.0067418269378023395 0.0083144050018460151 0.01296778264262928 0.015651497891393761 -0.0075200283461231534 0.0020888736994818702 -0.001325919009052094 -0.028067207183183829 -0.0077834950987605402 0.018616051642379543 -0.010027979673843905 -0.0064650440459047085 0.016693145673140845 -0.014845456333409685 0.0065697538872837276 -0.022344292927047482 -0.0029276229776852292 -0.01983592975001279 -0.024338622034316637 -0.019373480544039392 -0.038634886493285503 -0.010245846060310345 0.0087003214617579032 0.0021609842111150195 -0.030528811626620106 -0.041819819839377159
leaf_weight=863 1043627 157976 91154 874112 38192 1049 6246 1012 600 126 236528 736063 280 253 4417 688 4365 92 1120 329 576 632 829 215 390 476387 86 14223 582 2355 956 4316 581 1058 7961 3799 11526 204 2718 590 1583 1196 59995 863 1424 1187 3036 12705 782 5014 1128 828 2361 1302 1401 656 60 806 6789 2595 462 190
leaf_count=863 1043627 157976 91154 874112 38192 1049 6246 1012 600 126 236528 736063 280 253 4417 688 4365 92 1120 329 576 632 829 215 390 476387 86 14223 582 2355 956 4316 581 1058 7961 3799 11526 204 2718 590 1583 1196 59995 863 1424 1187 3036 12705 782 5014 1128 828 2361 1302 1401 656 60 806 6789 2595 462 190
internal_value=3.84407e-06 -0.000610818 -0.00164242 0.000618494 -0.0013201 -0.00273862 0.00297395 0.000751725 -0.00104623 -0.00313828 4.7541e-05 -0.000174612 0.000764615 0.0043781 0.00479598 0.00582665 0.0106467 0.00296975 0.00201195 -0.00888484 -0.0145517 -0.0274747 -0.00880904 -0.0003779 0.0157511 -0.000843186 -0.0212761 0.000222589 -0.0030318 -0.00299424 -0.00499429 0.000684878 0.00594407 -0.00631972 -0.00224463 -0.00249092 -0.00196751 -0.00122159 -0.000786459 -0.00928324 -0.00122863 -0.00134213 -0.00177 -0.00941929 -0.0154376 -0.00574928 -0.000175109 -0.00706049 -0.000803027 -0.00883648 -0.00553176 -0.0040246 -0.00796902 -0.0129851 -0.0201883 -0.0134234 0.0166857 0.00406361 0.00509745 -0.000503636 -0.00506385 -0.000839502
internal_weight=3.83544e+06 1.9177e+06 747080 1.91774e+06 614640 99461 8307 7258 515179 132440 1.17062e+06 934092 198029 25830 25550 23760 8842 14918 14230 1790 1461 885 2268 1353 605 476987 915 172199 131577 131451 35836 6781 4897 29055 95615 93260 85299 73773 69995 3778 2173 67277 63478 3483 2287 28099 5351 22748 5029 17719 4164 4247 3189 1884 1605 748 4425 11962 11156 4367 3247 2785
internal_count=3835439 1917700 747080 1917739 614640 99461 8307 7258 515179 132440 1170620 934092 198029 25830 25550 23760 8842 14918 14230 1790 1461 885 2268 1353 605 476987 915 172199 131577 131451 35836 6781 4897 29055 95615 93260 85299 73773 69995 3778 2173 67277 63478 3483 2287 28099 5351 22748 5029 17719 4164 4247 3189 1884 1605 748 4425 11962 11156 4367 3247 2785
is_linear=0
shrinkage=0.05


Tree=63
num_leaves=63
num_cat=0
split_feature=0 12 12 0 10 4 2 2 10 3 2 4 4 1 1 12 10 2 13 1 10 6 2 2 11 1 4 3 2 2 1 4 1 4 10 5 3 10 6 2 2 2 2 4 0 4 2 0 2 2 2 5 4 2 2 1 3 2 4 2 2 2
split_gain=535 310.101 245.662 117.5 96.3025 87.859 83.9909 204.38 137.597 162.959 127.358 105.766 95.6195 86.6638 79.9436 79.5395 76.5067 172.8 153.49 116.305 81.3365 97.36 95.6124 113.27 105.462 92.4924 104.429 91.8498 88.8265 125.516 154.595 116.81 113.159 103.471 106.485 101.009 109.675 98.1872 87.7846 76.2837 74.2147 89.4364 133.838 96.8632 118.991 72.9886 118.178 72.704 72.6863 89.1641 106.158 86.0994 82.3611 72.6748 79.7668 72.3782 83.8378 85.4985 78.2737 100.767 71.314 70.4474
threshold=0.0016340989071323934 1.3750000000000002 1.3750000000000002 0.0027966766662306602 14.54166666666667 22.195924651333168 0.073471868810149332 0.064899025931300161 14.54166666666667 -0.00042264922231487358 0.069411781337801945 34.391492430529212 30.267558171215388 29.390583850997711 54.952298024539679 2.2500000000000004 14.29166666666667 0.11081959178938204 3.2500000000000004 37.133156457446624 15.29166666666667 0.00034213858851395168 -0.2280607228569389 -0.027798695973169814 0.8611111111111095 64.739665479462317 57.743618866733996 0.00599484211163829 0.00746983222867566 0.027841359636806163 53.00273376830021 10.903502431973239 47.859667488876724 34.986227756517401 14.875000000000002 1.199944421389765 0.0022223449970948861 15.125000000000002 0.000502590284964466 0.0019445166147716013 0.10629896105001548 0.07667889064379553 0.052191455803375093 31.159681807412024 0.0018189120744760217 9.0703025878558439 -0.13584653847723804 0.0024899664101393497 0.13385620961730396 0.087754980944838648 0.064031022608156282 5.2157424184552719 27.46190298580964 0.072104743363384224 0.065846920043394597 32.619542528462055 -0.00090306691389524551 0.043819612687005759 14.694200108443278 0.031926564999184955 0.066789464457214245 -0.12974289593827013
decision_type=2 2 2 2 2 2 2 2 2 2 2 2 2 2 2 2 2 2 2 2 2 2 2 2 2 2 2 2 2 2 2 2 2 2 2 2 2 2 2 2 2 2 2 2 2 2 2 2 2 2 2 2 2 2 2 2 2 2 2 2 2 2
left_child=1 6 3 16 -3 -6 7 45 9 -9 -10 -8 -11 -13 -12 -4 -2 18 -18 -19 22 -22 24 27 -20 26 28 38 32 30 -30 -31 33 34 -25 36 -34 -35 -24 -36 41 42 43 55 -45 46 -1 -37 49 50 -5 52 -52 54 -7 -33 -57 58 -58 -60 -14 -48
right_child=2 4 15 48 5 53 11 8 10 12 14 13 60 -15 -16 -17 17 19 20 -21 21 -23 23 25 -26 -27 -28 -29 29 31 -32 40 35 37 39 47 -38 -39 -40 -41 -42 -43 -44 44 -46 -47 61 -49 -50 -51 51 -53 -54 -55 -56 56 57 -59 59 -61 -62 -63
leaf_value=-0.013318187666186497 -0.00094954832813402184 -4.4334153276232634e-05 0.00048233190908013009 0.00066087482461422119 -0.0025885757688863319 -0.00023556854105882385 0.00042002912519216099 -0.0159392123875082 -0.03089746884437396 0.011947854494427443 -0.028637826442718506 -0.039862323658806938 0.04243354360262553 0.020529445365212652 0.026823352683674209 0.0012212985832986537 -0.00053301433616090375 0.034633971845346785 -0.013412249502108998 -0.014605853001983663 0.014373585546823673 0.0012812939924723441 0.0045072387822738796 0.01579203262040877 0.040236028937660921 0.010393524505012732 -0.042969467174516968 -0.014021657340213978 0.0039650080571146142 0.041084246417719447 0.035183789527528923 0.030102004876007907 -0.0072361307707661865 -0.026785590058625349 -0.00090102268408029287 -0.026294134978976744 0.045155620897138447 0.027309423921131854 0.013657917152071231 -0.043007685368259746 0.039791452857332495 -0.012592146926350313 0.0092438111535872274 -0.035587825486871685 0.022397535297574947 -0.0023603147245439696 0.031772329247485395 0.0082813445887813687 -0.0056873013645455063 0.0042372763172176375 0.00069716654872689545 -0.040384421877562998 -0.004850075505482815 0.0070315680895331346 -0.012973288419377652 -0.022280196272561718 0.048891481771492044 -0.01392740672970577 -0.025368511957039527 0.016811315962436176 -0.014188009255066343 0.0073413658983881112
leaf_weight=627 531540 470621 1455498 278283 82517 57337 6930 2406 1294 1244 103 63 60 1041 176 485645 74345 126 1404 2487 3357 2461 7664 1247 98 2061 146 511 1189 167 595 111 998 495 1038 1255 111 101 3983 120 109 1527 2711 107 511 290768 353 173 4728 15661 11990 150 15141 3380 1256 1038 104 974 218 404 760 1798
leaf_count=627 531540 470621 1455498 278283 82517 57337 6930 2406 1294 1244 103 63 60 1041 176 485645 74345 126 1404 2487 3357 2461 7664 1247 98 2061 146 511 1189 167 595 111 998 495 1038 1255 111 101 3983 120 109 1527 2711 107 511 290768 353 173 4728 15661 11990 150 15141 3380 1256 1038 104 974 218 404 760 1798
internal_value=9.97541e-06 -0.0010392 0.000342363 -0.00030675 -0.000390987 -0.00152008 -0.00233533 -0.00247063 -0.0115727 -0.00709698 -0.0242912 0.00270981 0.0032104 0.0170832 0.00634844 0.00066721 -0.000697515 0.00047818 0.000776478 -0.0122315 0.00340853 0.00883558 0.00239555 0.00301863 -0.0099119 0.000444258 -0.000883041 0.00672626 -0.000481511 0.00238724 0.0143771 -0.000292861 -0.0055399 0.00103161 0.00565342 -0.0133133 -0.00199223 -0.0176185 0.00763656 -0.00526441 -0.00117717 -0.00175674 0.000921423 -0.00558622 0.012358 -0.00228325 0.0057829 -0.0221054 0.000467083 0.000557667 0.000369077 -0.00260744 -0.00239858 -9.73738e-05 -0.000508614 -0.00947865 -0.0110833 -0.00424656 0.00874125 0.00202803 -0.010045 0.0113507
internal_weight=3.83532e+06 922734 2.91258e+06 971439 615111 144490 307623 299589 6043 4470 1573 8034 2064 1104 279 1.94114e+06 645486 113946 111333 2613 36988 5818 31170 29668 1502 17510 15449 12158 15303 9765 1784 7981 5538 3001 2405 2537 1109 596 11647 1158 7814 7705 6178 3467 618 293546 2778 1428 325953 321225 305564 27281 27131 61973 58593 2849 2738 1700 726 622 820 2151
internal_count=3835316 922734 2912582 971439 615111 144490 307623 299589 6043 4470 1573 8034 2064 1104 279 1941143 645486 113946 111333 2613 36988 5818 31170 29668 1502 17510 15449 12158 15303 9765 1784 7981 5538 3001 2405 2537 1109 596 11647 1158 7814 7705 6178 3467 618 293546 2778 1428 325953 321225 305564 27281 27131 61973 58593 2849 2738 1700 726 622 820 2151
is_linear=0
shrinkage=0.05


Tree=64
num_leaves=63
num_cat=0
split_feature=12 0 0 0 12 12 1 10 1 10 0 4 13 10 0 4 4 4 0 3 3 4 4 4 0 0 1 7 9 8 7 11 10 13 6 4 10 4 11 1 10 4 9 9 0 0 7 10 0 8 3 10 7 0 1 0 8 10 4 10 1 4
split_gain=495.926 300.77 252.189 114.535 114.056 89.7768 71.9411 97.9107 67.4198 68.4043 65.5748 108.39 62.6125 150.11 70.0831 72.2635 60.5411 113.988 81.7971 76.9487 59.5006 59.3303 58.3489 80.2904 111.695 79.3058 68.7563 67.1536 61.5931 79.8738 56.8524 67.1845 55.9711 84.6693 54.5376 53.5977 66.9858 66.175 71.2221 63.139 60.2763 60.3793 51.6473 51.6014 51.2416 51.0879 52.3467 51.2279 50.885 54.5643 50.8688 50.7849 60.8515 59.4038 50.2406 50.212 55.9251 53.3394 61.3598 56.4528 53.496 89.5936
threshold=1.1250000000000002 0.0015565082277982408 0.0017011037494604525 0.003188815239166832 1.8750000000000002 1.8750000000000002 37.7100104126364 11.04166666666667 27.396294175520435 13.04166666666667 0.0022175511882742941 38.141116893721438 2.7500000000000004 14.29166666666667 0.0016726944873805833 11.839757314923306 10.903502431973239 12.739493144548344 0.0017421547678472178 0.00081954146950357482 -0.0033603994554249959 60.932501062670681 18.486126548560065 24.29354951541163 0.0026930789988567337 0.0030548627879438675 48.599782863657836 -0.0047544662531568962 -0.00040884309290589472 0.0022636575651901131 -0.0009410436361221296 0.66666666666670404 15.375000000000002 2.2500000000000004 0.00098978751483236337 27.316204468629707 14.625000000000002 16.983919755844287 0.16666666666664062 66.335932540582547 14.79166666666667 18.006246789293758 0.00095904203208934779 -0.00043898156277439774 0.0015854595510271252 0.0011192457152150077 -0.00038334874503637145 9.2916666666666696 0.0021721640144523042 0.0040041912437021017 -0.0028800985523281162 15.208333333333334 0.0014536141455494536 0.001763961580769025 47.372862492332359 0.0025448478105859628 0.0026109660574412876 14.375000000000002 10.618155084203174 12.708333333333334 24.957214642704582 60.932501062670681
decision_type=2 2 2 2 2 2 2 2 2 2 2 2 2 2 2 2 2 2 2 2 2 2 2 2 2 2 2 2 2 2 2 2 2 2 2 2 2 2 2 2 2 2 2 2 2 2 2 2 2 2 2 2 2 2 2 2 2 2 2 2 2 2
left_child=2 4 45 5 -2 6 8 48 20 -10 -11 -12 -9 21 15 -15 18 19 -16 51 -3 -14 25 24 27 -19 -27 -24 29 30 -29 -32 55 -34 -21 37 -37 38 -17 40 -39 44 -25 -38 -42 46 -1 -47 49 -8 -30 52 53 -18 -31 56 57 59 -59 -4 61 -61
right_child=1 3 32 -5 -6 -7 7 12 9 10 11 -13 13 14 16 35 17 22 -20 34 -22 -23 23 42 -26 26 -28 28 50 54 31 -33 33 -35 -36 36 43 39 -40 -41 41 -43 -44 -45 -46 47 -48 -49 -50 -51 -52 -53 -54 -55 -56 -57 -58 58 -60 60 -62 -63
leaf_value=-0.0093973728828621386 -0.0012946682938772503 0.0011694071277301408 -0.00057637221549010549 0.0011149771272367188 7.689963661359334e-05 0.00070684118022114296 -0.0011836175642772522 4.7286121200877094e-05 -0.00052806688150423744 -0.0014435785020045185 -0.0030006455519147866 -0.011789149864518782 0.00045621537245823 -0.021824995581156168 -0.01557408108640073 -0.0092192323309920853 -0.028643058634557007 0.0066422473188532177 0.018997538229693536 -0.040070168129981515 -0.009898191244788572 -0.0092429518545648938 -0.047733859794262132 0.0043787701067375898 0.0094613879457295397 -0.039396660055433005 0.0024315735109017365 0.01443970080483075 0.01606064872393588 0.0002860351171328392 -0.015698450418501538 0.01964016089544577 -0.004455112956431577 0.008739191414801107 -0.0099606755092220729 -0.0053012276727427247 -0.016460436582565307 -0.0003592765938642295 0.0089173897932902837 0.017615724882235922 0.011620526884992918 -0.0073722041679389312 -0.015233475541294852 0.01458889842591134 -0.034412277432588428 -0.016228063471701949 -0.0035132062787512465 -0.0025554422227171219 -0.00010037733681996359 -0.005809591580515275 -0.00057245457399964113 0.014580449310128875 0.02685926465401009 -0.0039680407762336858 -0.026540118759544956 -0.00015826596184254148 -0.0027525293491969445 0.019219124535548276 0.00088233784042513115 0.019426221885297398 -0.0027269303330460892 -0.02632676609827362
leaf_weight=5711 378873 45079 120222 545580 252651 807532 90231 357851 105673 38442 15747 4514 268701 390 201 711 293 16679 1150 252 1248 1586 78 34336 2743 175 224 414 476 231 644 170 1822 3655 373 823 146 3144 2268 313 72 3003 339 1603 377 688 11177 161558 187636 6859 13398 373 134 1456 714 206186 47711 464 27221 584 51919 131
leaf_count=5711 378873 45079 120222 545580 252651 807532 90231 357851 105673 38442 15747 4514 268701 390 201 711 293 16679 1150 252 1248 1586 78 34336 2743 175 224 414 476 231 644 170 1822 3655 373 823 146 3144 2268 313 72 3003 339 1603 377 688 11177 161558 187636 6859 13398 373 134 1456 714 206186 47711 464 27221 584 51919 131
internal_value=-2.2773e-05 0.000231481 -0.00129431 0.000472191 -0.000745951 0.000298479 2.6231e-05 0.000203059 -0.000813472 -0.00128829 -0.00265679 -0.00495866 0.000514996 0.000982524 0.00277992 -0.000631396 0.00336554 0.00317276 0.013854 -0.00657593 0.000871258 0.000399302 0.00357046 0.00275878 0.000133981 0.00611525 -0.0159141 -0.00145269 -0.00122773 -0.009055 -0.000645715 -0.00831815 -0.000674416 0.00434992 -0.0221008 3.19673e-05 0.00646185 -0.00164053 0.00458871 -0.00432643 -0.00536765 -0.00992917 0.00418703 0.011997 -0.0270306 -0.00288584 -0.00550305 -0.00261342 -0.000581195 -0.00151042 -1.79311e-06 -0.00227493 -0.00561378 -0.00810171 -0.0199826 -0.00073497 -0.00121395 -0.000847907 0.00118966 -0.00117425 -0.00253987 0.0110435
internal_weight=3.83496e+06 3.19591e+06 639049 2.56438e+06 631524 2.0188e+06 1.21127e+06 1.00057e+06 210703 164376 58703 20261 715841 357990 87703 12850 74853 73502 1351 2881 46327 270287 70621 53543 18868 17078 399 16125 16047 2173 1228 814 459915 5477 625 12460 2572 9888 2979 6909 6596 3452 34675 1749 449 179134 16888 162246 284726 97090 13874 2256 1883 1749 945 454438 248252 200541 27685 172856 52634 715
internal_count=3834955 3195906 639049 2564382 631524 2018802 1211270 1000567 210703 164376 58703 20261 715841 357990 87703 12850 74853 73502 1351 2881 46327 270287 70621 53543 18868 17078 399 16125 16047 2173 1228 814 459915 5477 625 12460 2572 9888 2979 6909 6596 3452 34675 1749 449 179134 16888 162246 284726 97090 13874 2256 1883 1749 945 454438 248252 200541 27685 172856 52634 715
is_linear=0
shrinkage=0.05


Tree=65
num_leaves=63
num_cat=0
split_feature=12 0 0 12 12 0 10 13 10 10 6 8 6 10 2 2 4 1 0 3 0 4 2 3 2 1 2 2 4 4 2 4 0 2 2 3 1 2 5 5 0 3 0 1 2 4 2 4 0 1 10 0 1 2 4 0 2 4 3 2 1 2
split_gain=454.386 273.201 225.055 100.556 98.3262 83.4482 90.6826 75.4788 174.155 111.275 81.674 83.1377 75.046 84.2037 204.283 209.338 164.357 107.17 99.9261 91.1925 86.596 83.3437 78.8071 121.526 102.816 153.377 85.8131 78.1017 116.841 110.625 105.234 182.291 149.649 146.815 170.571 131.931 128.898 104.424 101.335 96.8703 94.5178 93.8003 93.6075 85.6877 82.453 81.9625 82.1165 78.2524 76.6728 75.5645 104.165 70.777 82.3114 80.7762 70.1873 102.797 69.125 68.6693 67.5433 66.6454 76.1502 72.0454
threshold=1.1250000000000002 0.0015928053020944249 0.0017984622199474407 2.2500000000000004 1.8750000000000002 0.0026776302352125871 11.375000000000002 2.2500000000000004 15.29166666666667 15.208333333333334 0.00034213858851395168 0.00087183958151701034 -0.0011366159478484181 14.375000000000002 0.078860826294521152 -0.23752482284043752 21.451158083898957 41.889084876719544 0.0024573586913518492 -0.003135199855967948 0.0021992337936460036 11.176469268324473 -0.11905820546970869 0.0062305637139357575 -0.10472384960044245 43.324850715801283 -0.14216718775254636 0.052191455803375093 32.934801996275517 54.026762800348948 0.042295401620995633 30.713427949339557 0.0024176609200672076 0.01652749037128683 -0.026838307869113637 -0.00097317528634359278 51.39861763961418 0.021434127237760343 1.0713872664116504 2.1965902082624109 0.0023671124247985884 0.00599484211163829 0.0018913683882781931 45.187490510142432 -0.033769858956646234 36.945603729111419 0.0044765101697162588 54.026762800348948 0.001990163005483049 61.467793257262294 14.958333333333334 0.0021632176634864921 47.859667488876724 -0.10807467754618759 30.851600496596465 0.0025338930482077817 0.087754980944838648 59.195722398885337 -0.0045024462449590611 0.0044765101697162588 47.992737705052626 0.012812002228152932
decision_type=2 2 2 2 2 2 2 2 2 2 2 2 2 2 2 2 2 2 2 2 2 2 2 2 2 2 2 2 2 2 2 2 2 2 2 2 2 2 2 2 2 2 2 2 2 2 2 2 2 2 2 2 2 2 2 2 2 2 2 2 2 2
left_child=2 4 -1 5 -2 6 -3 9 12 -8 -10 -12 -9 57 15 17 21 18 -15 58 -19 -16 23 26 25 48 -17 30 43 -30 33 32 35 34 41 39 37 -35 45 -32 59 -26 -33 -29 -43 46 -36 -38 -24 -28 -51 52 -27 -53 -42 -56 -23 -14 -18 60 -40 -61
right_child=1 3 -4 -5 -6 -7 7 8 10 -11 11 -13 13 14 16 22 19 20 -20 -21 -22 56 24 -25 27 51 49 28 29 -31 31 42 -34 36 38 -37 47 -39 40 -41 54 44 -44 -45 -46 -47 -48 -49 -50 50 -52 53 -54 -55 55 -57 -58 -59 -60 61 -62 -63
leaf_value=-0.002552553536084736 -0.001135987072179742 -0.00054175292848605003 -0.00056544298223939289 0.0011061484430290155 7.906789658762075e-05 0.00073865750269642202 -5.2090607523885871e-05 -0.00088211358446969217 0.0074485878460869102 -0.0041909970777173388 -0.042143819287971215 0.0019635285258526054 0.00048951625856181221 -0.028469598659252394 0.037573273951494242 0.0049380025194007034 0.013328233705117152 0.0072964939880127465 0.030439032537814898 0.0052794517261443123 -0.015617569242227174 -0.024519272194688538 -0.014386032292738968 -0.014467460476914369 0.0059019072048222768 -0.043236994290902671 0.01619148612401243 0.016242509064867055 -0.011001289280011534 0.023907923665311602 -0.030503061205073151 -0.018388435759834041 -0.038561060205492048 0.017194321993823466 0.0075448477775883933 -0.0012854079315457237 0.016636646114919908 0.00015125428100793456 -0.0020563273963569132 0.0016219596395235577 0.014462032148369171 -0.018583894843470089 0.017580060672311319 0.0056395187586193336 0.018364263574282329 -0.0085483888528262511 -0.0084921352485517864 -0.0047030350212743524 0.020267823828546794 -0.019103375450770062 0.024812733251336629 0.016189695298671723 -0.014078960122566915 -0.034733346391182682 0.0075269226405251374 -0.037983711323012481 -0.009748675928883066 -0.0054663458506337718 -0.034047273984726741 0.0065470184093031477 -0.011215100075021481 -0.013236763912548381
leaf_weight=214260 415699 411436 425384 500475 277749 732621 268402 82077 13482 17285 108 9909 363201 934 79 15269 104 893 78 2804 766 1148 218 708 16128 303 3304 2747 1423 270 789 214 382 1095 5491 3549 4020 5015 3693 334 1078 707 1169 6220 192 1301 934 481 596 375 211 310 1203 104 381 184 2555 4905 272 1828 5888 615
leaf_count=214260 415699 411436 425384 500475 277749 732621 268402 82077 13482 17285 108 9909 363201 934 79 15269 104 893 78 2804 766 1148 218 708 16128 303 3304 2747 1423 270 789 214 382 1095 5491 3549 4020 5015 3693 334 1078 707 1169 6220 192 1301 934 481 596 375 211 310 1203 104 381 184 2555 4905 272 1828 5888 615
internal_value=-1.46108e-05 0.00022887 -0.00123106 0.000472241 -0.000649317 0.000313755 6.84819e-05 0.000361199 0.000692664 -0.000302508 0.00490774 0.00148798 0.000512095 0.000757412 0.00205698 0.00268585 -0.0061992 -0.0111058 -0.0239292 0.00217889 -0.00328348 -0.0132437 0.00310102 0.00587526 0.00230064 -0.00720109 0.006627 0.00269348 0.00661316 -0.00543396 0.00194019 -0.00407044 -0.00847199 0.00272929 0.00129142 -0.00601179 0.00793549 0.00320562 -0.00168077 -0.0209485 -0.00426812 0.00502573 0.0120144 0.0088877 -0.0106929 0.00289615 0.00521356 0.0143562 0.0109871 0.0132567 -0.00329058 -0.0149121 -0.0199454 0.00339743 0.00698042 -0.00729424 -0.0143278 0.000410155 -0.0209434 -0.00580516 -0.00768485 0.00156666
internal_weight=3.83536e+06 3.19571e+06 639644 2.50226e+06 693448 2.00179e+06 1.26917e+06 857731 572044 285687 23499 10017 548545 466468 98362 91400 6962 2671 1012 3180 1659 3782 88729 19867 68862 2734 19159 66128 10660 1693 55468 6437 5054 49031 38420 4672 10611 6110 21393 1123 13667 17027 1383 8967 899 7726 6425 4501 814 3890 586 1920 1506 414 1643 565 3703 368106 376 12024 9581 2443
internal_count=3835355 3195711 639644 2502263 693448 2001788 1269167 857731 572044 285687 23499 10017 548545 466468 98362 91400 6962 2671 1012 3180 1659 3782 88729 19867 68862 2734 19159 66128 10660 1693 55468 6437 5054 49031 38420 4672 10611 6110 21393 1123 13667 17027 1383 8967 899 7726 6425 4501 814 3890 586 1920 1506 414 1643 565 3703 368106 376 12024 9581 2443
is_linear=0
shrinkage=0.05


Tree=66
num_leaves=63
num_cat=0
split_feature=12 0 0 12 5 0 8 0 0 8 7 0 1 1 12 4 4 8 8 7 12 11 3 1 4 0 1 9 1 5 8 9 9 1 0 3 1 5 5 9 0 4 4 8 9 6 3 1 3 5 3 7 7 5 9 1 4 11 7 4 4 6
split_gain=430.39 248.351 180.925 133.877 69.2982 64.5621 64.0425 62.885 55.6826 66.8662 52.3672 52.3317 49.3739 56.1461 47.7356 52.8481 42.036 47.188 46.931 45.4343 41.3855 40.4596 40.3362 39.9431 39.682 61.7953 66.6971 48.774 42.4623 41.2338 39.8459 39.6224 39.3145 38.8109 43.1359 38.7409 50.2944 54.4293 43.1313 41.7534 40.1878 46.8325 57.5046 38.6104 38.5379 73.838 39.6281 56.4677 60.3135 39.411 43.4529 38.2773 51.0898 45.7337 42.7574 49.4973 60.7921 38.2442 38.1771 38.035 37.9449 37.6798
threshold=1.1250000000000002 0.0021288848598889063 0.0020156721888854958 1.6250000000000002 3.0909997662176165 0.0014480136312409306 0.0026269702276707752 0.0012150028078286152 0.0054811788933351487 0.0016867676624146542 0.00098483255719827877 0.0009643359574801752 56.387427882654535 57.011694091523445 1.8750000000000002 23.490634895443904 22.394658939754304 0.0066835698868683785 0.0016867676624146542 -0.001203912719357547 2.2500000000000004 0.37499999999992012 0.0010526669132951692 40.643310482819636 15.707534766516039 0.0009643359574801752 54.025209160033477 -0.00022212056442955127 53.489105475852163 3.465388856525196 0.00070804217913448717 0.00050226017076844748 -0.00037503516870402803 44.017360983078696 0.0021288848598889063 -0.00013839236188246243 53.364974454987809 1.0237893383641892 2.9116966203204342 0.00020033657347036707 0.0016199060362394918 42.583788807322428 24.29354951541163 0.00091495959164885753 0.00032108913964032598 0.00046522449597985466 -0.001625039921617408 29.908292714050585 -0.0034310750077996056 1.7823876518085882 -0.0017511392523639534 -0.00043761282336512991 4.9522114659139589e-05 2.5662249410221545 -5.7728389137112609e-05 52.483411233688152 20.663291881733933 0.41176470588237052 0.0068217433610768827 1.0000000180025095e-35 43.208929742909355 -0.0013424990172657412
decision_type=2 2 2 2 2 2 2 2 2 2 2 2 2 2 2 2 2 2 2 2 2 2 2 2 2 2 2 2 2 2 2 2 2 2 2 2 2 2 2 2 2 2 2 2 2 2 2 2 2 2 2 2 2 2 2 2 2 2 2 2 2 2
left_child=2 3 4 5 7 10 35 12 9 -3 24 -5 44 22 15 -11 19 18 -18 -4 -13 -15 -14 -21 25 30 27 29 -29 -27 -2 -6 -26 34 -25 40 37 43 39 -39 41 42 -7 -37 46 -46 47 48 -1 -49 -51 54 -53 -54 -48 56 -56 -36 61 -35 -23 -9
right_child=1 8 16 11 31 6 -8 58 -10 14 -12 20 13 21 -16 -17 17 -19 -20 23 -22 60 -24 33 32 26 -28 28 -30 -31 -32 -33 -34 59 57 36 -38 38 -40 -41 -42 -43 -44 -45 45 -47 51 49 -50 50 -52 52 53 -55 55 -57 -58 -59 -60 -61 -62 -63
leaf_value=0.017598320411311257 -0.0028400601929632788 0.0012269036392010121 -0.0010483290396909506 -0.0028146859395131708 -0.0049231775617607281 -0.00099105961100225495 -0.0021135667379068809 -0.0039965302275532704 0.0021469255361894666 0.00078809688818488877 -0.0035544269777931753 -2.1288925071603162e-05 0.021740018968430086 -0.0063942389777810098 0.00082659650729977052 -0.00013009759711805414 0.00028960326343127385 0.0019534269641582626 -0.0013817365850944394 -0.0035878476819429608 0.00067767115922316907 0.0038020284098301224 -0.01839824286225724 -0.0053116867905625255 0.002859463463384471 -0.0051975270277824026 -0.0063807127413129695 -0.00072044922196726929 0.010344886947026025 -0.029635083027317793 -0.013542196866224057 -0.016457366086071051 -0.00092634538100106367 -0.025101780868093518 0.010858192600315167 0.0035888523328788885 -0.00028961724907769953 0.0057597079537785511 -0.0052252186527544818 -0.00097835577065969207 -0.00028663973551479186 0.0032268255065734451 -0.0043707644347052493 -0.00014390510639872167 0.0082187957844337949 -0.015710727035569291 -0.00060372636091129148 0.012565881843419419 -0.014461475640842467 0.0028405438406743869 -0.038044934873195262 -0.0011532931901360537 -0.0081131650964986653 0.010515488431853959 -0.0088658396761489393 0.0035677788620309316 -0.020524834156914501 0.0024220550958204351 -0.020905294055624527 0.0010825044321005333 -0.03710810408510011 -0.001495696380994557
leaf_weight=180 1568 346292 36783 14501 12948 34972 51452 16131 61832 235126 27929 635165 439 2191 470120 469897 55550 14650 172218 4262 317712 2491 73 849 7369 3726 6964 32174 891 181 1953 790 98825 139 2803 8492 128809 12916 1213 2797 160931 4275 19662 37606 1279 431 1151 970 793 276 85 5697 7799 344 3412 516 1663 2580 258 62008 58 227252
leaf_count=180 1568 346292 36783 14501 12948 34972 51452 16131 61832 235126 27929 635165 439 2191 470120 469897 55550 14650 172218 4262 317712 2491 73 849 7369 3726 6964 32174 891 181 1953 790 98825 139 2803 8492 128809 12916 1213 2797 160931 4275 19662 37606 1279 431 1151 970 793 276 85 5697 7799 344 3412 516 1663 2580 258 62008 58 227252
internal_value=-5.63492e-06 0.000231266 -0.00119014 -0.000205579 -0.00212126 -0.000763724 -0.000450422 -0.0019472 0.000676061 0.000616284 -0.00156281 0.000166395 -0.00411336 0.000287434 0.000436346 0.000176121 -0.000430015 -0.000797196 -0.000974116 0.00038344 0.000211761 -0.00141164 0.0160172 0.00110844 -0.0012008 -0.00240278 -0.00189202 -0.00104653 -0.000422272 -0.00632965 -0.00877624 -0.00558645 -0.000663641 0.00140116 0.00516284 -0.000242558 0.000276685 0.0014341 0.00385902 0.0045603 -0.000695651 -0.00181301 -0.00220737 0.000543729 -0.00505306 0.00218744 -0.00559406 0.000624489 -0.00853058 0.00731711 -0.00678623 -0.00629018 -0.00478523 -0.0073262 -0.00937955 -0.0111862 -0.0126863 0.00681486 -0.00168183 0.00102394 0.00287116 -0.00166145
internal_weight=3.83442e+06 3.19535e+06 639069 1.61208e+06 287227 644705 463125 273489 1.58327e+06 1.52144e+06 181580 967378 29848 5252 1.17514e+06 705023 351842 242418 227768 109424 952877 4740 512 72641 153651 47457 43936 36972 33065 3907 3521 13738 106194 68379 6232 411673 191833 63024 16926 15713 219840 58909 54634 46098 24596 1710 22886 2304 973 1331 361 20582 13840 8143 6742 5591 5075 5383 243641 62147 2549 243383
internal_count=3834419 3195350 639069 1612083 287227 644705 463125 273489 1583267 1521435 181580 967378 29848 5252 1175143 705023 351842 242418 227768 109424 952877 4740 512 72641 153651 47457 43936 36972 33065 3907 3521 13738 106194 68379 6232 411673 191833 63024 16926 15713 219840 58909 54634 46098 24596 1710 22886 2304 973 1331 361 20582 13840 8143 6742 5591 5075 5383 243641 62147 2549 243383
is_linear=0
shrinkage=0.05


Tree=67
num_leaves=63
num_cat=0
split_feature=12 0 2 12 0 4 10 3 13 2 0 7 2 10 1 10 8 0 8 0 8 2 9 3 0 6 2 9 2 0 4 0 0 7 10 10 9 4 9 2 3 2 8 13 6 9 1 2 2 2 2 2 1 10 10 2 0 8 13 6 10 10
split_gain=379.751 311.385 116.363 113.517 88.0675 79.0278 88.3094 107.843 106.746 77.3614 76.1726 64.8967 81.2858 77.2913 66.0723 62.3048 60.5458 59.539 56.3133 64.7394 54.4194 113.639 85.4618 94.6564 83.4071 71.0585 70.5881 104.792 71.5185 68.1055 53.2824 52.9868 51.768 53.2275 56.7865 57.3307 70.0024 51.6671 50.8707 50.3887 49.3757 62.531 57.5116 48.5975 48.2874 104.25 71.5062 48.1182 48.0839 91.525 93.1028 76.4107 76.8211 89.9014 66.9835 99.5481 58.9402 79.8842 56.3959 55.6313 51.5195 50.823
threshold=1.6250000000000002 0.0020156721888854958 -0.2672375368403454 1.1250000000000002 0.0021721640144523042 20.542803473120568 15.208333333333334 0.0038892851962889843 2.7500000000000004 0.03766394269380146 0.0072247202833960441 -0.001203912719357547 -0.17456215524162158 12.04166666666667 53.243270434192318 9.9583333333333339 0.0042192881240532224 0.0012150028078286152 0.0016867676624146542 0.0039644852554345843 0.0025718546409997972 -0.088497070528345226 0.00043591979075849118 -0.0010702187331516732 0.0035920495584873626 -0.000436099333993134 0.008255279080316159 0.00040408734398441644 -0.009946234279656194 0.0028911156329929481 12.57488080516937 0.0033694166613884714 0.0014875953953294139 0.00098483255719827877 15.29166666666667 14.54166666666667 4.9504950495131115e-05 19.270222189274687 -1.0000000180025095e-35 0.058901742352866639 0.0033817222704283496 0.055507828413545554 0.0024296053825256844 2.2500000000000004 0.0053624994361495268 0.0010775865197177493 64.123641732909164 -0.024536438200905227 0.10629896105001548 0.055507828413545554 0.063211129322324866 0.065846920043394597 47.992737705052626 13.708333333333334 14.54166666666667 0.066789464457214245 0.0038236737695708498 0.0028875723810852893 2.2500000000000004 -0.0027136513055777685 11.458333333333334 12.875000000000002
decision_type=2 2 2 2 2 2 2 2 2 2 2 2 2 2 2 2 2 2 2 2 2 2 2 2 2 2 2 2 2 2 2 2 2 2 2 2 2 2 2 2 2 2 2 2 2 2 2 2 2 2 2 2 2 2 2 2 2 2 2 2 2 2
left_child=1 2 43 17 -2 6 11 8 -8 -9 18 12 -3 -14 -15 -12 32 -4 31 -20 21 29 23 24 37 -25 27 28 47 -10 -28 -7 33 -5 35 -35 40 -23 -36 -38 42 -42 -37 -1 45 48 -46 -22 49 -13 59 -52 53 -53 56 -56 57 -54 -55 -51 -58 -50
right_child=4 5 3 16 -6 10 7 9 20 -11 15 44 13 14 -16 -17 -18 -19 19 -21 26 22 -24 25 -26 -27 30 -29 -30 -31 -32 -33 -34 34 38 36 39 -39 -40 -41 41 -43 -44 -45 46 -47 -48 -49 61 50 51 52 54 58 55 -57 60 -59 -60 -61 -62 -63
leaf_value=0.00021344529565914657 0.00016561324393327039 -0.0041266048051554049 -0.0040956568724714879 -0.0010481698119758499 0.00084439978525375895 0.00030943822920213431 0.0014419025024056083 -0.031550877031527071 0.02950880088333814 0.020349809400578765 0.010131712950019233 0.00092541629832124301 0.0016391762233700599 -0.0021746762664754614 0.010271430896470134 0.00066960057259370185 -0.005142320344538427 -0.0017895087457777835 -0.00070479472360101224 0.0006160438305322758 0.014934781881226085 0.03979677575790954 0.032428948742022616 0.017447847774723076 -0.047684489667415619 -0.03108032047410671 -0.00572001805359667 -0.053329621684753296 -0.012939071277071376 -0.026696004470189411 0.035651878540972896 0.0036231585181432076 -0.0004003680076730387 -0.0023398389412075068 0.022884127882219132 -0.0095359329991257947 0.0026819910459699205 -0.0052311617772556052 0.0013037082272494126 -0.021287104365278465 0.022787369837363562 -0.023786313412258925 -0.030466630509504322 0.026681779332402636 0.0064455709744382795 0.0151017759557088 -0.010095672913039179 0.04237299874885795 -0.00072183781793651964 -0.034736615877885089 -0.0068733576371695334 0.0050441024562247151 0.0036537003146665651 0.0056928187243106831 0.039630157555021889 -0.018687828853726388 0.0052280847109317692 -0.0079997982776364544 0.029173107983884197 0.011885299860875238 0.022261193396982005 -0.01168795580432498
leaf_weight=258 1003923 12900 31433 173707 911887 170519 3719 304 530 94 3216 135718 39805 29026 1107 3790 8003 255345 492126 114321 906 167 139 91 50 441 88 59 197 60 673 12982 359272 21410 341 6055 2163 103 1371 244 240 103 347 529 945 1366 2117 194 5009 65 1817 2708 6727 377 82 680 1439 1882 795 4098 642 1339
leaf_count=258 1003923 12900 31433 173707 911887 170519 3719 304 530 94 3216 135718 39805 29026 1107 3790 8003 255345 492126 114321 906 167 139 91 50 441 88 59 197 60 673 12982 359272 21410 341 6055 2163 103 1371 244 240 103 347 529 945 1366 2117 194 5009 65 1817 2708 6727 377 82 680 1439 1882 795 4098 642 1339
internal_value=-9.09523e-06 -0.000506782 -0.00121253 -0.00123012 0.000488702 6.88433e-05 0.000828591 0.00606269 0.00742329 -0.0192929 -0.000177549 0.000665394 -0.000479701 0.000192967 -0.00171744 0.00501304 -0.000823821 -0.00204228 -0.000223584 -0.000455804 0.0134386 0.00641992 -0.00392333 -0.00985404 0.0116345 -0.0227794 0.0186803 0.0118406 0.0148051 0.0237931 0.0308677 0.000543871 -0.000762679 -0.00139462 -0.00325931 -0.00375571 -0.00706795 0.0226195 0.00560214 0.00025222 -0.00968021 0.00880169 -0.0106704 0.0180047 0.00123067 0.00134631 -0.00499068 0.0197739 0.0012313 0.00140376 0.00444994 0.00282168 0.00397064 0.0100511 0.00191055 -0.0124121 0.0029315 0.00110615 0.0216201 0.0111574 0.0104829 -0.00303495
internal_weight=3.83204e+06 1.91623e+06 860821 860034 1.91581e+06 1.05541e+06 258459 7815 7417 398 796954 250644 82838 69938 30133 7006 573256 286778 789948 606447 3698 1581 991 852 320 532 2117 1356 1297 590 761 183501 565253 205981 32274 30562 9152 270 1712 2407 6745 343 6402 787 167806 164744 3062 1100 163378 157030 21312 17149 15332 3880 11452 762 10690 8609 1172 4163 2081 6348
internal_count=3832044 1916234 860821 860034 1915810 1055413 258459 7815 7417 398 796954 250644 82838 69938 30133 7006 573256 286778 789948 606447 3698 1581 991 852 320 532 2117 1356 1297 590 761 183501 565253 205981 32274 30562 9152 270 1712 2407 6745 343 6402 787 167806 164744 3062 1100 163378 157030 21312 17149 15332 3880 11452 762 10690 8609 1172 4163 2081 6348
is_linear=0
shrinkage=0.05


Tree=68
num_leaves=63
num_cat=0
split_feature=0 0 8 1 10 7 2 2 2 10 8 1 5 1 9 10 8 8 8 2 1 0 10 1 8 0 2 13 10 2 2 10 8 2 6 3 0 2 2 0 2 0 1 3 0 8 2 6 2 1 2 11 8 2 8 5 0 13 7 1 10 13
split_gain=352.809 140.747 108.069 97.0629 116.333 115.254 92.5868 87.0755 84.2763 76.0687 71.4479 76.8971 82.9587 71.1226 68.6958 86.55 79.3465 88.0065 67.9989 74.8906 72.6231 67.9331 95.1088 76.588 72.6713 66.1718 104.819 65.2504 65.0766 64.0959 63.8686 79.6385 163.109 156.496 87.1478 86.9456 121.034 126.344 203.132 166.293 218.391 157.725 124.469 180.362 155.653 117.485 83.2529 79.2984 80.6872 78.8442 83.1664 77.8952 76.6392 78.5797 74.2704 74.1717 68.39 85.1811 67.5458 66.6522 65.6705 139.984
threshold=0.0021373369384087297 0.0012818299446718867 0.0030421769090454272 64.410624578430628 14.54166666666667 0.00058953179119813914 0.097167976504954609 -0.2672375368403454 -0.23497402227458938 11.458333333333334 0.003150639987318822 67.060492346547036 3.465388856525196 60.471961582968284 0.00015266010317168541 14.958333333333334 0.0017647635562493995 0.00095008313361034642 0.0010727878423886991 -0.23497402227458938 47.372862492332359 0.0057281893487555269 14.458333333333334 80.540046507860481 0.0016867676624146542 0.00091973830483267518 -0.029740890623773514 2.7500000000000004 14.958333333333334 -0.21633388016818658 0.036572867735513138 14.958333333333334 0.0017060003235186594 0.038593786266346533 0.0047281498199734937 0.0029416896510170696 0.002844408806028429 0.050298180056766333 0.082536545027541305 0.0022465747428557551 0.087754980944838648 0.002707418880394984 34.035165857399001 -0.0015587342438442909 0.0024899664101393497 0.0019529388242018615 0.14430943793656356 -0.0017734100080170066 0.043819612687005759 73.566741855555435 0.060794178471247497 0.20000000000003318 0.0017337998097055095 0.059818832392579485 0.0026417997610746267 1.707743262581489 0.0021803010672580979 3.7500000000000004 0.0036966758014196359 67.418747641336495 13.458333333333334 3.2500000000000004
decision_type=2 2 2 2 2 2 2 2 2 2 2 2 2 2 2 2 2 2 2 2 2 2 2 2 2 2 2 2 2 2 2 2 2 2 2 2 2 2 2 2 2 2 2 2 2 2 2 2 2 2 2 2 2 2 2 2 2 2 2 2 2 2
left_child=1 3 7 8 -5 -6 10 -3 -1 -9 11 12 -4 28 16 -16 17 -7 19 20 -11 24 -23 -24 -2 26 -10 -22 -14 -26 60 -32 -33 -34 35 36 37 42 52 -40 -41 51 -35 -44 45 -45 -43 -46 -49 55 -51 -42 -39 56 -38 -37 -54 -58 59 -57 -31 -62
right_child=21 2 6 4 5 14 -8 9 25 18 -12 -13 13 -15 15 -17 -18 -19 -20 -21 27 22 23 -25 29 -27 -28 -29 -30 30 31 32 33 34 -36 49 54 38 39 40 41 46 43 44 47 -47 -48 48 -50 50 -52 -53 53 -55 -56 58 57 -59 -60 -61 61 -63
leaf_value=-0.025523171772559486 0.0010383493458342025 0.010360303356999353 -0.0050597896833106115 -0.00068778478901112151 -0.029446224665522727 -0.0054495063049968713 -0.014654201629242872 -0.00090656811153211911 0.0010074198986288845 0.0022564772039268773 -0.0011891271993427315 0.0071002544293914385 0.0076518833887677237 0.0013250119501965181 -0.020394069535864725 0.02204954295607485 -0.00051737219738445697 -0.026027835781270953 -0.00025875845674676383 0.00047412942680019333 0.0058078276752913972 0.0018041706148431615 0.017210313143596292 -0.012569808553021597 -0.00088373917749401615 -0.0011194018702663608 -0.0079274905697893899 0.027427514647821782 -0.032211744596376143 0.00039611043977293782 2.6818532298851186e-05 -0.049861477412607359 0.015854107987935139 0.019336315560433651 0.01425332072955459 -0.0069303596067932715 0.011994156981153149 -0.050951538135608036 0.011260871312096099 -0.043775116629157139 -0.034574092959794474 -0.03565595701282278 -0.037230993674736576 -0.016988684111666458 0.026626881072297694 0.013317135797356661 0.025932974258407217 0.0048706803969510897 -0.038929708531269661 -0.017873484427550376 0.011506626689857474 0.0070515225295400665 0.019930212896677756 0.010931288770266943 -0.00018206764012575151 -0.037036687787371181 -0.0028289877225363374 -0.039592036740168146 -0.0076194161774704909 -0.01101035870305089 0.00047915983688529782 0.0034085005454510121
leaf_weight=360 409591 1956 9893 4192 801 924 1394 303992 5192 2397 89166 1139 119 310 180 361 1112 1187 908321 364192 699 58143 1624 249 108827 241199 8925 697 733 728955 371073 184 1095 257 670 2010 1680 60 605 613 127 546 798 535 64 795 61 127 611 359 732 977 248 2688 4920 742 923 190 603 368 122556 61123
leaf_count=360 409591 1956 9893 4192 801 924 1394 303992 5192 2397 89166 1139 119 310 180 361 1112 1187 908321 364192 699 58143 1624 249 108827 241199 8925 697 733 728955 371073 184 1095 257 670 2010 1680 60 605 613 127 546 798 535 64 795 61 127 611 359 732 977 248 2688 4920 742 923 190 603 368 122556 61123
internal_value=1.86038e-05 -0.00045306 -0.000284757 -0.00152551 -0.00670165 -0.0122241 -0.00185605 -0.000182715 -0.00134823 -0.000195764 -0.00168004 -0.00526974 -0.00654422 -0.0191823 -0.00855918 0.00792782 -0.0113266 -0.0170206 -2.6464e-05 0.000546923 0.00753636 0.000506203 0.00216142 0.0132513 0.000451792 -0.00131414 -0.00464138 0.0166022 -0.0266439 0.00028214 0.000379194 -0.000152257 -0.00296936 -0.0026007 -0.00350653 -0.00405642 -0.0023611 -0.00576821 -0.00202811 -0.0120892 -0.0181678 -0.00899346 -0.0140276 -0.0169541 -0.00936453 0.00112645 -0.0294666 -0.0267623 -0.0313922 -0.00998157 0.00183893 0.00226307 0.00514365 0.0059749 0.00291733 -0.0134455 -0.00381407 -0.0091048 -0.0210902 -0.0284081 0.000609016 0.00145396
internal_weight=3.83517e+06 1.94944e+06 1.68501e+06 264433 8757 4565 102754 1.58225e+06 255676 1.5803e+06 101360 12194 11055 1162 3764 541 3223 2111 1.27631e+06 367985 3793 1.88573e+06 60016 1873 1.82571e+06 255316 14117 1396 852 1.41612e+06 1.3073e+06 394661 23588 23404 22309 21639 16825 10225 7038 2929 2324 1711 3187 2930 2132 1330 607 802 738 4814 1091 1104 4109 4049 6600 3723 1361 1113 1713 1110 912634 183679
internal_count=3835170 1949441 1685008 264433 8757 4565 102754 1582254 255676 1580298 101360 12194 11055 1162 3764 541 3223 2111 1276306 367985 3793 1885729 60016 1873 1825713 255316 14117 1396 852 1416122 1307295 394661 23588 23404 22309 21639 16825 10225 7038 2929 2324 1711 3187 2930 2132 1330 607 802 738 4814 1091 1104 4109 4049 6600 3723 1361 1113 1713 1110 912634 183679
is_linear=0
shrinkage=0.05


Tree=69
num_leaves=63
num_cat=0
split_feature=12 0 0 10 1 0 10 10 4 4 1 9 3 4 1 3 9 5 3 8 2 2 6 10 9 3 2 9 0 2 2 2 3 5 2 8 3 5 8 3 2 2 5 1 0 5 8 0 8 10 2 2 2 1 4 5 4 1 5 4 3 1
split_gain=340.268 264.087 128.141 80.6854 67.3806 67.1878 72.416 72.5013 81.4399 104.176 97.0605 96.1778 91.629 83.7883 102.497 88.0595 83.7358 82.2734 78.6713 76.1288 72.4355 70.6075 68.3988 101.436 86.6686 74.8073 66.8885 66.8668 89.4161 131.457 89.9095 73.1714 66.4808 116.068 156.527 65.3489 64.7541 90.7238 64.66 63.9369 73.415 64.1141 63.5572 69.8361 63.4712 63.0355 62.3714 62.3485 72.2956 79.3337 180.685 137.983 126.732 95.7682 90.5746 82.5627 80.192 98.6786 79.1293 78.1551 82.6731 119.918
threshold=1.3750000000000002 0.0019231534972400809 0.001502174174777132 15.375000000000002 60.668178326613038 0.0014406773548415175 9.3750000000000018 14.958333333333334 21.774720193195655 11.649392683950319 29.908292714050585 0.00046232085067035545 0.00092942346930639883 20.542803473120568 40.504723456941768 0.0012135764571715648 0.00062590433040040077 2.9116966203204342 0.003789130913170909 0.00081531155126513715 0.073471868810149332 0.087754980944838648 -0.00093336201055832502 15.125000000000002 0.0014231511861844156 -0.0042610125735567704 -0.2672375368403454 -4.0729879709790761e-05 0.0013495331350436258 -0.013249194365043598 0.058901742352866639 -0.062641533330830321 -0.0020105639962740228 1.92436441498178 1.0000000180025095e-35 0.0009345794392523997 -0.00026422632207823729 3.3195740637813524 0.0043653640031533257 -0.0017511392523639534 -0.23497402227458938 -0.21865890067952651 2.839399215014669 40.013570132428121 0.0013579963211707295 1.6868562283162492 0.003150639987318822 0.0035173918394614738 0.0024925224327018419 14.458333333333334 -0.21865890067952651 -0.17456215524162158 -0.24717212517216716 76.170305533210197 11.176469268324473 0.20876575991366028 19.743520334858136 51.04488900999575 0.98894230051601439 50.265500968856948 -0.00097317528634359278 45.187490510142432
decision_type=2 2 2 2 2 2 2 2 2 2 2 2 2 2 2 2 2 2 2 2 2 2 2 2 2 2 2 2 2 2 2 2 2 2 2 2 2 2 2 2 2 2 2 2 2 2 2 2 2 2 2 2 2 2 2 2 2 2 2 2 2 2
left_child=1 3 -2 5 32 6 -1 20 9 -9 44 12 36 14 19 27 -13 -17 -14 -11 39 -22 23 -7 25 -24 -27 31 29 35 -31 -16 33 34 46 -29 -12 -38 -6 -8 -41 -42 43 -21 -10 -25 -5 48 49 -3 52 53 58 -52 -53 -56 57 -54 -51 60 -57 -62
right_child=2 47 -4 4 38 22 7 8 10 13 11 16 18 -15 15 17 -18 -19 -20 42 21 -23 24 45 -26 26 -28 28 -30 30 -32 -33 -34 -35 -36 -37 37 -39 -40 40 41 -43 -44 -45 -46 -47 -48 -49 -50 50 51 54 56 -55 55 59 -58 -59 -60 -61 61 -63
leaf_value=-0.020762075814627173 -0.00044222920386636138 -0.00012505774360740106 0.00050085948604504805 -0.034312071487413234 0.016890621581330232 -0.0023279348313039057 0.00096750934259363756 0.011565782886574321 -0.026841035828352795 0.033589131377076593 0.000125348835163528 -0.034927481492242868 -0.0086505398242991329 -0.023191922018683055 -0.034596980259032982 0.013055182531834323 0.014956899892006601 -0.014184219952215228 0.02097349054202801 -0.015684343726983626 0.010774146953493106 -0.0085592822724201607 0.0069576741043835058 -0.033135033942038011 -0.019374219060979938 0.02159383878944085 -0.00096443032266262444 -0.010264207750965513 -0.022119528946850819 -0.015973663275070184 0.048239712789654735 -0.012689643454501451 -0.00067379088698823249 0.026360551632367647 0.037204099144484547 0.011218861486573563 0.015631005976551263 -0.013709278546395849 -0.029014679135345833 0.020107634967416112 -0.011901399100583861 -0.0024068190708165516 0.010459488651491331 0.033172967121368503 0.0057486262487534863 -0.009334646422514874 0.020715134247900949 0.00081657040425273499 -0.0010259213960469636 -0.026043802230588855 0.015979607246237589 0.021622921131401254 0.010879364105371329 -0.039253219704569124 -0.046972992323165721 -0.0019662969816359641 -0.026791964014445304 -0.031832752178832531 0.013923933548102905 0.014279846100228148 0.025791941894447969 0.002801270460933326
leaf_weight=536 433761 350256 2123334 282 1189 47366 14991 634 582 186 2688 338 2519 984 637 707 112 456 246 677 2013 617 3033 310 633 329 276762 513 1113 2052 56 949 5994 650 148 1142 1935 305 82 359 1802 133733 703 82 201 2712 63 157654 218947 155 2524 596 390 81 86 10715 1073 207 616 1262 584 19694
leaf_count=536 433761 350256 2123334 282 1189 47366 14991 634 582 186 2688 338 2519 984 637 707 112 456 246 677 2013 617 3033 310 633 329 276762 513 1113 2052 56 949 5994 650 148 1142 1935 305 82 359 1802 133733 703 82 201 2712 63 157654 218947 155 2524 596 390 81 86 10715 1073 207 616 1262 584 19694
internal_value=7.90619e-06 -0.000658197 0.000340883 -0.00153536 0.00332239 -0.00161624 -0.00241215 -0.00235541 -0.00520157 -0.00810335 -0.00166098 -4.42027e-05 0.00127003 -0.00931913 -0.00784702 -0.0102909 -0.0225118 0.0023749 -0.00601491 0.00346024 -0.001988 0.00623851 -0.00119835 -0.00289459 -0.000893921 -0.000852161 -0.000937646 -0.0125704 -0.00966964 -0.00598728 -0.0142678 -0.0214885 0.0014335 0.0124844 -0.00581084 0.00455976 0.00535747 0.011636 0.013929 -0.00213139 -0.00247324 -0.00253305 -0.000372843 -0.010406 -0.0184751 -0.0117761 -0.0242636 -6.93731e-05 -0.000299406 0.000110312 0.00228075 0.0031845 -0.0108783 0.0142622 0.00230836 0.00195242 -0.0186193 -0.00393036 0.00588892 0.00208287 0.00158622 0.00346339
internal_weight=3.83536e+06 1.27826e+06 2.5571e+06 513421 8408 505013 173868 173332 19817 10891 8926 8143 7693 10257 9273 7625 450 1163 2765 1648 153515 2630 331145 50388 280757 280124 277091 6462 4876 3763 2108 1586 7137 1143 493 1655 4928 2240 1271 150885 135894 135535 1462 759 783 3022 345 764840 607186 388239 37983 35542 2441 2605 32937 32341 1670 597 771 32255 30993 20278
internal_count=3835356 1278261 2557095 513421 8408 505013 173868 173332 19817 10891 8926 8143 7693 10257 9273 7625 450 1163 2765 1648 153515 2630 331145 50388 280757 280124 277091 6462 4876 3763 2108 1586 7137 1143 493 1655 4928 2240 1271 150885 135894 135535 1462 759 783 3022 345 764840 607186 388239 37983 35542 2441 2605 32937 32341 1670 597 771 32255 30993 20278
is_linear=0
shrinkage=0.05


Tree=70
num_leaves=63
num_cat=0
split_feature=12 0 0 12 2 8 0 0 2 5 0 4 10 2 2 10 2 4 13 9 4 10 3 4 4 2 2 2 2 2 1 0 2 0 2 2 13 5 4 5 4 1 3 2 1 1 1 3 13 2 2 10 4 2 2 0 2 3 1 5 3 0
split_gain=325.538 176.929 138.853 108.671 69.6221 67.4729 81.4074 62.7679 58.8396 55.1212 58.635 55.3525 55.994 61.099 54.6073 86.8936 115.926 155.399 114.578 94.2733 74.173 72.2852 98.2157 123.506 132.304 147.392 189.198 145.705 124.634 203.336 125.022 112.247 108.366 107.652 106.426 183.225 142.912 104.142 95.0618 94.4405 89.975 86.2565 190.172 83.5733 82.4455 81.1226 80.6434 73.1917 77.1523 76.9723 202.503 78.5085 76.0671 95.4976 75.3789 109.52 98.3291 92.1761 70.4567 70.1425 70.0055 96.2004
threshold=1.1250000000000002 0.0021288848598889063 0.0017011037494604525 2.2500000000000004 -0.2672375368403454 0.0030421769090454272 0.001502174174777132 0.0054811788933351487 0.097167976504954609 3.7877493918658049 0.0016540609052391555 14.338847090229029 15.04166666666667 -0.021163970903416367 0.047549573797244511 14.04166666666667 0.059818832392579485 32.595651866912966 2.2500000000000004 0.00047370914258644189 17.30280359814396 14.54166666666667 -0.00075213756628568474 21.560719663765756 11.42482873397125 -0.12974289593827013 -0.11344247464837522 -0.14502995519491416 -0.074352058519507144 -0.066788104335601964 59.52099611994003 0.0011385095547959822 0.030748899148744503 0.0014713021032948708 0.039717916972281227 0.00746983222867566 2.7500000000000004 0.50327039775933602 18.5722317536712 1.1408163751512477 13.718952940164309 63.855620270394922 0.0026483200813930022 -0.21865890067952651 58.992735697916338 49.756916250436753 25.688138197653071 -0.00056064294713838983 2.7500000000000004 -0.19728384589080358 -0.12143892284060299 14.958333333333334 31.300853198551451 -0.076500227758450737 -0.035532750613633889 0.0011385095547959822 -0.0016988843828349895 -0.00013839236188246243 49.756916250436753 1.5987858960369099 -0.0028216880733284281 0.0011385095547959822
decision_type=2 2 2 2 2 2 2 2 2 2 2 2 2 2 2 2 2 2 2 2 2 2 2 2 2 2 2 2 2 2 2 2 2 2 2 2 2 2 2 2 2 2 2 2 2 2 2 2 2 2 2 2 2 2 2 2 2 2 2 2 2 2
left_child=2 3 -1 4 -2 6 14 -3 9 -7 11 -11 -13 -14 21 -16 17 18 -17 -18 -20 -6 37 24 43 27 31 38 30 40 -28 -27 41 34 35 -31 -37 -23 44 -35 58 47 -43 -24 -26 -36 59 -25 -49 -50 51 -51 -52 -54 57 -56 -57 -55 -30 -39 61 -48
right_child=1 7 -4 -5 5 8 -8 -9 -10 10 -12 12 13 -15 15 16 19 -19 20 -21 -22 22 23 32 25 26 28 -29 29 33 -32 -33 -34 39 45 36 -38 46 -40 -41 -42 42 -44 -45 -46 -47 60 48 49 50 52 -53 53 54 55 56 -58 -59 -60 -61 -62 -63
leaf_value=-0.0022115371168088239 0.010569545307423642 0.00051687114350032124 -0.00057122776445265265 0.00065678824813026693 -0.00066375723727104001 -0.0010188540790700225 3.4269932147913534e-06 0.0021450176742277721 -0.014475800397542671 -0.022998927072259128 -0.002267361797646552 -0.0041115507899330437 -0.001047304813547915 -0.030663102818856331 -0.0011692229491608219 0.00094990218589811317 0.0005035125701304651 -0.011714055101318378 0.0061929358262538684 -0.019518137430721033 0.016529751988529566 -0.02032378845653357 -0.022407353565257082 -0.0088714429839125974 -0.001393437805848244 -0.0026576560054506577 0.0091217543473761879 0.01799649620564327 0.0057912374676963099 -0.0054189272110462261 -0.02058021093654858 -0.029788816238528699 -0.012441726791604159 -0.016831152790163194 -0.0080303444724267089 -0.0078230551093867971 -0.023513465092110487 0.0025487414072498239 0.012458765862918483 0.013686759014401521 -0.042849481222567279 -0.015708899908182618 0.0060794277133139896 0.0060326613494367199 -0.020029418996321005 0.013374808671191363 -0.033495224802947247 -0.00039317758259026757 0.027272523754653662 -0.035199951580859354 0.01192161605552677 -0.0022401346362125106 0.026198189325871007 0.013946398324761656 -0.034070582915754877 0.022735819465973799 -0.0075613244970231573 -0.030003418011611768 -0.029636142840752236 -0.016286748968421805 0.00049264270943484166 0.012378696099669104
leaf_weight=179293 1453 1521564 460082 322671 279736 53252 793385 61592 920 629 9072 3155 281 458 29696 3539 11715 1069 3101 619 3941 612 279 1389 2028 525 2181 1126 247 17806 423 1392 1733 326 751 2910 2895 808 820 1140 536 2245 1808 3484 839 1078 121 7844 427 383 4454 342 310 163 170 595 487 445 325 1273 25178 2059
leaf_count=179293 1453 1521564 460082 322671 279736 53252 793385 61592 920 629 9072 3155 281 458 29696 3539 11715 1069 3101 619 3941 612 279 1389 2028 525 2181 1126 247 17806 423 1392 1733 326 751 2910 2895 808 820 1140 536 2245 1808 3484 839 1078 121 7844 427 383 4454 342 310 163 170 595 487 445 325 1273 25178 2059
internal_value=-1.31344e-06 0.000204733 -0.0010312 -0.00016388 -0.000369159 -0.000381494 -0.000296247 0.000580213 -0.00191715 -0.00174431 -0.00458593 -0.00923641 -0.00701334 -0.0194019 -0.000852568 0.000638657 0.0028771 0.00645386 0.00828936 -0.000501303 0.0119779 -0.00106678 -0.00226668 -0.00337523 -0.00501199 -0.00591234 -0.00712044 0.00225424 -0.00616638 -0.00713898 0.0042969 -0.0223585 -0.000423327 -0.00627454 -0.00703376 -0.00793384 -0.015648 9.07379e-05 -0.0025534 0.00690037 -0.0281305 0.000565558 -0.00598936 0.00392403 -0.00684708 0.00458571 0.00051513 0.0021275 0.00310558 0.00663492 0.00543581 -0.019652 0.00818169 0.000505359 -0.00377678 0.00323758 0.0090993 -0.0182208 -0.014338 -0.0089734 0.00123688 0.00983248
internal_weight=3.83518e+06 3.1958e+06 639375 1.61265e+06 1.28998e+06 1.28852e+06 1.22076e+06 1.58316e+06 67767 66847 13595 4523 3894 739 427373 53680 23984 11650 10581 12334 7042 373693 93957 63906 41111 37348 32535 4813 30618 28014 2604 1917 22795 26906 25440 23611 5805 30051 3687 1466 1108 21062 4053 3763 2867 1829 29439 17009 15620 7776 7349 725 6624 2170 1860 1252 1082 608 572 2081 27358 2180
internal_count=3835180 3195805 639375 1612649 1289978 1288525 1220758 1583156 67767 66847 13595 4523 3894 739 427373 53680 23984 11650 10581 12334 7042 373693 93957 63906 41111 37348 32535 4813 30618 28014 2604 1917 22795 26906 25440 23611 5805 30051 3687 1466 1108 21062 4053 3763 2867 1829 29439 17009 15620 7776 7349 725 6624 2170 1860 1252 1082 608 572 2081 27358 2180
is_linear=0
shrinkage=0.05


Tree=71
num_leaves=63
num_cat=0
split_feature=12 0 0 12 0 2 0 10 8 10 11 8 0 8 2 2 2 2 10 4 4 8 10 10 4 5 8 7 1 4 2 7 4 0 2 4 2 2 0 2 0 4 1 2 1 7 4 2 10 4 5 7 4 10 2 2 7 2 1 0 1 0
split_gain=290.936 172.321 145.703 96.4176 64.5936 61.5939 54.3659 58.6307 55.3237 74.3142 72.1703 54.1785 50.8234 69.899 49.5746 49.1256 89.6071 160.505 123.307 88.5308 96.9269 73.7698 66.8197 64.4103 69.5831 61.6808 56.853 54.8886 90.0543 81.5312 69.7814 59.6447 85.251 63.2724 69.039 57.8594 85.3444 92.0354 50.2579 49.6644 49.5721 46.6097 70.8846 55.1766 47.5545 62.262 45.9447 47.8793 45.3275 45.2505 45.604 45.1235 44.8867 44.7834 77.0395 84.8823 116.919 84.1034 77.0984 69.1945 67.6518 101.458
threshold=1.1250000000000002 0.0019822079772166125 0.0020802182649020543 1.8750000000000002 0.0011879484712433218 -0.2672375368403454 0.0014330543367111499 11.54166666666667 0.0011089276597527774 15.04166666666667 0.60714285714283689 0.0025099213448654513 0.0044586171814352963 0.0016867676624146542 -0.059505668248617076 0.033120786178767493 0.0059260752155403185 0.0019445166147716013 14.875000000000002 21.560719663765756 27.316204468629707 0.0017647635562493995 14.458333333333334 14.29166666666667 28.583298896041914 4.2753128160657665 0.00065803488252856558 -0.00044305293044322175 36.057892199872434 26.206155491292993 0.049048012344243032 0.0013022421355672888 19.072870714237645 0.0012423332632078875 0.084475413840724795 15.272617556610866 0.047549573797244511 0.041588330894311389 0.0010963956351604436 0.067589782958785607 0.0013915232408601818 38.141116893721438 40.34685118666372 -0.04459880107107117 59.869836219827128 0.00016256528018743224 17.913497780148521 0.040571181833472879 9.3750000000000018 17.187403287599452 4.009773112172712 -6.8037490795980191e-05 14.562576017974875 14.29166666666667 0.062515205024137502 0.069411781337801945 -0.0019123559858983394 0.050298180056766333 65.68205825771777 0.0020314230141830797 43.029652482732935 0.0020480431337254238
decision_type=2 2 2 2 2 2 2 2 2 2 2 2 2 2 2 2 2 2 2 2 2 2 2 2 2 2 2 2 2 2 2 2 2 2 2 2 2 2 2 2 2 2 2 2 2 2 2 2 2 2 2 2 2 2 2 2 2 2 2 2 2 2
left_child=2 3 4 5 -1 -2 15 -8 9 41 14 53 13 -3 -11 16 17 48 -18 21 -21 40 -19 24 39 -23 -22 28 38 35 -31 -29 -33 -34 -35 -30 37 -37 -25 46 -20 42 -9 -43 -44 -46 -17 -48 -7 -16 -51 -10 -41 -6 57 56 -56 -55 -57 -58 -59 -62
right_child=1 12 -4 -5 11 6 7 8 51 10 -12 -13 -14 -15 49 23 18 22 19 20 26 25 -24 27 -26 -27 -28 31 29 30 -32 32 33 34 -36 36 -38 -39 -40 52 -42 43 44 -45 45 -47 47 -49 -50 50 -52 -53 -54 54 55 58 59 60 -60 -61 61 -63
leaf_value=-0.0041158714122071357 0.013600182629314282 0.00095686228686254853 -0.00025421280566734314 0.00027953355352973468 -0.0016777324861990313 -0.015017461918767575 -0.0012969724147099135 -0.0027555985853210331 -0.00098309490697102097 0.017169957464422021 -0.0049576795359644677 -0.003628881446616924 0.0013519700992604268 0.0002262659116211702 0.017810813156201654 -0.0031449973150233668 -0.0024412329901510443 0.0053785608777900534 -0.020367866250990324 0.0072332348297682175 -0.040874079068501795 0.0051869772839506006 0.021087960191702438 -0.014302481009878895 -0.0065168598254413262 -0.039672036739912903 -0.0085175837691013629 0.0065661412765219878 -0.016054753451548533 0.015068211573273389 -0.023827019840154569 0.010987839308508197 0.0046288244433647019 -0.019099063827862316 0.010475654992819822 0.0094025778286159056 0.012744138107318543 -0.018726406848902324 0.011300145873995068 0.024230661631818626 0.011839937853813173 -0.0014998558316460155 0.0011984150737194869 0.0056028817622028179 -0.008936057181900478 7.0531941396561839e-05 0.012757939985075534 0.00047349281125714572 -0.0012272398974388888 0.003589101160543038 -0.041337753626806986 0.00018742787691054431 0.0039017208954398256 -5.4085389744901576e-05 0.027185720097587768 -0.0026141753816917514 -0.018849198100919604 -0.0038812809166722233 0.028890047073364258 0.018177327491618971 0.013124042266346725 -0.036029655397485157
leaf_weight=26684 766 450937 332096 554685 193478 598 119725 16607 162790 1422 1073 27983 163022 1194852 608 10974 32166 3750 2700 1206 150 593 826 220 5016 88 1430 9101 547 134 827 929 724 1089 241 500 1018 695 1489 301 125 3940 79395 8935 2727 6475 869 9092 168151 2162 58 166593 2774 48914 166 3686 1931 974 205 135 2848 109
leaf_count=26684 766 450937 332096 554685 193478 598 119725 16607 162790 1422 1073 27983 163022 1194852 608 10974 32166 3750 2700 1206 150 593 826 220 5016 88 1430 9101 547 134 827 929 724 1089 241 500 1018 695 1489 301 125 3940 79395 8935 2727 6475 869 9092 168151 2162 58 166593 2774 48914 166 3686 1931 974 205 135 2848 109
internal_value=-6.4069e-06 0.0001884 -0.000980153 -0.000231037 -0.00176515 -0.000571593 -0.000584659 -0.000312973 -5.27854e-05 0.000850176 0.00662918 -0.00154147 0.00050986 0.000426445 0.00955452 -0.00118678 -0.00151001 -0.00102555 -0.00369341 -0.0100948 -0.00344148 -0.0153818 0.00821422 0.000284088 -0.0011608 -0.000609782 -0.0115894 0.0026787 -0.00149695 -0.00586073 -0.0184035 0.00455505 -0.00158072 -0.00726533 -0.01374 -0.00149347 0.00210572 -0.00695696 0.00800431 -4.18472e-05 -0.0189427 0.000589659 0.000242139 0.00342931 0.000804048 -0.00259856 -0.000913377 0.00154519 -0.00127611 0.00572526 0.00241534 -0.000391076 0.00589164 -0.00131008 -0.00010379 -0.0054131 -0.0131859 0.000511385 -0.000954354 -0.0164297 0.00754761 0.0113122
internal_weight=3.8343e+06 3.1951e+06 639209 1.38628e+06 307113 831599 830833 572510 452785 123402 5323 280429 1.80881e+06 1.64579e+06 4250 258323 211783 173325 38458 6292 2786 3506 4576 46540 29026 681 1580 17514 5430 3721 961 12084 2983 2054 1330 2760 2213 1195 1709 24010 2825 118079 105204 12875 88597 9202 20935 9961 168749 2828 2220 329383 3075 252446 58968 6123 2232 52845 3891 2066 3931 2957
internal_count=3834304 3195095 639209 1386284 307113 831599 830833 572510 452785 123402 5323 280429 1808811 1645789 4250 258323 211783 173325 38458 6292 2786 3506 4576 46540 29026 681 1580 17514 5430 3721 961 12084 2983 2054 1330 2760 2213 1195 1709 24010 2825 118079 105204 12875 88597 9202 20935 9961 168749 2828 2220 329383 3075 252446 58968 6123 2232 52845 3891 2066 3931 2957
is_linear=0
shrinkage=0.05


Tree=72
num_leaves=63
num_cat=0
split_feature=12 0 6 0 10 2 13 2 2 2 2 3 2 3 2 3 4 0 4 5 3 0 1 1 5 0 1 11 10 4 11 0 4 7 4 4 1 3 4 1 7 4 10 1 4 4 2 5 5 7 2 3 2 2 4 2 0 7 10 0 0 2
split_gain=274.595 216.966 79.8721 68.164 110.541 188.554 191.634 149.755 156.131 234.083 285.012 218.825 183.925 159.679 212.318 156.637 169.924 174.788 141.522 140.727 142.403 138.542 158.379 135.043 124.444 152.845 114.08 139.877 113.063 110.525 108.87 108.83 108.719 106.432 106.202 105.429 207.958 193.045 149.533 130.391 119.49 103.97 101.885 98.1986 136.822 97.4497 128.177 150.87 132.536 120.187 110.475 134.659 147.604 114.766 112.581 174.028 140.579 116.535 111.67 111.014 160.045 107.426
threshold=1.6250000000000002 0.0016864418517801465 -0.0013053232736384699 0.0026356608915881941 14.29166666666667 0.082536545027541305 2.2500000000000004 -0.21633388016818658 -0.027798695973169814 0.0066720196311561529 0.026761381170700076 0.0038892851962889843 0.0037908301114664756 -0.00077681517301777581 0.053889118830557158 0.00060792558660490413 36.038728038306338 0.0018119162181143543 31.466690728884021 1.2484285824921353 0.0021172660063574038 0.0024573586913518492 42.047489048821866 71.65879873656769 1.8638851505005392 0.0021130946099905648 39.68656388094 0.60000000000001863 15.208333333333334 9.0703025878558439 0.80000000000002947 0.0018189120744760217 12.2248764083651 0.0044423603768511963 13.165018250757321 22.285769031630419 46.897201466178046 0.00010544560237512107 36.500576092514116 48.361348665397891 -0.0012668507403330585 19.953085664478046 14.958333333333334 20.721234545651999 55.27872885119239 20.057281370490752 -0.04459880107107117 2.7666796748676901 2.0160349944827138 -0.00043005150321617775 -0.12143892284060299 -0.00011750689573742023 -0.12531192914558975 -0.040256334163309003 23.928483656226362 -0.047866203576517614 0.0017497198650184103 0.0010756186398497294 14.458333333333334 0.0024899664101393497 0.0019504803042483935 -0.09450313933816494
decision_type=2 2 2 2 2 2 2 2 2 2 2 2 2 2 2 2 2 2 2 2 2 2 2 2 2 2 2 2 2 2 2 2 2 2 2 2 2 2 2 2 2 2 2 2 2 2 2 2 2 2 2 2 2 2 2 2 2 2 2 2 2 2
left_child=1 2 -1 4 -3 6 -6 21 23 11 34 12 15 14 18 16 17 29 24 20 -17 22 -8 43 -12 26 -26 -28 -24 -10 -21 -20 -19 -15 -11 36 -7 38 39 40 -37 -35 -25 -9 45 46 48 -48 -45 -49 51 -47 59 54 61 56 58 -57 -56 60 -53 -52
right_child=-2 3 -4 -5 5 35 7 8 9 10 13 -13 -14 33 -16 19 -18 32 31 30 -22 -23 28 42 25 -27 27 -29 -30 -31 -32 -33 -34 41 -36 37 -38 -39 -40 -41 -42 -43 -44 44 -46 50 47 49 -50 -51 53 52 -54 -55 55 57 -58 -59 -60 -61 -62 -63
leaf_value=-0.003925871665885451 0.0004250674412738535 -0.00065553656895412857 -0.0011461141434645969 0.00032284374127569047 -0.0013027902828418132 0.0049529780984672268 -0.019407628165086292 -0.019099528544946856 -0.049981170380488042 -0.013939382412476454 -0.023698459274297767 0.010935515708233721 -0.025592059079601832 0.0061719661099078529 0.0045495320191298689 -0.010037184665212156 -0.013925382373079991 0.021680400239793882 -0.028885275773380115 -0.021697960758233936 0.023954871332284956 0.015835851352028859 -0.0056443713555086135 -0.017099982925529191 0.024601247379183771 -0.022903419640745708 -0.040317806189364577 0.032873690098524096 0.017121635188079916 0.016725461542959782 0.0077951358646905725 0.0086254375381471932 -0.0030498685502490775 0.02515265561946451 0.015016403225961704 -0.0096767795179837201 -0.016404036305671998 0.010836315900974126 -0.030971876180442462 -0.032336443487335657 0.018271510386956086 -0.021661756077478861 0.004077341610508013 0.002960908896786945 0.027812522113948985 0.016950067929135681 0.027507587211686009 -0.027487439755350354 0.015144229582480077 0.023681477070427861 -0.028095857733345532 0.0090209340511714642 0.029999150980406366 0.010390139177730998 0.0051152890529295413 -0.02218365913167435 0.0079650506264607995 0.020188863089047566 -0.046532806069464298 0.019288020273459737 -0.0099410372684985062 -0.0042858887822307002
leaf_weight=27268 1917420 678463 494050 572641 45108 1595 1854 368 64 334 2091 2497 1012 12767 4424 921 1972 475 230 2533 463 718 2951 1084 500 628 188 100 669 2087 357 1214 6902 146 6102 817 3994 2153 617 306 719 632 1193 6028 762 3051 1756 256 3545 208 669 2010 497 2523 198 1019 4867 193 222 751 2493 1623
leaf_count=27268 1917420 678463 494050 572641 45108 1595 1854 368 64 334 2091 2497 1012 12767 4424 921 1972 475 230 2533 463 718 2951 1084 500 628 188 100 669 2087 357 1214 6902 146 6102 817 3994 2153 617 306 719 632 1193 6028 762 3051 1756 256 3545 208 669 2010 497 2523 198 1019 4867 193 222 751 2493 1623
internal_value=1.94254e-06 -0.000421081 -0.00129151 -9.61607e-05 -0.000387378 0.000863419 0.00135781 0.00268912 0.00324257 0.00140525 0.00421652 -0.00287455 -0.00492887 0.00160584 -0.00341054 -0.0036032 -0.000565706 0.00219933 -0.0105233 -0.0117761 0.00133444 -0.00481488 -0.00752355 0.00577302 -0.0159477 -0.00450219 0.0101627 -0.0149041 -0.00143706 0.0147407 -0.0180547 0.00265074 -0.0014575 0.00507786 0.0135137 -0.00569164 -0.0103091 -9.59939e-05 -0.00966788 -0.00253185 0.00340579 -0.0128765 -0.00600444 0.0065847 0.00687401 0.00637399 0.00998278 0.0208073 0.00747254 -0.00454965 0.00425833 0.00845928 0.00395478 0.000990096 -0.0017077 0.00165252 0.00556997 -0.0154362 -0.0221844 0.00149113 -0.001477 -0.0112357
internal_weight=3.8353e+06 1.91788e+06 521318 1.39656e+06 823919 145456 135255 90147 83955 48639 29356 19283 16786 22920 9375 15774 11500 9528 4951 4274 1384 6192 5474 35316 3507 1416 788 288 3620 2151 2890 1444 7377 13545 6436 10201 5589 4612 2459 1842 1536 778 2277 33039 32671 31909 11793 2220 9573 464 20116 8802 5751 11314 8791 6499 5287 1212 420 5254 4503 2292
internal_count=3835298 1917878 521318 1396560 823919 145456 135255 90147 83955 48639 29356 19283 16786 22920 9375 15774 11500 9528 4951 4274 1384 6192 5474 35316 3507 1416 788 288 3620 2151 2890 1444 7377 13545 6436 10201 5589 4612 2459 1842 1536 778 2277 33039 32671 31909 11793 2220 9573 464 20116 8802 5751 11314 8791 6499 5287 1212 420 5254 4503 2292
is_linear=0
shrinkage=0.05


Tree=73
num_leaves=63
num_cat=0
split_feature=12 0 0 4 8 7 3 2 3 2 1 2 2 2 2 5 2 4 2 2 1 0 5 1 3 4 11 7 4 2 2 0 1 1 2 2 2 2 2 1 4 1 8 4 1 0 4 0 2 1 5 4 0 2 2 0 2 2 4 5 1 12
split_gain=233.105 208.818 72.5098 92.3193 88.5237 70.67 80.9851 165.143 82.2216 77.257 70.0054 71.2403 68.996 82.2438 72.6922 96.5694 85.4963 67.1432 66.4617 65.4304 91.2071 78.2315 65.0767 86.5222 85.5447 73.2247 72.7865 71.5889 66.7323 97.3851 160.45 88.2303 80.7867 78.377 89.3553 87.4279 74.7163 99.4695 96.1465 107.915 91.6335 83.6752 73.5146 79.9815 67.4661 66.3019 67.8496 65.8475 64.8812 83.5759 64.5874 63.9034 90.1718 79.5409 110.029 93.8805 71.5788 76.278 82.7982 69.0378 63.8735 63.5838
threshold=1.6250000000000002 0.0014875953953294139 0.0023023736924603095 23.490634895443904 0.0026269702276707752 -0.00015155916551340407 -0.0035058092479270946 -0.083535810942022407 -0.0014135554025049883 -0.23310205428303601 53.489105475852163 -0.24098185384994153 -0.20876839306415548 -0.21422281714175584 -0.15372598130120518 1.7317234927990581 -0.18761277974020235 35.395387502823475 -0.062641533330830321 0.061716339121268733 33.756834763638167 0.0021632176634864921 2.1965902082624109 66.335932540582547 0.0026483200813930022 30.116218552713544 0.9166666666666573 0.0015245024985829361 21.350520151209462 -0.11905820546970869 -0.078949567861842804 0.00091973830483267518 51.04488900999575 55.963410572933526 0.043059930462199872 0.059818832392579485 -0.074352058519507144 -0.10807467754618759 -0.068085389591533568 40.34685118666372 9.0703025878558439 40.805249997898571 0.0026595744680850786 19.474641353374953 55.963410572933526 0.0013319240144357202 13.965577974883958 0.0013319240144357202 -0.064617511613257711 29.908292714050585 2.0502778723538677 29.52306356476625 0.0010731675828695995 -0.0065888754552207605 -0.040256334163309003 0.0014330543367111499 0.087754980944838648 0.026761381170700076 23.591792104443964 1.8638851505005392 36.71489930782662 2.2500000000000004
decision_type=2 2 2 2 2 2 2 2 2 2 2 2 2 2 2 2 2 2 2 2 2 2 2 2 2 2 2 2 2 2 2 2 2 2 2 2 2 2 2 2 2 2 2 2 2 2 2 2 2 2 2 2 2 2 2 2 2 2 2 2 2 2
left_child=1 12 4 -4 5 6 7 9 -8 -3 -7 -12 13 -1 15 -14 -17 -13 50 -9 21 -21 23 28 25 27 -26 -25 31 -30 44 48 -32 36 -35 45 37 40 39 -38 -33 -39 -40 -44 -31 46 -36 -29 49 -16 60 56 -53 54 59 -55 57 58 -34 -54 -6 -2
right_child=61 2 3 -5 18 10 8 19 -10 -11 11 17 14 -15 22 16 -18 -19 -20 20 -22 -23 -24 24 26 -27 -28 47 29 30 32 33 51 34 35 -37 38 41 42 -41 -42 -43 43 -45 -46 -47 -48 -49 -50 -51 -52 52 53 55 -56 -57 -58 -59 -60 -61 -62 -63
leaf_value=0.00094152371175559076 0.00020184881109406964 -0.0037215788817777738 0.00097014699857798231 -0.000176767507580022 0.0050993893533100437 0.00086082149317371194 -0.0021261129410343883 0.00014514975389959522 -0.00042060235395618978 0.0085232314854604523 0.021605553148695122 -0.0010848176280578762 -0.0081779260885923577 0.015599618042141003 -0.031606586326609606 0.0083074242755388616 -0.010259990862952864 0.0015538749050769867 -0.0025097539239122683 -0.016322034031844523 0.014891934653987055 0.0080220480352195343 -0.0034686370789703764 -0.018170139316405324 0.00036947127305828731 -0.021446412781890509 -0.029211821609974972 0.016516507153526563 -0.0065636926060805142 0.0064660476596594815 -0.0013516880631653308 0.018904383649136252 -0.0032123978076763547 -0.0053242924394006422 -0.010359708954256478 -0.012400776915822554 0.019597399802435012 0.027949996523278526 -0.0012128241334946391 -0.014960182149144186 -0.0017432482980582404 0.0059238037379984931 -0.027110106190762567 0.024953254612012841 0.022617334042360465 0.00079557012033558666 0.027761029885054342 -0.020798766964449072 -0.010886771321702775 0.023034151523026698 0.0031377340540457927 0.013920567463198334 -0.003358550739860711 -0.0087963285286446653 0.0084278478547382876 0.0049860979389225691 -0.031033824329208211 0.0091115775615556709 0.0046323648961656442 -0.035584967881441117 -0.0034882168602444761 0.00081261339558458007
leaf_weight=9278 1277931 1506 257804 549303 2666 193234 113491 24340 187280 8906 362 131286 8768 1067 91 1950 909 29531 82131 1843 368 402 38100 523 2902 1459 224 461 5602 4268 60097 569 5091 20257 141 516 252 478 95551 2182 9659 4402 485 87 762 775 678 159 3858 303 11738 947 2166 5379 3196 1604 149 4981 9913 180 11529 639303
leaf_count=9278 1277931 1506 257804 549303 2666 193234 113491 24340 187280 8906 362 131286 8768 1067 91 1950 909 29531 82131 1843 368 402 38100 523 2902 1459 224 461 5602 4268 60097 569 5091 20257 141 516 252 478 95551 2182 9659 4402 485 87 762 775 678 159 3858 303 11738 947 2166 5379 3196 1604 149 4981 9913 180 11529 639303
internal_value=1.56163e-05 -0.000374092 -0.000144856 0.000189577 -0.000482001 -0.000274317 -0.000791413 0.00140398 -0.00106415 0.00675213 0.000219031 -0.000550398 -0.00156135 0.00245338 -0.00169976 -0.00557589 0.00240404 -0.000600272 -0.00181299 -0.000662022 -0.00818079 -0.0119629 -0.00154351 -0.00125053 -0.00732497 -0.0140224 -0.00175024 -0.00454582 -0.00110829 -0.000150699 0.000213167 -0.0018205 -0.000253832 -0.0015988 -0.00430434 0.00548769 -0.00106641 0.00220779 -0.00156832 -0.0113823 -0.000594588 0.00808129 -0.00131981 -0.0191914 0.00891282 0.0112784 0.0211981 0.00694694 -0.00891299 0.0104141 0.000393708 0.00170944 -0.000956019 -0.00208082 0.00239182 -0.0056305 0.00349295 0.00375037 0.00197056 -0.00583117 -0.00187536 0.000405509
internal_weight=3.83537e+06 1.91814e+06 1.60772e+06 807107 800613 692549 338136 37365 300771 10412 354413 161179 310419 10345 300074 11627 2859 160817 108064 26953 2613 2245 288447 250347 5728 2602 3126 1143 244619 104335 98733 140284 93703 136032 22367 2110 113665 15108 98557 2434 10228 4880 96123 572 5030 1594 819 620 4252 394 25933 33606 13472 12525 5542 6983 20134 19985 15004 2346 14195 1.91723e+06
internal_count=3835373 1918139 1607720 807107 800613 692549 338136 37365 300771 10412 354413 161179 310419 10345 300074 11627 2859 160817 108064 26953 2613 2245 288447 250347 5728 2602 3126 1143 244619 104335 98733 140284 93703 136032 22367 2110 113665 15108 98557 2434 10228 4880 96123 572 5030 1594 819 620 4252 394 25933 33606 13472 12525 5542 6983 20134 19985 15004 2346 14195 1917234
is_linear=0
shrinkage=0.05


Tree=74
num_leaves=63
num_cat=0
split_feature=12 0 0 0 1 8 4 2 13 10 0 10 3 2 3 9 1 0 8 2 2 10 0 8 4 2 2 2 0 4 0 10 2 3 10 13 10 5 2 2 0 2 2 0 9 4 3 0 4 5 0 1 10 4 1 13 1 4 2 2 0 2
split_gain=210.674 124.655 115.384 63.8087 68.521 63.2727 46.7519 61.4724 73.4589 59.5538 95.2505 74.7036 66.0534 56.193 53.0728 120.268 82.5111 76.3594 64.2236 50.0784 47.6601 58.2821 46.654 67.6221 48.9052 81.014 60.9396 60.1462 58.7625 84.7863 58.4041 113.336 146.62 114.095 61.639 57.9441 118.601 170.156 150.096 161.131 104.436 94.2104 107.072 79.8764 74.8148 84.5819 137.12 67.1401 69.6628 63.065 65.0692 58.6693 89.2292 55.4567 55.1572 85.1672 49.554 76.658 54.9976 62.9474 106.874 54.8506
threshold=1.1250000000000002 0.0021721640144523042 0.0022557276650344142 0.0011385095547959822 70.029196493669176 0.0018290327422860418 35.619356215946361 -0.018225125620352962 2.7500000000000004 15.04166666666667 0.00156320611356817 14.458333333333334 -0.0028800985523281162 -0.2672375368403454 0.00065803294684517878 -0.00044345898004433641 47.614944577036276 0.0016131821254476058 0.0013416922893481115 0.069411781337801945 0.042295401620995633 12.04166666666667 0.0039644852554345843 0.0016867676624146542 24.867995284895425 -0.2672375368403454 0.034328828225155796 0.049671715003621782 0.0025945745904095365 28.301224627430315 0.0027525648007053591 14.958333333333334 0.043059930462199872 -0.0021719833460564679 14.875000000000002 2.2500000000000004 14.458333333333334 0.32926146382629645 -0.23105312835107442 -0.24717212517216716 0.0029092180196189448 -0.10064734988302491 0.018275525064265597 0.003188815239166832 -0.00026341437880171629 13.718952940164309 0.00068424475074527105 0.0023765010702893178 17.30280359814396 0.98894230051601439 0.0024899664101393497 39.518014822341421 14.958333333333334 18.886055350434791 48.824052784667948 2.7500000000000004 48.725364278525554 24.050062452010007 -0.041286936430331413 -0.078949567861842804 0.0027666147938170565 -0.0089953972345823627
decision_type=2 2 2 2 2 2 2 2 2 2 2 2 2 2 2 2 2 2 2 2 2 2 2 2 2 2 2 2 2 2 2 2 2 2 2 2 2 2 2 2 2 2 2 2 2 2 2 2 2 2 2 2 2 2 2 2 2 2 2 2 2 2
left_child=2 3 -1 4 -2 6 13 -8 -9 11 19 20 -12 -5 15 -13 17 -17 -18 -11 21 -10 23 -3 26 28 35 30 29 -26 31 -28 33 -33 -32 -25 -37 -38 39 49 -41 43 44 51 -43 46 -46 48 -47 -39 -51 52 -40 -34 -31 -56 57 61 59 -58 -61 -49
right_child=1 22 -4 5 -6 -7 7 8 9 10 12 14 -14 -15 -16 16 18 -19 -20 -21 -22 -23 -24 24 25 -27 27 -29 -30 54 34 32 53 -35 -36 36 37 38 41 40 -42 42 -44 -45 45 47 -48 56 -50 50 -52 -53 -54 -55 55 -57 58 -59 -60 60 -62 -63
leaf_value=-0.0014169765008914159 -0.0012578700832193042 0.0010137723309731324 -6.3849541663581154e-05 0.010959311526701009 -0.016859032459588582 -0.00055396669847372897 -0.00012702330388470902 0.0003817096523364876 0.0015867547782540917 -0.01627137403193905 -0.030891780164635299 -0.031597143648868772 0.011429639611566976 4.3700770302699839e-06 0.017070426151321382 0.019925992885742424 -0.019855853957161509 -0.0019978448524411801 0.021432543817966707 0.026124375454477364 0.0003468406890601386 0.0063294014110369147 0.001118330562662765 -2.2706765065571069e-05 -0.031875899972998757 -6.6712162880447473e-05 -0.0027350567057106033 0.00043286684746292824 -0.0011098544644775573 -0.0017110546864944722 -0.00088740798081467665 -0.032789362579971164 -0.0097519509399993515 0.0019383298256914327 0.011404061270705888 0.0010101238161787974 -0.041040089623172682 -0.018097008050546138 -0.022017941594515977 -0.0077949971309579785 -0.044361518828138234 -0.0059136888603156723 0.016374588199907739 -0.012199923182060706 0.0046713062628047676 0.012393288282116478 -0.022764756254537007 0.012031475479084364 -0.005703602774196727 -0.017066699927462674 0.0099178201328682658 0.013564026950660125 0.010320622112367537 -0.043965844775355145 -0.00087467581627378435 -0.04202307331420127 0.013971463167989577 -0.017522147452900174 0.017417952219300547 0.019721551109915195 -0.037422085001100946 -0.0016182333378801273
leaf_weight=358301 95984 312869 281185 1172 709 445333 74507 44383 11891 1186 103 201 879 967842 1626 1337 373 565 126 74 11846 14230 253979 87076 459 581581 14387 72700 2138 1178 17268 308 158 1019 1084 148059 202 338 304 411 372 2172 1572 362 1270 742 710 2097 1877 266 1395 6595 715 473 251 252 481 346 2306 138 201 1134
leaf_count=358301 95984 312869 281185 1172 709 445333 74507 44383 11891 1186 103 201 879 967842 1626 1337 373 565 126 74 11846 14230 253979 87076 459 581581 14387 72700 2138 1178 17268 308 158 1019 1084 148059 202 338 304 411 372 2172 1572 362 1270 742 710 2097 1877 266 1395 6595 715 473 251 252 481 346 2306 138 201 1134
internal_value=6.41549e-06 0.000172193 -0.000822 -0.000125469 -0.00137227 -4.90546e-05 0.00014952 0.000932079 0.00182051 0.00325756 -0.00468325 0.00367949 0.00699063 1.76198e-05 0.00998392 0.00555554 0.00866578 0.0134134 -0.00943033 -0.0137815 0.00297743 0.00417042 0.000499816 0.000375856 0.000166736 -0.00011714 0.000618008 -0.000384575 -0.00697262 -0.0128299 -0.00209735 -0.00427102 -0.015557 -0.00612205 -0.000161386 0.00103033 0.00155711 0.00467126 0.0050291 -0.00594083 -0.0251676 0.00635472 0.00402593 0.0107478 0.00258522 0.00421853 -0.00516688 0.006212 -0.000576496 0.00159021 0.0055964 0.0118388 0.000673003 -0.0353988 -0.00762938 -0.0214898 0.0088644 0.00484548 0.0134631 0.00234147 -0.0141601 0.00724077
internal_weight=3.8351e+06 3.19561e+06 639486 1.67437e+06 96693 1.57767e+06 1.13234e+06 163327 88820 44437 2242 42195 982 969014 4228 2602 2401 1902 499 1260 37967 26121 1.52124e+06 1.26727e+06 954397 585859 368538 107397 4278 2140 34697 16345 1958 1327 18352 261141 174065 26006 25804 2782 783 23022 15046 7976 13474 11302 1980 9322 2619 1999 1661 7614 1019 631 1681 503 6703 3577 3126 820 339 3231
internal_count=3835098 3195612 639486 1674367 96693 1577674 1132341 163327 88820 44437 2242 42195 982 969014 4228 2602 2401 1902 499 1260 37967 26121 1521245 1267266 954397 585859 368538 107397 4278 2140 34697 16345 1958 1327 18352 261141 174065 26006 25804 2782 783 23022 15046 7976 13474 11302 1980 9322 2619 1999 1661 7614 1019 631 1681 503 6703 3577 3126 820 339 3231
is_linear=0
shrinkage=0.05


Tree=75
num_leaves=63
num_cat=0
split_feature=12 0 12 0 0 5 11 10 2 2 3 9 13 0 3 11 2 3 2 0 10 11 4 2 2 1 1 9 10 4 9 0 3 2 4 13 5 3 13 0 1 0 2 4 0 10 9 6 0 2 2 10 1 4 4 0 4 4 1 2 9 0
split_gain=233.759 146.413 83.1625 73.6079 72.4847 74.3867 75.5172 72.9988 182.997 197.615 176.536 139.323 125.491 124.903 123.791 114.469 103.81 240.066 165.35 155.925 125.372 174.883 120.268 103.883 259.201 173.757 164.236 104.971 103.491 102.416 102.029 99.4686 98.7314 93.3683 91.0113 90.4555 89.8759 86.7311 84.5875 82.8411 80.491 166.501 119.471 109.799 91.6769 91.0526 79.7591 79.3534 105.252 76.7698 128.729 141.875 115.026 112.765 83.47 74.4722 98.252 97.778 86.7822 77.9927 91.6334 74.3333
threshold=1.3750000000000002 0.0027966766662306602 2.2500000000000004 0.0016000938217144497 0.0012818299446718867 4.6378149577274304 0.39999999999998598 14.208333333333334 -0.024536438200905227 -0.033769858956646234 0.0064925136972438305 0.0004591836782506181 2.2500000000000004 0.0016937621689560344 0.0029416896510170696 0.74999999999995748 0.0066720196311561529 0.0012792439197774131 0.027841359636806163 0.0017011037494604525 14.875000000000002 0.28571428571427632 17.59361288389491 0.050903612227918775 0.064031022608156282 41.745979918272681 29.908292714050585 -0.00047551117451259081 14.958333333333334 41.943352029604917 0.00043591979075849118 0.0014406773548415175 -0.0017206503391308107 -0.0016988843828349895 13.165018250757321 2.7500000000000004 4.009773112172712 -0.0039318051657491913 2.2500000000000004 0.0017566611837323434 31.084697653315484 0.0026625623142053994 -0.047866203576517614 41.305782337493248 0.0016131821254476058 15.29166666666667 0.00046491805889010225 5.6249326961022035e-05 0.0025448478105859628 0.008255279080316159 0.01930039719212474 14.958333333333334 45.810548368475118 29.246919062396511 10.251597655383696 0.0014954963654819572 33.270068038957355 20.441400529640777 49.634508984876739 -0.021163970903416367 8.1677659969724091e-05 0.0025013595224032295
decision_type=2 2 2 2 2 2 2 2 2 2 2 2 2 2 2 2 2 2 2 2 2 2 2 2 2 2 2 2 2 2 2 2 2 2 2 2 2 2 2 2 2 2 2 2 2 2 2 2 2 2 2 2 2 2 2 2 2 2 2 2 2 2
left_child=1 4 3 -2 -1 7 -7 -6 9 10 12 14 -9 38 16 28 17 20 19 49 33 -22 -23 26 25 32 -20 -28 46 -15 36 -19 39 55 -21 -27 -26 -24 -11 -25 41 42 -14 44 -44 47 -13 48 61 52 54 -52 53 -18 -51 57 58 -10 -57 -60 -61 -42
right_child=2 -3 -4 -5 5 6 -8 8 11 13 -12 15 40 29 -16 -17 18 31 23 34 21 22 37 24 30 35 27 -29 -30 -31 -32 -33 -34 -35 -36 -37 -38 -39 -40 -41 45 -43 43 -45 -46 -47 -48 -49 -50 50 51 -53 -54 -55 -56 56 -58 -59 59 60 -62 -63
leaf_value=-0.0022342891836658624 -0.00047492233900202753 0.00035772168494527956 0.00076476040251217828 0.00027122740959134345 -0.00092331775925399073 -0.01227735041611377 -0.0023273133672216577 -0.0013575512416135491 -0.00055879415709688502 0.0062269773708289889 -0.018117081948836371 -0.024291259325505084 0.015293107023215817 0.0083516199230539469 0.0049170447831681265 -0.022958488313579793 -0.039198086676853046 -0.0003279939819340826 0.020260899688797129 -0.013749487108334313 0.0030874947433341422 0.00044812970242772234 0.00098690300342946409 0.013504501031082045 -0.0044591294324153657 0.005818128654655059 0.012587547032007922 -0.0061478317594102347 -0.013201574677828384 -0.015212704194972747 0.012923504301498216 -0.018074884795772277 -0.01958751815079561 -0.0044186290091902175 0.013335130749710418 0.017511943100347132 0.035354468330636726 -0.016678268379833976 0.026829083852176083 -0.0045325027639765729 -6.7823886349803141e-06 -0.040664648516162943 -0.038904166438927253 -0.04912696809453123 0.017691331009423605 0.0082066382434893195 0.0023950745791545152 0.0039793931255207148 -0.013786563113682286 0.036029850857929119 -0.0014165839223169734 0.024034533672995205 0.023534723290578895 0.033550157837378677 -0.0096798770448328231 0.010113141714816408 -0.0093343254215429265 0.018511633195145909 -0.028137577383230767 0.010138726444559152 -0.017345904304605465 0.024219801642509725
leaf_weight=88352 424475 325775 638838 1493466 672188 2668 6685 24293 1096 747 1156 306 3358 3503 8919 1077 168 1012 652 331 3775 1964 819 991 16204 3321 783 16548 2446 531 929 3592 661 4462 4927 3294 143 4583 1496 1780 18952 157 96 136 281 5919 3294 17949 1403 103 1740 799 711 78 3291 2990 1597 1738 282 890 460 322
leaf_count=88352 424475 325775 638838 1493466 672188 2668 6685 24293 1096 747 1156 306 3358 3503 8919 1077 168 1012 652 331 3775 1964 819 991 16204 3321 783 16548 2446 531 929 3592 661 4462 4927 3294 143 4583 1496 1780 18952 157 96 136 281 5919 3294 17949 1403 103 1740 799 711 78 3291 2990 1597 1738 282 890 460 322
internal_value=-5.38171e-06 -0.000557334 0.000270666 0.000106091 -0.000870155 -0.000730756 -0.00516562 -0.000682256 0.000202936 0.00199127 0.00126897 -0.00119457 0.00157652 0.0105091 -0.000692101 -0.00794063 -0.00126903 -0.00369323 -3.44433e-05 0.00514564 -0.00173617 -0.00566312 -0.0101477 -0.00142339 0.000518976 0.00690496 -0.00437459 -0.00530138 -0.00526543 0.00524982 -0.00319484 -0.014174 -0.00222385 0.00150098 0.0116301 0.0116412 -0.00411085 -0.014 0.0199678 0.00191812 0.00304395 0.00981259 0.0118598 -0.0106137 0.00327975 0.0024319 0.000126736 0.00154698 -0.000564507 0.00019712 -0.00192258 0.00659265 0.0133384 -0.0161316 -0.00829269 0.00441861 0.00135728 0.0111365 0.00505146 -0.00422209 0.000773593 0.000397958
internal_weight=3.8355e+06 1.27872e+06 2.55678e+06 1.91794e+06 952948 864596 9353 855243 183055 80299 74022 102756 72866 6277 95633 7123 86714 29260 57454 12148 24656 11141 7366 45306 27323 10047 17983 17331 6046 4034 17276 4604 3432 13515 5258 6615 16347 5402 2243 2771 48573 4028 3871 513 377 44545 3600 38626 20677 6890 5933 2539 957 246 3394 9053 6219 2834 4622 1632 1350 19274
internal_count=3835502 1278723 2556779 1917941 952948 864596 9353 855243 183055 80299 74022 102756 72866 6277 95633 7123 86714 29260 57454 12148 24656 11141 7366 45306 27323 10047 17983 17331 6046 4034 17276 4604 3432 13515 5258 6615 16347 5402 2243 2771 48573 4028 3871 513 377 44545 3600 38626 20677 6890 5933 2539 957 246 3394 9053 6219 2834 4622 1632 1350 19274
is_linear=0
shrinkage=0.05


Tree=76
num_leaves=63
num_cat=0
split_feature=12 0 0 10 13 2 10 2 6 1 8 3 1 3 0 0 2 1 3 0 0 10 0 2 11 0 5 11 5 10 3 10 1 11 8 9 0 3 9 9 11 5 11 1 11 2 10 13 0 2 1 1 2 0 2 1 2 5 3 2 11 9
split_gain=204.012 136.766 79.0932 73.3306 143.14 61.4065 123.567 97.6681 96.2473 89.1164 74.0791 72.0968 68.9656 163.943 117.162 92.5071 162.08 62.7482 99.0909 67.9167 74.3701 64.5534 61.4929 61.0349 59.8364 58.6799 58.1469 59.8443 57.7327 56.4508 81.7808 76.6338 65.5619 62.6709 61.5648 58.9665 54.7945 53.3034 53.0793 69.8656 81.3339 67.2174 83.9118 68.5024 52.5365 51.9248 121.081 138.146 116.025 94.6136 88.9013 88.874 87.9754 79.1675 76.5978 74.2355 73.9029 73.0241 71.5468 70.0425 65.6084 61.1733
threshold=1.3750000000000002 0.0018985094982703025 0.0013746063576724678 15.375000000000002 2.7500000000000004 -0.21865890067952651 13.625000000000002 -0.24098185384994153 0.0030610795531429429 54.144296598190884 0.0012495647805363566 0.0021172660063574038 51.04488900999575 -0.00077681517301777581 0.0025563902252238261 0.0032618681245879916 -0.2672375368403454 40.013570132428121 -0.0015587342438442909 0.0019365184518025625 0.0024077885228283489 14.875000000000002 0.0022175511882742941 -0.23752482284043752 0.8168476507902126 0.0029092180196189448 2.9116966203204342 0.99925373134328443 2.686155314069409 15.04166666666667 -0.0018534146639542779 15.29166666666667 26.286525683191645 0.87499999999996902 0.0013972985561247957 0.00052748939785140104 0.0018620153782140318 -0.0051009695581343906 -0.00042140750105350972 -0.00015353515891886941 0.23076923076924818 1.5564627439536587 0.33333333333332843 54.406847456335647 0.65217391304349148 -0.088497070528345226 14.458333333333334 3.2500000000000004 0.0032361771621224511 -0.098275644095627598 32.965090702587808 27.396294175520435 0.10629896105001548 0.0032135989236693643 -0.14216718775254636 18.537859523674644 -0.081527357574765369 0.53868425609892434 -0.0020891923709674075 -0.20414791429072335 0.86666666666677794 -0.0024595716059658615
decision_type=2 2 2 2 2 2 2 2 2 2 2 2 2 2 2 2 2 2 2 2 2 2 2 2 2 2 2 2 2 2 2 2 2 2 2 2 2 2 2 2 2 2 2 2 2 2 2 2 2 2 2 2 2 2 2 2 2 2 2 2 2 2
left_child=1 3 -2 26 -5 6 7 9 10 25 -8 -10 13 14 17 24 28 19 -19 -12 21 22 -21 -14 -16 -3 -1 29 37 34 31 33 -33 -31 35 -28 -32 -17 -6 -40 -41 42 -42 -44 -38 46 49 55 60 51 52 59 56 -52 -50 -48 -47 -54 -51 -7 -49 -58
right_child=2 5 -4 4 38 45 8 -9 11 -11 12 -13 23 -15 15 16 -18 18 -20 20 -22 -23 -24 -25 -26 -27 27 -29 -30 30 36 32 -34 -35 -36 -37 44 -39 39 40 41 -43 43 -45 -46 50 47 48 54 58 53 -53 57 -55 -56 -57 61 -59 -60 -61 -62 -63
leaf_value=-0.0011166861027916489 -0.00055195182421791155 0.0051073537575646666 0.00034727787741942141 -0.0031229577636779841 -0.0090615306696492041 -0.0063861698574616856 -0.026028115117060227 -0.0025592431305397844 0.034941316760321549 0.011432301708611307 0.025339420326054098 0.00037897091441684298 -0.0055001205858969532 0.010449694805296927 -0.023967250555673232 -0.0014547438022467589 0.039946807714852886 0.025795145526623677 -0.0031641076967811078 0.0029611790821429864 0.0084774014614721668 -0.040080570230268162 -0.024524438708192774 -0.019211700526712339 0.0034710525801139218 -0.0014697205289190955 0.0072515946979017937 0.012330219220911336 0.032462781767050426 -0.00060405811581653408 -0.010330517552114752 -0.0099523338385754181 0.029919406599249722 -0.034613990340683909 -0.0032640012765300444 -0.035952338421853573 0.020499755707052023 -0.03457071460811386 0.031805525394515699 -0.0028135079537163076 0.050952568743377925 0.018389835943128176 -0.026050915207826732 0.015656398227260372 -0.025412625847039402 -0.013282890591642461 -0.042078226466768801 0.013994589467295952 -0.013916722733149495 0.012245930058264076 -0.00037685607651196035 -0.00041549188633131648 0.029025370665191026 0.0010597795467977851 0.028336773402108925 0.0018209544385130378 0.011763686790283884 0.0034319841569085702 0.0023656870080121239 0.0055886774209833907 -0.010049168630985912 -0.0022856886160386308
leaf_weight=462102 273882 5387 2281973 4098 334 1387 512 23346 227 2365 144 450 1571 1574 1759 223 188 469 798 409 374 243 405 1679 224 9154 2142 585 60 1598 7140 144 363 148 14787 82 270 267 389 970 64 1971 264 157 81 1514 97 5553 690 2621 373658 127185 377 129001 127 13398 786 1069 6089 10211 299 54361
leaf_count=462102 273882 5387 2281973 4098 334 1387 512 23346 227 2365 144 450 1571 1574 1759 223 188 469 798 409 374 243 405 1679 224 9154 2142 585 60 1598 7140 144 363 148 14787 82 270 267 389 970 64 1971 264 157 81 1514 97 5553 690 2621 373658 127185 377 129001 127 13398 786 1069 6089 10211 299 54361
internal_value=-6.99364e-06 -0.000522811 0.000250918 -0.00117046 0.00350512 -0.000109701 -0.00177261 -0.000463361 -0.00632514 0.00243091 -0.00746143 0.0119678 -0.00654623 -0.00379691 -0.00782786 -0.0152436 -0.000131466 -0.00072782 0.00755562 -0.00739138 -0.010685 -0.0174653 -0.0107141 -0.0125837 -0.0208678 0.000966886 -0.00124925 -0.00348978 -0.0138309 -0.00383569 -0.00687027 0.00148223 0.0185949 -0.00348692 -0.00209746 0.00565864 -0.00938238 -0.0194996 0.0100517 0.0117251 0.00944508 0.0142866 -0.0023885 -0.0104974 0.00990459 8.61678e-06 0.000780667 0.00441475 0.0103019 0.000283846 -0.00022221 -3.34044e-05 -0.00207385 -8.16193e-06 -0.00734855 0.00150541 -0.00238464 0.0101047 0.00533883 0.00415661 0.0127661 -0.00208545
internal_weight=3.8338e+06 1.27794e+06 2.55586e+06 497689 8247 780251 51828 40252 11576 16906 10899 677 10387 7137 5563 2721 738 2842 1267 1575 1431 1057 814 3250 1983 14541 489442 27340 550 26755 9744 2253 507 1746 17011 2224 7491 490 4149 3815 3426 2456 485 421 351 728423 167657 20164 6669 147493 560766 138783 58107 502659 817 13495 56661 1446 8710 11598 5852 55147
internal_count=3833795 1277940 2555855 497689 8247 780251 51828 40252 11576 16906 10899 677 10387 7137 5563 2721 738 2842 1267 1575 1431 1057 814 3250 1983 14541 489442 27340 550 26755 9744 2253 507 1746 17011 2224 7491 490 4149 3815 3426 2456 485 421 351 728423 167657 20164 6669 147493 560766 138783 58107 502659 817 13495 56661 1446 8710 11598 5852 55147
is_linear=0
shrinkage=0.05


Tree=77
num_leaves=63
num_cat=0
split_feature=12 0 0 12 7 2 4 3 10 3 0 2 2 2 4 4 7 2 10 4 1 0 7 2 1 4 1 10 0 1 1 1 5 9 5 10 5 10 1 2 2 3 4 10 3 10 10 10 1 5 0 4 9 6 4 4 10 1 11 10 7 10
split_gain=190.09 116.498 105.148 63.3187 78.1331 69.1984 75.5742 63.2476 75.1256 61.0624 55.3752 52.9646 56.1209 105.812 78.0093 69.2583 60.3512 56.5959 55.2588 66.9171 56.815 91.0318 60.8473 83.7884 50.0357 58.0343 49.7345 49.2886 78.6442 56.2591 48.9746 52.8472 65.6869 49.632 56.9347 65.4825 59.8418 48.9142 48.8085 47.8995 85.3456 68.7304 71.6328 83.0147 55.2228 54.759 47.7352 62.1552 56.8904 76.5723 46.9687 49.361 46.7534 53.522 61.1226 45.8574 69.3766 66.4298 45.6694 45.4731 45.2796 60.266
threshold=1.1250000000000002 0.0015488224211048101 0.0020723286934552694 2.2500000000000004 0.010514166861251619 0.12403346632871261 15.928071718884025 -0.0013545985451297404 14.375000000000002 -0.0046451846938111241 0.0010731675828695995 -0.20876839306415548 -0.11344247464837522 -0.074352058519507144 14.442709316056378 9.7771963586388129 0.000698697177830221 -0.11662433481791305 15.29166666666667 23.704328198878709 47.747070276802852 0.0015100291864690483 -0.00056485339419765068 -0.19922441547276767 72.169183842921953 18.486126548560065 57.49987441977472 14.04166666666667 0.0013915232408601818 46.042922096818479 38.666446164587576 56.544621448495491 0.38039183203911497 0.00024874561142927297 2.1965902082624109 15.208333333333334 2.4615077628152298 11.458333333333334 55.505318245710804 -0.00056590759564437946 -0.016330216714782193 -0.0019673149715397505 30.851600496596465 14.375000000000002 -0.0012963308284678393 14.125000000000002 12.708333333333334 14.375000000000002 57.645177486166141 1.5357496745102102 0.0012423332632078875 14.085861700590652 0.0014231511861844156 -0.00097273636213579529 30.116218552713544 25.583719585842285 14.54166666666667 58.471608427593857 0.40816326530614416 13.54166666666667 -0.00046120143585565149 15.125000000000002
decision_type=2 2 2 2 2 2 2 2 2 2 2 2 2 2 2 2 2 2 2 2 2 2 2 2 2 2 2 2 2 2 2 2 2 2 2 2 2 2 2 2 2 2 2 2 2 2 2 2 2 2 2 2 2 2 2 2 2 2 2 2 2 2
left_child=1 9 3 4 5 10 7 -7 -9 -1 24 27 15 14 59 26 55 18 19 20 37 22 -22 -24 25 30 -13 29 58 50 -2 32 -32 34 35 -34 -36 -17 -19 40 41 45 43 44 -43 -27 -41 -48 49 -49 51 -11 -12 -54 -55 57 -57 -16 -29 -14 -21 -62
right_child=2 -3 -4 -5 -6 6 -8 8 -10 11 52 12 13 -15 16 17 -18 38 -20 60 21 -23 23 -25 -26 39 -28 28 -30 -31 31 -33 33 -35 36 -37 -38 -39 -40 46 -42 42 -44 -45 -46 -47 47 48 -50 -51 -52 -53 53 54 -56 56 -58 -59 -60 -61 61 -63
leaf_value=-0.023711912482749762 0.0040709297559510102 -0.0004570028898135021 0.00043134052241963744 0.00050205774801055159 -0.024629911518458166 0.0081850409798104977 -0.001250315122154444 -0.0065028200853931243 -0.024650428092625357 -0.024944038078433178 -0.00018350788093027316 0.019086904040602752 0.030241389196290047 -0.0023247035640770056 0.0026363500696462185 -0.028131092905345625 -0.0071617232056538837 -0.010349516035507085 0.010798383965665995 -0.01913453863690881 -0.026342410000073938 0.013306966098635478 -0.022769196740218572 -0.0029678123991037325 -0.021600078375911418 0.0029611089133790565 -0.026930800124126322 -0.0082119166653157293 0.022677650660584203 0.0074287857818819362 0.0085094836199255432 0.0020661379515249305 -0.0058561875671812591 0.0023814966263690672 -0.02511610217632786 0.018023869588513423 -0.0082511259771988182 0.0023554181391324189 -0.044768986454484065 -0.021522899348917227 0.0108575050931602 0.014283109914214316 -0.0043815971633225622 0.008681641131899764 -0.0018488297263924568 -0.019667964337251119 0.0010766465820685916 -0.017148736659664262 -0.029220481944012357 0.006446924346787378 -0.011463179430098695 0.027782273146272435 0.0092957037472568751 -0.014008837358837293 0.0034376016986949701 0.0062816404440196975 0.032668124097268041 -0.03688871490636042 0.011772368899614052 0.0089049571345365328 -0.009240113894452338 0.03159434757334121
leaf_weight=328 1960 515257 1670682 304557 330 340 4445 1229 1064 61 1161464 430 392 100079 2091 137 1359 259 494 1331 511 458 700 2256 321 413 68 593 702 1077 846 2949 14195 1710 775 293 1637 3320 171 369 2029 583 4522 4122 5891 758 3341 739 332 643 1234 163 458 1850 689 1137 319 112 552 688 2331 94
leaf_count=328 1960 515257 1670682 304557 330 340 4445 1229 1064 61 1161464 430 392 100079 2091 137 1359 259 494 1331 511 458 700 2256 321 413 68 593 702 1077 846 2949 14195 1710 775 293 1637 3320 171 369 2029 583 4522 4122 5891 758 3341 739 332 643 1234 163 458 1850 689 1137 319 112 552 688 2331 94
internal_value=-6.32856e-08 -0.00078753 0.000157331 -0.000142884 -0.000303846 -0.000297266 -0.00522672 -0.0119397 -0.0149237 -0.00216712 -0.000268499 -0.00210972 -0.00230895 -0.00193508 0.00445931 -0.00546948 0.00183572 -0.0062239 -0.0055654 -0.00629117 -0.00352671 -0.00764336 -0.010411 -0.00765691 -0.00192515 -0.00179387 0.0128034 0.00328858 0.00950102 -0.00123781 -0.00350816 -0.00417118 -0.00511659 -0.00573602 -0.00655738 -0.00537325 -0.01367 0.00114725 -0.0240373 -3.4596e-05 0.00118748 -1.70446e-05 0.000886873 0.00313527 -0.000396108 -0.0116869 -0.0041618 -0.00289449 -0.0106352 -0.00617044 -0.00763967 0.0134238 -0.000199602 -0.00643657 -0.00927446 0.00517749 0.0120627 0.000626905 0.00142243 0.0166493 -0.0117244 -0.00765725
internal_weight=3.83424e+06 638704 3.19554e+06 1.52485e+06 1.2203e+06 1.21997e+06 7078 2633 2293 123447 1.21289e+06 123119 118737 106177 6098 12560 5018 12062 11632 11138 7382 3925 3467 2956 48428 48107 498 4382 1847 2535 24365 22405 19456 18610 16900 14488 2412 3457 430 23742 18318 16289 15118 10596 6474 1171 5424 5055 1714 1382 1458 224 1.16446e+06 2997 2539 3659 1456 2203 1145 1080 3756 2425
internal_count=3834240 638704 3195536 1524854 1220297 1219967 7078 2633 2293 123447 1212889 123119 118737 106177 6098 12560 5018 12062 11632 11138 7382 3925 3467 2956 48428 48107 498 4382 1847 2535 24365 22405 19456 18610 16900 14488 2412 3457 430 23742 18318 16289 15118 10596 6474 1171 5424 5055 1714 1382 1458 224 1164461 2997 2539 3659 1456 2203 1145 1080 3756 2425
is_linear=0
shrinkage=0.05


Tree=78
num_leaves=63
num_cat=0
split_feature=12 0 0 0 10 13 10 10 13 2 2 5 3 2 2 2 4 5 2 4 2 0 3 0 11 4 4 10 2 2 4 4 0 2 2 7 2 2 3 7 2 3 11 9 2 0 2 2 2 5 0 0 9 5 4 2 8 3 2 0 2 2
split_gain=173.007 106.376 75.2578 61.626 73.6439 64.2351 135.432 108.196 90.0615 74.2285 81.8672 78.0196 73.3543 70.2992 88.5758 72.5542 62.2845 64.7881 55.1993 54.5528 52.896 52.4052 64.623 52.3892 50.7283 50.0587 50.8185 49.5395 105.136 102.416 83.1982 97.8075 82.9332 60.9423 58.7339 94.6493 94.3541 147.016 140.643 135.756 108.293 89.7612 89.3901 92.0716 89.3528 150.661 122.589 91.2905 102.718 81.6015 79.2974 75.3495 71.5846 74.1322 69.6279 67.8713 64.1485 64.039 64.3064 63.7487 63.516 75.0674
threshold=1.1250000000000002 0.0015180913033894291 0.001502174174777132 0.0036287110059800838 11.125000000000002 3.2500000000000004 15.29166666666667 14.958333333333334 1.7500000000000002 -0.021163970903416367 -0.018841372472276779 1.4307296053406156 -0.0017825806131571301 -0.021947312865793534 -0.19728384589080358 -0.01693951488905435 49.582244864167485 3.7877493918658049 0.11081959178938204 66.143194277990418 -0.19922441547276767 0.0018189120744760217 0.0032759035360650107 0.0032618681245879916 0.43333333333331003 20.441400529640777 24.525509195816895 14.958333333333334 -0.12732775897858731 -0.10064734988302491 13.838898823915734 26.342840883639372 0.0010731675828695995 -0.22441624292836806 0.035547764437456657 -0.00046827443447444711 0.0066720196311561529 -0.0011591370590085112 -0.00058437048477253436 -0.0026924721652646362 -0.0060041889801621404 0.0013488552976714996 0.51724137931040237 -0.00050284300898167553 0.012812002228152932 0.0011192457152150077 0.030748899148744503 0.01930039719212474 0.014992999403379073 1.5357496745102102 0.0011879484712433218 0.0011720809903882426 -7.3368919257627992e-05 1.981611309209417 24.641829962014189 0.008255279080316159 0.0031214060477283063 0.00076396715596682393 0.0031704504127884991 0.0010963956351604436 -0.0094645576903086732 -0.013886132304867222
decision_type=2 2 2 2 2 2 2 2 2 2 2 2 2 2 2 2 2 2 2 2 2 2 2 2 2 2 2 2 2 2 2 2 2 2 2 2 2 2 2 2 2 2 2 2 2 2 2 2 2 2 2 2 2 2 2 2 2 2 2 2 2 2
left_child=2 27 -1 4 -3 7 -7 -6 -9 11 -11 21 24 14 20 23 17 18 -14 -13 -10 -8 -23 -15 -12 -16 -27 -2 33 30 -30 32 -32 -29 36 41 37 39 59 56 42 49 43 -41 51 -46 47 48 -47 -36 -42 -40 53 -45 -49 -53 -31 -39 -59 -38 61 -54
right_child=1 3 -4 -5 5 6 9 8 13 10 12 19 16 15 25 -17 -18 -19 -20 -21 -22 22 -24 -25 -26 26 -28 28 29 34 31 -33 -34 -35 35 -37 38 57 44 40 50 -43 -44 52 45 46 -48 54 -50 -51 -52 55 60 -55 -56 -57 -58 58 -60 -61 -62 -63
leaf_value=-0.0019499067771719149 -0.00029392174047070374 -0.00022511806636218187 -0.00050444949010234209 0.0008979052121889145 0.00034024357954842276 0.00067744310380164199 -0.029059401514765982 -0.0036898270344926497 -0.0031920918385898766 -0.029914000070639674 0.014523171054794108 0.010136567419325707 0.0010133010699691131 -0.0091501329651849719 0.0049903191002916535 -0.0013696941864190101 0.022700142379069248 -0.022923766461939651 -0.021962977606145778 -0.03109764302218402 -0.033575506590000574 0.0083598777311577645 -0.022534906305372717 -0.046960961042592925 0.0010931195841728347 -0.0035070232517989738 0.0021453252299202287 -0.0084286109307559875 0.0067483889354593256 -0.028821499106292094 0.011939482547734914 -0.0015501473015383297 -0.026978407792622575 0.0050575711981011009 -0.023715852924941154 0.0033470784876786447 -0.019037588357925416 0.010115684846942129 -0.036071743571370947 -0.029774999915639318 -0.024822234811617189 -0.037642795466027168 0.0025830691078873231 0.015421973232160577 0.013011555875602522 2.9747614186573655e-05 -0.031238467597998448 -0.010374127826151333 -0.025047852291240558 -0.0010477724694047991 -0.0062458650625310842 0.017856382415784116 -0.0039190575861604562 -0.0013253686850080056 0.0051270130978947562 -0.018656303566179158 0.00044122914316154752 -0.013261806786417247 0.01312182192761905 0.0053923947797942552 0.007779121524635166 -0.015146990972151659
leaf_weight=108473 498320 727047 530187 355375 913551 494920 182 29043 7601 197 1807 8250 6711 2004 10684 44833 291 319 272 81 146 657 228 96 1151 5188 17029 944 502 721 152 802 1377 7438 459 10157 300 3449 554 326 806 212 9644 965 760 612 644 1419 1227 2940 2000 151 10595 2096 1480 810 253 668 353 2430 972 1732
leaf_count=108473 498320 727047 530187 355375 913551 494920 182 29043 7601 197 1807 8250 6711 2004 10684 44833 291 319 272 81 146 657 228 96 1151 5188 17029 944 502 721 152 802 1377 7438 459 10157 300 3449 554 326 806 212 9644 965 760 612 644 1419 1227 2940 2000 151 10595 2096 1480 810 253 668 353 2430 972 1732
internal_value=1.33526e-06 0.000151469 -0.000749953 0.000285617 0.000189859 0.000385108 0.000841021 0.000157161 -0.00127698 0.00485959 0.00202157 0.00810528 0.00261785 -0.000476848 0.00104531 -0.00179517 1.57242e-05 -0.000888297 0.000118335 0.00973566 -0.0037647 -0.00462449 0.000400544 -0.0108786 0.00929735 0.00217789 0.000825418 -0.000468829 -0.00171486 -0.00243009 -0.0117155 -0.0156918 -0.0231095 0.00353873 -0.00198223 0.000875216 -0.00285712 -0.00160185 -0.0070361 -0.00285799 -0.00224415 -0.00607762 -0.00124903 -0.00346387 -0.0105102 -0.00782761 -0.0107703 -0.00798827 -0.0167023 -0.00410886 -0.0115818 -0.0213855 -0.00293958 0.00395434 -0.00246047 -0.0129191 -0.0212204 0.00685953 -0.00413994 0.00270778 -0.00452633 -0.00549663
internal_weight=3.83459e+06 3.19593e+06 638660 2.62766e+06 2.27229e+06 1.54524e+06 515066 1.03018e+06 116624 20146 10748 9398 10551 87581 40648 46933 7593 7302 6983 8331 7747 1067 885 2100 2958 32901 22217 568270 69950 61568 2833 2331 1529 8382 58735 13768 44967 34580 10387 30110 29136 3611 26330 16686 7657 6142 5382 4738 1839 3399 2806 1515 16360 3061 2899 961 974 4470 1021 2730 13299 12327
internal_count=3834593 3195933 638660 2627663 2272288 1545241 515066 1030175 116624 20146 10748 9398 10551 87581 40648 46933 7593 7302 6983 8331 7747 1067 885 2100 2958 32901 22217 568270 69950 61568 2833 2331 1529 8382 58735 13768 44967 34580 10387 30110 29136 3611 26330 16686 7657 6142 5382 4738 1839 3399 2806 1515 16360 3061 2899 961 974 4470 1021 2730 13299 12327
is_linear=0
shrinkage=0.05


Tree=79
num_leaves=63
num_cat=0
split_feature=12 12 10 13 4 5 4 6 3 2 13 10 10 2 2 2 2 2 4 4 8 1 3 2 2 2 4 3 4 2 4 3 5 3 1 3 3 10 2 8 4 1 9 13 1 1 4 2 4 2 4 4 4 2 10 4 3 2 2 5 4 10
split_gain=142.619 90.0536 61.2031 116.258 42.1789 42.793 41.0461 47.6137 47.5413 50.1359 46.4987 202.948 184.704 97.6989 105.943 149.725 143.407 101.818 95.342 111.586 98.5521 88.6251 88.3763 85.2789 81.159 169.857 83.3617 87.0294 81.3282 107.406 132.503 73.3311 74.4425 72.579 72.2384 71.8008 70.8814 106.815 68.8466 69.4113 77.7443 111.936 64.7489 64.2906 63.3227 63.2453 61.6544 64.2987 63.0929 72.0407 61.4636 61.0663 57.99 57.7347 57.2424 56.798 56.4664 65.8505 55.8947 55.8438 77.405 55.3159
threshold=1.1250000000000002 2.2500000000000004 15.375000000000002 3.2500000000000004 13.838898823915734 3.465388856525196 13.838898823915734 -0.005681283204272968 0.00065803294684517878 0.11081959178938204 3.2500000000000004 14.04166666666667 14.958333333333334 -0.025922773785349816 0.017347872391236942 0.025601267899382479 0.010069300628684313 -0.23752482284043752 23.817511034791121 40.397341690010855 0.0021413685647275042 49.075577812338331 4.0706872243789396e-05 0.12403346632871261 0.048295784928565989 0.07667889064379553 37.200636872500297 -0.0040302131338157297 30.568081474044408 0.041588330894311389 17.30280359814396 0.0087994471593073869 4.2753128160657665 0.0053595534002495648 35.824328480980142 0.0021172660063574038 -0.0027661261434401524 15.04166666666667 0.034328828225155796 0.0015843461403837664 24.050062452010007 40.643310482819636 -0.00035768933047900208 2.2500000000000004 58.634545378502487 36.501930462758203 28.431625593625121 0.051472238817806902 38.141116893721438 0.055507828413545554 18.689758371966658 49.582244864167485 26.96445384804435 -0.017565818537146404 15.208333333333334 20.542803473120568 -0.0014135554025049883 0.097167976504954609 -0.023683604839015861 2.3289671859459955 63.128626268424064 14.708333333333334
decision_type=2 2 2 2 2 2 2 2 2 2 2 2 2 2 2 2 2 2 2 2 2 2 2 2 2 2 2 2 2 2 2 2 2 2 2 2 2 2 2 2 2 2 2 2 2 2 2 2 2 2 2 2 2 2 2 2 2 2 2 2 2 2
left_child=2 6 4 -4 5 -1 7 -2 9 -9 12 -12 -8 17 16 61 18 50 21 20 -20 -15 24 59 28 46 27 -27 29 30 34 -19 -33 -18 -17 -23 -21 53 45 -40 -41 -42 -39 54 -25 -32 -26 -48 -49 -50 -13 -44 -29 -38 -14 -52 -54 -58 -22 60 -24 -16
right_child=1 -3 3 -5 -6 -7 10 8 -10 -11 11 13 43 14 15 22 33 31 19 36 58 35 23 44 25 26 -28 52 -30 -31 38 32 -34 -35 -36 -37 37 42 39 40 41 -43 51 -45 -46 -47 47 48 49 -51 55 -53 56 -55 -56 -57 57 -59 -60 -61 -62 -63
leaf_value=-0.0018243311410767822 -0.031872828451336405 0.00066915046212519085 -0.0006145267019829273 0.011781282405435788 -0.00061023242057499458 -0.010270876523858143 7.0297481589539482e-05 -0.00013891915595842206 -0.0020279557811162057 -0.0071453953615460185 -4.6555930424776853e-05 0.0083522636062368701 -0.0015605433387029582 0.00079163153336633406 0.0044398841967522645 -0.028159446142319789 -0.01035237571784841 0.0040151320950793769 0.0074891168636172928 -0.014357787510798191 0.018128413992012784 -0.0082555076211269455 0.006150849009111399 -0.020609812473622188 0.0073896612683023045 0.014769427792312037 -0.028474708137380102 -0.010887477938528629 0.004163865831697363 -0.013646169844021803 -0.02730436803080798 -0.016012708218864916 0.013289530429615282 0.01962809132774012 0.017453389485583275 0.003900390422332973 -0.0089192153566676115 0.013299862570656932 0.013358157121745701 -0.022061192696758856 0.017116276144164885 -0.023389972152654082 -0.023728508381264321 -0.00080145563516685137 0.0050979333594063213 -0.0073318895680537823 -0.015003882131473287 -0.0028917487665102871 -0.012249341948288625 0.020807963826062321 -0.023956179713100705 0.0069168548792453823 -0.010290173913856022 0.010233028434569311 -0.004593139828184766 -0.0043215423537895986 -0.0042731113304648929 0.023113754337729372 -0.0020697900731312603 -9.6490486688492898e-05 -0.031592879830485719 0.013668817337412527
leaf_weight=53225 122 639870 5648 2844 575739 1543 1432856 170683 47588 2592 606862 865 31184 9328 3005 95 4666 66427 9819 1281 366 7257 16006 611 8131 541 379 2713 2411 3095 522 867 289 211 1006 1459 509 203 704 480 511 256 816 62266 394 1647 635 1756 214 717 411 203 610 1734 31059 3547 436 442 5339 5272 137 3532
leaf_count=53225 122 639870 5648 2844 575739 1543 1432856 170683 47588 2592 606862 865 31184 9328 3005 95 4666 66427 9819 1281 366 7257 16006 611 8131 541 379 2713 2411 3095 522 867 289 211 1006 1459 509 203 704 480 511 256 816 62266 394 1647 635 1756 214 717 411 203 610 1734 31059 3547 436 442 5339 5272 137 3532
internal_value=2.35546e-06 0.000138659 -0.000679575 0.00353687 -0.000736364 -0.0020623 5.9105e-06 -0.000645414 -0.000628165 -0.000243728 6.75235e-05 0.000382989 -9.02162e-05 0.00189982 0.000882583 0.0023125 -0.000979937 0.00329698 4.79776e-05 0.00240125 0.00445246 -0.00259561 0.00137721 0.00370337 -0.000533067 0.00166011 -0.00590962 -0.00410613 -0.00392169 -0.00626588 -0.00189086 0.00379786 -0.00868715 -0.00905529 0.0135177 -0.00622069 -0.00430818 -0.000592865 -0.00600853 0.000806435 -0.0062797 0.00359659 -0.0124865 -0.00193742 -0.0105314 -0.0121385 0.00504478 -0.000694589 0.00268703 0.0132094 -0.00372171 -0.0176235 -0.0065369 0.00588684 -0.0030738 -0.00636041 0.00139529 0.0095139 -0.000773989 0.0043714 0.00583053 0.00942636
internal_weight=3.83594e+06 3.19694e+06 638999 8492 630507 54768 2.55707e+06 220985 220863 173275 2.33608e+06 778717 1.55736e+06 171855 99449 56258 43191 72406 38314 20270 15524 18044 49721 22420 27301 16574 5121 4742 10727 8316 5221 67583 1156 4877 1101 8716 4746 3465 4120 1951 1247 767 1222 124509 1005 2169 11453 3322 2687 931 4823 1019 4201 2243 62243 3958 1488 878 5705 21415 16143 6537
internal_count=3835936 3196937 638999 8492 630507 54768 2557067 220985 220863 173275 2336082 778717 1557365 171855 99449 56258 43191 72406 38314 20270 15524 18044 49721 22420 27301 16574 5121 4742 10727 8316 5221 67583 1156 4877 1101 8716 4746 3465 4120 1951 1247 767 1222 124509 1005 2169 11453 3322 2687 931 4823 1019 4201 2243 62243 3958 1488 878 5705 21415 16143 6537
is_linear=0
shrinkage=0.05


Tree=80
num_leaves=63
num_cat=0
split_feature=0 12 10 2 2 1 0 3 2 2 4 2 2 2 4 1 4 4 4 0 7 2 4 6 7 1 0 1 1 4 2 2 2 7 0 9 4 4 2 2 2 0 1 8 11 4 11 1 3 4 0 0 7 1 3 2 2 2 2 2 4 4
split_gain=150.48 96.591 75.9557 196.093 130.911 113.431 98.8112 89.3521 89.2093 95.5844 101.979 88.3339 81.2093 150.311 154.234 97.1052 91.2127 156.243 102.189 80.1412 79.6592 95.2913 73.1715 86.0499 88.6719 72.3359 130.765 71.305 116.403 76.9968 75.7097 206.87 106.648 137.53 109.522 104.337 91.7356 119.884 87.6559 147.446 239.752 118.702 114.207 133.955 90.5992 89.6854 77.0811 76.7359 158.931 76.6984 74.5102 73.9402 72.357 72.0229 69.1982 85.18 69.4366 109.345 92.1484 115.33 117.486 111.566
threshold=0.0015565082277982408 1.8750000000000002 14.958333333333334 -0.12732775897858731 -0.10064734988302491 27.396294175520435 0.0012701775808214341 -0.0032090508441918078 -0.09450313933816494 -0.083535810942022407 10.903502431973239 -0.22441624292836806 -0.072081480832530659 -0.066788104335601964 12.395248237452579 34.823060601063915 36.038728038306338 48.381121825206336 32.428130142177302 0.0014875953953294139 0.0018832777228419142 0.011038789801083889 15.928071718884025 0.00038563148175119194 0.00032644180870611278 56.243890878518336 0.0013746063576724678 67.793000874229165 66.013134394839284 30.425880006703963 0.064899025931300161 0.068463098413937981 0.046298878447835694 -0.00044305293044322175 0.0013579963211707295 0.00043994720633523042 31.159681807412024 23.704328198878709 0.027841359636806163 -0.0029639174095702349 -0.024536438200905227 0.0013665449845959991 49.634508984876739 0.0015338570557982972 0.57142857142855719 23.254521132911115 0.08474576271187316 57.49987441977472 -0.00031136946731592953 16.779374314454639 0.0010963956351604436 0.0014406773548415175 0.0015645947365258153 62.5563654936145 -0.00075213756628568474 0.045093614578318925 0.033120786178767493 0.0066720196311561529 0.00090991971437818381 -0.0036980595843561052 18.486126548560065 16.872325826548366
decision_type=2 2 2 2 2 2 2 2 2 2 2 2 2 2 2 2 2 2 2 2 2 2 2 2 2 2 2 2 2 2 2 2 2 2 2 2 2 2 2 2 2 2 2 2 2 2 2 2 2 2 2 2 2 2 2 2 2 2 2 2 2 2
left_child=2 -2 -1 11 6 -6 22 -8 -7 -10 -11 25 -12 14 -14 -16 18 19 20 -18 27 -22 -5 24 -24 26 -4 28 30 -30 32 -32 34 35 36 53 37 54 39 40 51 -42 43 -40 52 -44 -43 48 -39 -46 -49 -36 -41 -34 55 -15 57 58 59 61 -61 -56
right_child=1 -3 3 4 5 8 7 -9 9 10 12 -13 13 16 15 -17 17 -19 -20 -21 21 -23 23 -25 -26 -27 -28 -29 29 -31 31 -33 33 -35 38 -37 -38 47 42 44 41 46 45 -45 49 -47 -48 50 -50 -51 -52 -53 -54 -55 56 -57 -58 -59 -60 60 -62 -63
leaf_value=-0.00044549578767600517 -4.270395613537293e-05 0.00055156019924384363 -0.023433929257219731 0.014584521788919988 -0.012870163219548364 0.015467538336912792 0.0011220497255861341 -0.024546015234992252 -0.024182776313244812 0.012553879979423041 0.0072665879675375689 0.0058336596119652404 0.014962244619925817 -0.00042803732654192022 0.010107116835457938 -0.029800280839103934 -0.0072198185603127088 0.010394367607526822 0.0072608048166010776 -0.020564977521448435 0.0080693523022999179 -0.0036856749070569802 -0.028874247098143721 0.016018658491872974 0.0076966972285959908 -0.029324994134524513 0.017303507962183322 0.010119748818612486 -0.029146349301664116 0.0076697032815880254 -0.02999025976341298 -0.001243236024235803 0.0014830584958119496 0.0090730628843724345 -0.0038666171967317469 -0.027877557169553105 -0.025200775996297338 -0.005870906157480156 -0.014608106616254377 0.014457717204292867 0.021680520723263423 0.0034322420056437106 -0.009504234255151095 0.016254363197858644 0.011558268560544073 -0.037433400756933473 -0.017917247569758914 0.014703068960972919 0.013379122917518841 -0.0099698685094410065 -0.016272265827293377 0.0089178327118908923 -0.038436075232245709 -0.037726225614547734 -0.00017300219105129236 -0.030690241666113744 0.0052033899073325564 -0.016495296542388932 0.0078266734689474114 -0.029214360858454847 0.013042648410310552 -0.013416298002870525
leaf_weight=665889 2051590 1025612 358 446 2502 720 427 1646 492 1173 2149 9784 300 4946 175 1182 3473 964 3046 1664 3908 3085 546 248 238 315 438 1047 673 180 932 1905 1858 4205 1701 441 567 1952 674 3176 240 497 829 735 716 440 2831 246 2379 980 921 3375 66 125 3831 244 849 3931 1000 1023 196 2719
leaf_count=665889 2051590 1025612 358 446 2502 720 427 1646 492 1173 2149 9784 300 4946 175 1182 3473 964 3046 1664 3908 3085 546 248 238 315 438 1047 673 180 932 1905 1858 4205 1701 441 567 1952 674 3176 240 497 829 735 716 440 2831 246 2379 980 921 3375 66 125 3831 244 849 3931 1000 1023 196 2719
internal_value=-4.94171e-08 0.000155361 -0.000631292 -0.00198033 -0.00282925 -0.00239783 -0.0122162 -0.0192589 -0.00204735 -0.00221768 -0.00207074 0.00431654 -0.00230776 -0.00260075 -0.0174813 -0.0246538 -0.00224116 -0.00807644 -0.00167126 -0.0115426 -0.00212911 0.00288356 -0.00233843 -0.00965203 -0.0177724 -0.00904391 -0.0010181 -0.00279769 -0.0030609 -0.0213774 -0.0027517 -0.0106871 -0.00227966 0.00360506 -0.00322964 -0.00588047 -0.00532033 -0.00485525 -4.03717e-05 0.00158976 -0.00234776 -0.0122799 -0.00830792 0.00149119 0.00848242 -0.0191881 -0.0147289 0.0016368 0.00470305 -0.000881339 -0.00974276 0.00463368 0.0133809 -0.00098853 -0.00676001 -0.00185077 -0.00864051 -0.00956598 -0.00645968 -0.00829857 -0.02242 -0.00567049
internal_weight=3.8348e+06 3.0772e+06 757598 91709 80814 77263 3551 2073 74761 74041 73549 10895 72376 70227 1657 1357 68570 6101 62469 5137 59423 6993 1478 1032 784 1111 796 52430 51383 853 50530 2837 47693 6629 41064 2424 24804 24237 16260 13582 8644 3568 2678 1409 4938 1269 3328 5498 4331 1696 1167 5076 3242 1983 18739 5190 13549 12700 8769 7769 1219 6550
internal_count=3834800 3077202 757598 91709 80814 77263 3551 2073 74761 74041 73549 10895 72376 70227 1657 1357 68570 6101 62469 5137 59423 6993 1478 1032 784 1111 796 52430 51383 853 50530 2837 47693 6629 41064 2424 24804 24237 16260 13582 8644 3568 2678 1409 4938 1269 3328 5498 4331 1696 1167 5076 3242 1983 18739 5190 13549 12700 8769 7769 1219 6550
is_linear=0
shrinkage=0.05


Tree=81
num_leaves=63
num_cat=0
split_feature=12 0 4 9 10 0 2 0 10 1 0 4 2 2 1 9 7 7 4 2 2 10 1 2 2 2 6 6 6 0 2 10 6 2 2 10 0 3 0 4 3 10 1 9 2 2 4 4 6 11 7 7 2 10 2 2 4 10 1 4 10 4
split_gain=151.953 125.901 67.7299 79.2464 101.83 111.381 167.262 101.739 109.459 126.317 92.1401 86.4537 94.2293 137.46 117.31 86.3107 84.9965 76.7292 76.4857 70.2922 90.331 96.4028 95.3806 68.6007 84.831 66.7604 65.0004 63.4455 74.6643 62.6656 64.8053 161.089 123.826 100.459 110.441 147.594 119.172 98.638 97.9569 96.3348 84.9368 83.2546 120.439 99.5239 104.678 90.9414 118.149 114.829 96.6831 104.742 100.274 82.5987 81.4265 84.2288 80.3183 110.823 117.445 119.383 184.836 95.9771 141.205 191.743
threshold=1.6250000000000002 0.0018985094982703025 18.975030440561596 0.00043994720633523042 14.54166666666667 0.0028752912702924307 0.043059930462199872 0.003188815239166832 15.208333333333334 33.209587040044767 0.0042917433238780075 10.903502431973239 0.040571181833472879 0.045093614578318925 47.145228813261888 -9.8794704844952576e-05 1.0000000180025095e-35 -0.0001982701081707505 11.839757314923306 0.01652749037128683 -0.041286936430331413 15.29166666666667 48.946497135520026 -0.20876839306415548 -0.010419901354692474 -0.16535616704610437 -0.005681283204272968 -0.0018183621695062044 -0.0010833618463777504 0.0072247202833960441 -0.21865890067952651 13.625000000000002 0.0030610795531429429 -0.021947312865793534 0.0059260752155403185 14.958333333333334 0.0020802182649020543 0.0024003317860528516 0.003453688441797817 39.593053006431312 -0.0023456424332271865 14.458333333333334 18.537859523674644 -0.00087164963825303512 -0.20643638702681616 -0.20150058846806043 34.986227756517401 49.582244864167485 0.00029705360153153842 0.78260869565225344 0.0068217433610768827 -0.0058817105561693164 0.0037908301114664756 13.458333333333334 0.036572867735513138 0.050298180056766333 33.270068038957355 14.29166666666667 77.324820429981244 32.09803898638274 15.04166666666667 52.926577624567109
decision_type=2 2 2 2 2 2 2 2 2 2 2 2 2 2 2 2 2 2 2 2 2 2 2 2 2 2 2 2 2 2 2 2 2 2 2 2 2 2 2 2 2 2 2 2 2 2 2 2 2 2 2 2 2 2 2 2 2 2 2 2 2 2
left_child=1 26 3 4 -3 11 7 23 10 -10 15 -6 19 -14 16 -9 -15 -16 -19 20 -13 -22 -23 -7 -25 -12 -1 -17 -29 30 31 -4 38 41 35 37 40 52 39 51 -37 -32 -43 -44 -45 46 -46 48 50 -50 -47 -33 -35 -54 -36 56 -56 -58 -59 -57 -61 -62
right_child=-2 2 29 -5 5 6 -8 8 9 -11 25 12 13 14 17 27 -18 18 -20 -21 21 22 -24 24 -26 -27 -28 28 -30 -31 33 32 -34 34 54 36 -38 -39 -40 -41 -42 42 43 44 45 47 -48 -49 49 -51 -52 -53 53 -55 55 59 57 58 -60 60 61 -63
leaf_value=-0.030072519496867536 0.00030526046825775718 6.0397976281822303e-05 -0.00050989177767121697 0.0037352770959866799 0.019208587303627844 -0.034296980629796574 0.012560032217565652 -0.018483794258996409 -0.045910292355851701 0.016784826253630616 0.01754655871660479 0.0081981262230851736 -0.025207300118375769 0.015675039028299264 -0.01902918762017336 0.030561249153152188 -0.022725690193474295 -0.037542189240455631 0.0030152177029704476 0.015713988704403947 0.0026929987316835317 0.0067111425208193909 -0.029843878325044627 0.0057145767508538121 -0.024677742096075574 -0.038870056645383184 -0.00082381957218877623 -0.028752060987285735 0.0057174972702746822 0.0044834962493970924 0.00024197742872512213 -0.031417236379380771 0.017127588997402837 -0.0017304180507094786 0.0010186289105136128 -0.0003320257226340205 -0.0051919426406951139 0.0010782922307081032 -0.022497587902978792 -0.019481791933776551 -0.026324830855882282 -0.03585953581156117 -0.023036188526463736 0.013403259622612988 0.0038035892662794698 0.00027354448912691006 -0.033180773199629726 0.016036899309733166 0.006908028138359959 -0.0042006270008380581 -0.030193473289917856 -0.0039103387897421113 -0.0050533678733067139 -0.020619642511331904 -0.0040966757750900071 0.00099434776675905862 -0.00079492733881379892 0.016513039100267399 -0.029300817835234829 -0.00086803934360221648 -0.016513334638617448 0.017891190700893161
leaf_weight=190 1917319 185155 45035 20461 1033 460 1399 649 88 923 62 8370 554 1450 734 191 160 125 1660 1753 4052 280 492 426 498 340 747027 194 826 7119 333648 282 504 94138 108769 417 7264 31905 1083 1280 1276 202 368 2315 460 18804 407 1574 13239 2527 274 8473 5742 1024 39423 106340 23196 1961 248 75817 2781 474
leaf_count=190 1917319 185155 45035 20461 1033 460 1399 649 88 923 62 8370 554 1450 734 191 160 125 1660 1753 4052 280 492 426 498 340 747027 194 826 7119 333648 282 504 94138 108769 417 7264 31905 1083 1280 1276 202 368 2315 460 18804 407 1574 13239 2527 274 8473 5742 1024 39423 106340 23196 1961 248 75817 2781 474
internal_value=-9.51207e-06 -0.000324186 -5.41159e-07 0.000763763 0.000476799 0.00336234 -0.00260071 -0.00715512 -0.00234943 0.0113277 -0.00846241 0.00511002 0.0043681 -0.00182086 0.00131697 -0.00377098 0.0118588 -0.00542078 0.000175063 0.00630715 0.00505732 -0.000392213 -0.0165856 -0.01852 -0.0106657 -0.030169 -0.000831257 0.00411392 -0.000838478 -0.000189779 -0.000225504 -0.00186427 -0.00711248 -0.000119343 -0.000582332 -0.00176396 -0.00797624 -0.00134499 -0.00821133 -0.00666952 -0.0199226 0.000500889 0.00265138 0.00284601 0.00308654 0.00244598 -0.0135582 0.00282699 0.00223026 0.00512751 -0.000164026 -0.00479634 -0.00211121 -0.00740925 -0.00011573 -0.000608789 -0.00238827 0.000262796 0.0113696 1.33953e-05 -0.00130584 -0.0115033
internal_weight=3.83524e+06 1.91792e+06 1.1707e+06 232335 211874 26719 6056 4657 3273 1011 2262 20663 19630 4683 4129 1860 1610 2519 1785 14947 13194 4824 772 1384 924 402 747217 1211 1020 938369 931250 56657 11622 874593 500775 141766 8957 132809 11118 10035 1693 373818 40170 39968 39600 37285 867 36418 34844 15766 19078 8755 100904 6766 359009 250240 64828 25405 2209 185412 79072 3255
internal_count=3835240 1917921 1170704 232335 211874 26719 6056 4657 3273 1011 2262 20663 19630 4683 4129 1860 1610 2519 1785 14947 13194 4824 772 1384 924 402 747217 1211 1020 938369 931250 56657 11622 874593 500775 141766 8957 132809 11118 10035 1693 373818 40170 39968 39600 37285 867 36418 34844 15766 19078 8755 100904 6766 359009 250240 64828 25405 2209 185412 79072 3255
is_linear=0
shrinkage=0.05


Tree=82
num_leaves=63
num_cat=0
split_feature=12 12 2 8 10 13 4 4 4 3 2 10 1 1 1 2 2 8 5 1 5 2 4 1 1 10 2 2 10 13 4 4 5 1 2 2 1 7 1 6 4 2 9 2 10 4 2 2 1 2 3 5 13 8 5 5 1 3 13 2 7 2
split_gain=127.446 69.8846 43.5089 79.0613 67.2327 117.731 111.926 88.8779 120.775 92.8408 90.7008 90.6294 84.0481 75.2768 70.4116 75.6149 105.944 69.0394 66.1387 61.0751 55.3833 52.3007 49.4804 56.917 54.5506 55.9094 60.9404 110.842 125.972 124.697 124.727 96.217 117.352 106.977 91.7178 90.8226 118.305 76.3947 73.1851 65.245 63.8975 61.6114 61.5151 60.5113 60.0199 74.8811 129.692 121.177 95.1531 85.8927 84.2051 79.5656 70.929 69.9103 68.2401 71.5105 67.54 67.6278 64.0844 75.3695 78.3671 61.3657
threshold=1.1250000000000002 2.2500000000000004 -0.076500227758450737 0.00063376377560519462 14.958333333333334 3.2500000000000004 10.251597655383696 36.038728038306338 49.582244864167485 -0.0017511392523639534 -0.0607155957151728 15.208333333333334 27.396294175520435 71.121218995969699 72.880496587930722 0.050298180056766333 0.0059260752155403185 0.0020157750824816184 3.1988914211864166 77.324820429981244 3.0909997662176165 -0.035532750613633889 13.965577974883958 54.263790784592054 34.823060601063915 14.04166666666667 -0.013249194365043598 -0.047866203576517614 14.625000000000002 2.7500000000000004 32.934801996275517 26.577534028478336 1.1627397690895032 70.561796855813199 -0.020431378648323943 -0.025922773785349816 49.891058339604676 0.0016308709744069507 70.029196493669176 -0.00087405846428512113 47.286436884653945 0.048295784928565989 0.00077200144377759412 -0.025922773785349816 14.54166666666667 19.647744254947515 0.064031022608156282 0.017347872391236942 43.72803065728354 0.051472238817806902 0.0053595534002495648 0.32454176206385188 2.7500000000000004 0.0026595744680850786 1.5192481086967782 0.57350039544806275 54.406847456335647 0.002065608864618733 2.7500000000000004 0.014191359642121528 0.00091587322821407035 0.029733101360507965
decision_type=2 2 2 2 2 2 2 2 2 2 2 2 2 2 2 2 2 2 2 2 2 2 2 2 2 2 2 2 2 2 2 2 2 2 2 2 2 2 2 2 2 2 2 2 2 2 2 2 2 2 2 2 2 2 2 2 2 2 2 2 2 2
left_child=-1 2 3 -2 22 -6 -7 11 10 -10 -9 19 -13 -14 15 16 17 21 -15 -8 -19 -12 23 -4 -24 -26 27 28 -27 -29 31 32 35 -33 40 -31 39 -38 44 -37 43 -40 -43 -32 -28 46 47 51 -48 -47 52 -46 -51 58 55 -54 -50 -58 -53 60 -60 -49
right_child=1 -3 4 -5 5 6 7 8 9 -11 14 12 13 18 -16 -17 -18 20 -20 -21 -22 -23 24 -25 25 26 38 29 -30 30 34 33 -34 -35 -36 36 37 -39 41 -41 -42 42 -44 -45 45 49 48 61 56 50 -52 53 54 -55 -56 -57 57 -59 59 -61 -62 -63
leaf_value=-0.00063577270008628706 0.0046661061611579877 0.0006053273712984667 -0.00041585581328549561 0.00029681309040015952 -0.0021122576302496101 0.026817192260212116 -0.0010564422156766353 -0.030208895136960425 -0.0070155161233352763 0.016892850314780751 0.0088894077689848205 0.025818834272779034 0.0028259138531896645 0.029948773674162016 -0.01892957198744722 -0.01406374678398886 0.015235603423747003 0.0081466480170782393 -0.0002448429645177712 0.024259947988502218 -0.018450200378786603 -0.018372209089138631 -0.00071431390457768809 -0.0028968127200065738 4.3323404795711279e-05 0.0022166210639124688 0.0010326563406939341 0.00091613180870050526 -0.0059343438677971734 0.0070166384598273034 -0.0050847518866249134 0.015850561558569252 0.011198928052678402 -0.017882297043838809 0.0085086836303408086 -0.01368033687207079 -0.017488993997447595 0.0072319854866078189 0.0091272410171262964 0.0096003941260278235 0.009933080225685547 0.0013052658062632245 -0.034232773297415003 -0.023361532624134949 -0.026269090737690005 -0.0014541073529624401 0.0032912476287211903 0.0085175964198534997 -0.022399464257901288 0.0005218625240601026 -0.015618189903716564 -0.0018532041565056012 -0.0047211796979357073 0.0070362331185431313 -0.0017285220234622212 0.012618502648707864 0.0020906458912711397 -0.02240113369189203 -0.0039241013364618889 -0.032006335261446105 -0.021524970047175886 -0.00034080238182266248
leaf_weight=639140 10517 639083 128168 665426 99674 412 20745 416 672 1026 214 428 19608 487 883 1242 884 1042 289 241 241 989 194680 28205 1165487 12171 76857 23613 7764 4169 2219 4494 5888 248 1702 373 1526 393 4247 1558 543 2956 127 569 456 26777 810 2765 1730 6760 561 3542 682 1081 1484 4640 760 448 2288 393 874 6674
leaf_count=639140 10517 639083 128168 665426 99674 412 20745 416 672 1026 214 428 19608 487 883 1242 884 1042 289 241 241 989 194680 28205 1165487 12171 76857 23613 7764 4169 2219 4494 5888 248 1702 373 1526 393 4247 1558 543 2956 127 569 456 26777 810 2765 1730 6760 561 3542 682 1081 1484 4640 760 448 2288 393 874 6674
internal_value=8.75006e-06 0.000137675 2.07518e-05 0.000364795 -0.000102935 -0.00112026 0.000864455 0.000648037 -0.00432231 0.00743088 -0.00769854 0.00155285 0.0038908 0.00343038 -0.00599439 -0.00351786 0.000368784 -0.00491773 0.018704 -0.000765713 0.00315067 -0.0135227 -1.50609e-05 -0.000863346 6.91976e-05 0.000179759 0.000922323 0.00216919 -0.000957901 0.00348726 0.00605091 0.00793597 0.00583881 0.0140864 -0.000933903 0.0019031 -0.00363413 -0.0124263 0.000351732 0.00510339 -0.00575867 0.00522158 -0.000158675 -0.00881484 9.59975e-05 -0.00105169 -0.00341696 -0.00166157 -0.0118815 0.000210107 0.00336454 -0.00594235 0.00414954 -0.00480894 0.0077527 0.0103965 -0.0160646 -0.0069924 -0.00661318 -0.0113557 -0.00878911 0.00225412
internal_weight=3.83434e+06 3.1952e+06 2.55612e+06 675943 1.88018e+06 149493 49819 49407 7609 1698 5911 41798 20812 20384 5495 4612 3370 2486 776 20986 1283 1203 1.73068e+06 156373 1.57431e+06 1.37963e+06 214142 67230 19935 47295 23682 18649 13907 4742 5033 8019 3850 1919 146912 1931 3331 7330 3083 2788 139582 62725 21821 18073 3748 40904 14127 8634 13566 8178 6806 5322 2938 1208 7097 3555 3162 9439
internal_count=3834341 3195201 2556118 675943 1880175 149493 49819 49407 7609 1698 5911 41798 20812 20384 5495 4612 3370 2486 776 20986 1283 1203 1730682 156373 1574309 1379629 214142 67230 19935 47295 23682 18649 13907 4742 5033 8019 3850 1919 146912 1931 3331 7330 3083 2788 139582 62725 21821 18073 3748 40904 14127 8634 13566 8178 6806 5322 2938 1208 7097 3555 3162 9439
is_linear=0
shrinkage=0.05


Tree=83
num_leaves=63
num_cat=0
split_feature=0 0 8 0 6 2 4 4 6 8 5 0 5 13 0 2 2 2 2 3 1 2 4 5 0 2 4 1 4 13 6 11 0 5 0 5 8 4 2 2 1 13 2 1 7 2 5 2 8 6 0 4 2 8 1 7 11 4 8 7 1 0
split_gain=141.974 69.3378 89.0335 78.1874 64.4968 61.3761 65.2672 84.7759 56.5774 55.3552 68.9526 71.8166 56.0991 77.9996 60.5404 83.4059 89.4516 71.6268 109.006 77.4619 68.8877 68.6153 63.1572 58.5635 54.7516 89.928 71.0473 60.912 75.8747 53.4636 71.7205 53.147 54.718 53.1367 52.2379 50.3461 50.196 49.671 83.697 60.1577 67.2588 77.374 77.0393 49.4255 48.9058 47.0635 50.1411 53.3164 53.7224 58.4793 55.9742 52.4966 52.4158 48.9305 75.6908 68.2618 62.2942 51.7917 47.7572 53.5766 90.6895 70.4556
threshold=0.001502174174777132 0.0039644852554345843 0.0025924088663644147 0.0029458220629869553 0.0093818531187076521 -0.2672375368403454 26.460713718935256 27.602307483437205 0.0022033587135787962 0.0011089276597527774 1.4463411361650131 0.0025693789763166336 0.85457103378185773 3.2500000000000004 0.001734641428880497 -0.024536438200905227 -0.032857505708016273 -0.21865890067952651 -0.11905820546970869 0.0055816900441988289 44.5392247880472 -0.026838307869113637 10.618155084203174 1.5010288153506011 0.00091973830483267518 -0.029740890623773514 11.839757314923306 45.927188674908713 15.928071718884025 2.2500000000000004 -0.00065994351507397953 0.17647058823527348 0.003453688441797817 1.0713872664116504 0.0021458458611161679 1.4463411361650131 0.0014161523130316875 18.293465946973985 -0.022886464498165952 0.049048012344243032 56.544621448495491 2.2500000000000004 -0.018225125620352962 35.349401988192952 -0.0026408213495470174 0.097167976504954609 1.9505051939972518 -0.12337346074358638 0.003068132742000958 -0.0028365618240893671 0.0020723286934552694 10.618155084203174 -0.11662433481791305 0.0042192881240532224 56.695340525658175 0.0014931361584631377 0.45833333333329346 21.067165680771733 0.0026796480782312099 -0.0042054109712866264 33.209587040044767 0.0015345910591226287
decision_type=2 2 2 2 2 2 2 2 2 2 2 2 2 2 2 2 2 2 2 2 2 2 2 2 2 2 2 2 2 2 2 2 2 2 2 2 2 2 2 2 2 2 2 2 2 2 2 2 2 2 2 2 2 2 2 2 2 2 2 2 2 2
left_child=8 2 3 9 5 6 33 -8 24 10 -2 -12 -11 -14 15 16 22 -16 19 23 21 -18 -15 -19 25 27 -27 29 -29 -1 -31 -9 -33 -4 45 44 -37 39 -39 40 41 -28 -43 -36 -24 46 -7 51 58 -50 53 -48 -52 54 -51 -56 -55 -58 59 -49 -61 -62
right_child=1 -3 4 -5 -6 34 7 31 -10 12 11 -13 13 14 17 -17 20 18 -20 -21 -22 -23 35 -25 -26 26 37 28 -30 30 -32 32 -34 -35 43 36 -38 38 -40 -41 -42 42 -44 -45 -46 -47 47 48 49 50 52 -53 -54 56 55 -57 57 -59 -60 60 61 -63
leaf_value=-0.0033405400075025684 0.00050521627045976771 0.00084537433570984792 -0.0075546618342178587 0.0011035372072270677 -0.0049140193546052362 -0.0018578697236906712 -0.039141396860198498 0.017424039730900214 -0.0065749113613343532 -0.00027612747187724874 0.0040850045971943701 -0.033957507896423343 -5.2617946612749369e-05 -0.011379639996448532 -0.0024755027866281672 -0.001851117876000696 -0.011316544617461401 0.0040295650178064453 0.0013669848787668216 -0.0076257989981691797 0.019209592584953684 0.017455181685489648 0.013241176126729058 0.0095010691459013821 -0.00057626895808609332 0.0018501861624610032 -0.0061811888708351095 -0.019906195460571686 0.0010073182399312943 -0.014984690890578198 0.013965208811537481 -0.007234106874952656 -0.0296699997926912 0.0024821925503427937 -0.0010826585807109047 0.011203938543386886 0.0024586097507502238 -0.018380712229116209 0.0012994677192127368 0.0077186137352913539 -0.00017615592962986714 -0.015058262838741369 -0.034129684195483116 0.00010282961629014549 -0.0012674326669049746 -0.0074877683151973427 -0.041824418073520067 -0.035199086119731264 0.0027156830500560652 -0.0039254751985812178 -0.029730080938339232 0.0036046554250847964 0.0029983415738018991 -0.009769701655210716 0.011024119191434714 -0.00013795134034411331 -0.0080477088631373921 0.00085550834579568012 0.0031700375384536151 0.012005017800751517 0.021598394978046418 -0.0056407126382340663
leaf_weight=1024 376500 304309 2147 225690 7817 81494 239 190 4049 878278 16470 125 385149 976 9272 32499 492 15242 101355 1131 1264 358 611 7201 632094 1950 1140 607 1519 242 1845 2203 310 3418 105782 2037 8436 725 2120 351 740 1424 843 520743 11763 2836 64 120 7028 14023 125 9980 5739 5080 1684 7339 2616 4349 14135 1035 250 4708
leaf_count=1024 376500 304309 2147 225690 7817 81494 239 190 4049 878278 16470 125 385149 976 9272 32499 492 15242 101355 1131 1264 358 611 7201 632094 1950 1140 607 1519 242 1845 2203 310 3418 105782 2037 8436 725 2120 351 740 1424 843 520743 11763 2836 64 120 7028 14023 125 9980 5739 5080 1684 7339 2616 4349 14135 1035 250 4708
internal_value=-9.90892e-06 0.000127599 5.1765e-05 0.000224968 -0.000394405 -0.000350112 -0.0045744 -0.0105978 -0.00068292 0.000117738 0.000644244 0.00379845 -2.44032e-05 0.000358237 0.00117968 -0.000163582 0.0019509 0.00176458 0.00207928 0.00514173 0.011808 0.00080143 0.0010762 0.00578514 -0.000646025 -0.00368062 -0.00663351 0.00155926 -0.00496376 0.00601697 0.0106083 -0.00807394 -0.0100018 -0.00139007 -0.000304573 0.0016083 0.00415958 -0.00888644 -0.00371569 -0.012157 -0.0138392 -0.0168068 -0.0221501 -9.73273e-05 -0.000551031 -0.0011031 -0.00098977 -8.5971e-05 -0.000586641 -0.00149803 -0.00222112 0.00331518 0.00230069 -0.00297675 -0.00162695 0.00194527 -0.00555934 -0.00248847 0.00157314 -0.00211935 -0.00145698 -0.00426722
internal_weight=3.83528e+06 3.18461e+06 2.8803e+06 2.07485e+06 805454 797637 8507 2942 650673 1.84916e+06 393095 16595 1.45606e+06 577786 192637 58436 25937 134201 124929 23574 2114 850 23823 22443 646624 14530 9293 5237 2126 3111 2087 2703 2513 5565 789130 22847 10473 7343 2845 4498 4147 3407 2267 626525 12374 162605 159769 78275 68231 47983 40955 10044 5864 35091 23046 9023 12045 6965 20248 6113 5993 4958
internal_count=3835285 3184612 2880303 2074849 805454 797637 8507 2942 650673 1849159 393095 16595 1456064 577786 192637 58436 25937 134201 124929 23574 2114 850 23823 22443 646624 14530 9293 5237 2126 3111 2087 2703 2513 5565 789130 22847 10473 7343 2845 4498 4147 3407 2267 626525 12374 162605 159769 78275 68231 47983 40955 10044 5864 35091 23046 9023 12045 6965 20248 6113 5993 4958
is_linear=0
shrinkage=0.05


Tree=84
num_leaves=63
num_cat=0
split_feature=12 0 6 7 0 1 10 2 3 2 2 10 2 0 2 11 3 9 3 10 0 10 8 1 13 2 3 2 0 7 2 1 0 3 2 9 6 10 2 10 2 0 2 11 13 0 10 0 7 2 1 2 2 8 10 2 2 8 10 8 1 9
split_gain=129.938 100.504 57.9045 51.9726 75.0656 80.0402 77.3463 85.7903 81.3697 102.749 163.155 117.935 193.082 120.393 91.899 89.5826 90.3402 86.4787 79.9615 146.949 78.546 93.1281 85.8524 76.1227 71.3255 70.5714 65.6796 130.374 69.7582 63.9664 64.1354 62.2691 67.0241 71.816 60.128 66.7196 59.8327 59.3313 58.9742 91.5251 71.15 103.152 76.3563 58.6559 63.784 57.6475 81.6334 121.739 113.493 83.2826 79.1894 72.0159 71.0285 66.8782 64.8723 65.8466 67.2638 64.4662 62.0468 78.1567 61.5567 57.6311
threshold=1.3750000000000002 0.0023765010702893178 0.0026732469360618576 -0.0012898744884651812 0.0014406773548415175 40.973689049870522 11.54166666666667 -0.24098185384994153 0.00090104754854290498 0.0031704504127884991 -0.024536438200905227 14.29166666666667 -0.036764037114056888 0.0018842535003095577 -0.22441624292836806 0.19999999999993434 0.0062305637139357575 -0.00051095719478872501 0.002786056675070822 14.458333333333334 0.0019987776865695007 12.958333333333334 0.0024712391154313551 52.625100752721785 2.7500000000000004 -0.0036980595843561052 -0.0035058092479270946 -0.083535810942022407 0.0012918762877543839 0.0036966758014196359 -0.24717212517216716 61.071988354001761 0.0019658877625783958 0.00015073111347826645 -0.10807467754618759 -0.00048434528347735271 -0.0010653948787973653 14.625000000000002 -0.2280607228569389 14.79166666666667 0.021434127237760343 0.0018766220806288945 0.073471868810149332 0.76190476190476863 2.7500000000000004 0.0020073848553584872 13.625000000000002 0.0018189120744760217 0.0011080693532821153 0.048295784928565989 61.467793257262294 0.050298180056766333 0.045727579404700874 0.0042192881240532224 12.708333333333334 0.089844685110525804 0.068463098413937981 0.0048436507289409186 15.29166666666667 0.0026985033233306891 68.664284520563044 3.2628024288118954e-05
decision_type=2 2 2 2 2 2 2 2 2 2 2 2 2 2 2 2 2 2 2 2 2 2 2 2 2 2 2 2 2 2 2 2 2 2 2 2 2 2 2 2 2 2 2 2 2 2 2 2 2 2 2 2 2 2 2 2 2 2 2 2 2 2
left_child=1 2 3 26 29 38 31 36 -9 10 11 13 14 34 -13 -16 17 -17 19 -12 -20 -22 -23 -14 -25 -21 27 28 -1 30 -5 32 -7 -34 -10 -36 -8 -24 39 -6 -40 42 -42 44 -30 46 50 48 51 -49 -11 52 60 -47 -52 56 -56 -51 -50 -60 -48 -33
right_child=-2 -3 -4 4 5 6 7 8 9 45 18 12 23 -15 15 16 -18 -19 20 25 21 22 37 24 -26 -27 -28 -29 43 -31 -32 61 33 -35 35 -37 -38 -39 40 -41 41 -43 -44 -45 -46 53 47 49 58 57 54 -53 -54 -55 55 -57 -58 -59 59 -61 -62 -63
leaf_value=-0.035001385211944583 0.00019729740832696266 0.00013581088984768798 -0.0041181079897401251 0.033729898790980498 -0.0053851692767810959 -0.0032346050336275606 -0.019433814593974284 0.001179508550861832 -0.0089241875314509545 0.0033232359490201328 -0.0049949476461230522 -0.016218277352852761 -0.022910468200487751 0.0014476846157247406 0.010614139886299164 -0.024567265369707492 -0.027845878588209905 0.0018898715494907081 -0.0058759058983352186 -0.013314850090770448 -0.010960317516105995 0.022827330193337134 0.018457439074677135 0.011670313793172439 0.033476351941625279 -0.031578956373975425 -0.0020146308710918943 -0.0013416746151254451 0.0034976865186914239 0.016191731566505042 -0.0015401258831010262 0.0027177436005101641 0.0021541393898299429 -0.0021480536310984964 -0.022212321806888462 -0.0016589738710572285 0.011179598071407337 -0.012300018446452647 -0.0003518411547837122 -0.032968519525127013 -0.0098188640862524532 -0.00038521986505980722 0.00042163413068944407 -0.0016152800922356271 0.013200620079470864 -0.0017724908016360586 0.007640894730409846 0.022104449892159064 -0.00098940258127585396 0.008417896975737485 0.0010312455993004184 0.016950046599648782 -0.023194853448838898 0.022613268446839231 -0.007089111916045894 0.020509642628984082 -0.02595409999157211 -0.04253412079997361 -0.034667232198622625 0.0099334681820538312 -0.041460812712709114 -0.0024634014530372055
leaf_weight=104 2556619 497000 12731 129 3104 38162 170 162602 6142 8805 11022 701 98 12972 2626 319 278 9718 2721 2356 543 930 252 750 750 682 131143 26187 3378 512 154045 17421 17020 22555 413 8983 2611 415 51231 333 7783 10675 2376 1882 3397 13815 1941 1555 4100 2069 3253 1576 232 287 2475 179 584 64 309 144 66 7757
leaf_count=104 2556619 497000 12731 129 3104 38162 170 162602 6142 8805 11022 701 98 12972 2626 319 278 9718 2721 2356 543 930 252 750 750 682 131143 26187 3378 512 154045 17421 17020 22555 413 8983 2611 415 51231 333 7783 10675 2376 1882 3397 13815 1941 1555 4100 2069 3253 1576 232 287 2475 179 584 64 309 144 66 7757
internal_value=-8.50847e-06 -0.00042008 -0.000773633 -0.000718243 -0.000502403 -0.000174463 0.000126479 0.000571751 0.000480661 -0.000610662 -0.00188808 -0.000210356 0.0033403 -0.00210836 0.00141412 0.00236924 0.000270253 0.001049 -0.00576738 -0.00767859 -0.000239376 0.00692744 0.0130095 0.019784 0.0225733 -0.017415 -0.00150136 0.000424721 0.00570455 -0.00145202 -0.00151061 -0.00103957 -0.00173952 -0.000297812 -0.00507714 -0.00256239 0.00930823 -0.00067951 -0.0016589 -0.00805763 -0.00135372 -0.00381735 -0.0074238 0.00619357 0.00836276 0.00132056 0.00265938 0.00573616 0.00240061 0.0133045 0.000234324 0.0087619 0.00299837 -0.0012762 -0.00395577 -0.00896588 -0.0106907 0.0068891 -0.00292956 -0.0204895 0.00602619 0.0011215
internal_weight=3.83505e+06 1.27843e+06 781433 768702 602611 447925 372423 269508 266727 104125 62671 43750 15240 28510 13642 12941 10315 10037 18921 14060 4861 2140 1597 1598 1500 3038 166091 34948 8761 154686 154174 102915 77737 39575 15538 9396 2781 667 75502 3437 72065 20834 10159 8657 6775 41454 27352 12056 8368 3688 15296 3815 2239 14102 6491 3238 3059 2133 4553 453 2007 25178
internal_count=3835052 1278433 781433 768702 602611 447925 372423 269508 266727 104125 62671 43750 15240 28510 13642 12941 10315 10037 18921 14060 4861 2140 1597 1598 1500 3038 166091 34948 8761 154686 154174 102915 77737 39575 15538 9396 2781 667 75502 3437 72065 20834 10159 8657 6775 41454 27352 12056 8368 3688 15296 3815 2239 14102 6491 3238 3059 2133 4553 453 2007 25178
is_linear=0
shrinkage=0.05


Tree=85
num_leaves=63
num_cat=0
split_feature=12 0 10 7 4 10 2 7 4 0 2 0 2 2 2 9 4 9 5 6 2 2 2 2 0 1 1 0 5 2 2 10 6 1 1 1 6 5 10 7 11 7 1 1 8 8 2 9 2 10 7 2 2 4 4 2 4 10 2 4 1 4
split_gain=124.673 102.151 68.9204 100.258 64.7012 91.2467 109.981 124.576 112.208 99.2273 96.4827 112.498 142.868 122.394 93.8087 88.3949 81.6003 176.414 81.7648 78.1138 85.0809 81.0894 74.108 156.046 124.849 83.7303 67.3827 67.1101 63.0413 61.8091 81.1019 113.343 115.129 97.1032 93.7792 114.041 78.018 76.9852 73.9758 109.163 89.5756 81.6245 103.273 76.0185 71.4095 69.161 66.8615 66.0028 63.5416 62.9722 120.475 181.992 98.7564 138.726 124.26 95.658 95.0055 89.5531 123.64 97.8986 127.429 96.5684
threshold=1.8750000000000002 0.0017915890093401635 9.2916666666666696 -0.0030097298997738271 21.664025808386146 15.208333333333334 -0.040256334163309003 -0.00043761282336512991 12.57488080516937 0.0028752912702924307 -0.029740890623773514 0.0028114558111590484 0.010069300628684313 0.00090991971437818381 -0.28044608104478236 3.2628024288118954e-05 20.253539705821822 0.00015266010317168541 2.6230575710426418 0.0009005910128874196 0.097167976504954609 0.031926564999184955 -0.19370320573681091 -0.15116284928216467 0.0035920495584873626 60.248837346925242 40.973689049870522 0.0023206680088876121 4.2753128160657665 -0.061744310538556536 -0.21865890067952651 13.54166666666667 0.0030610795531429429 75.132125677764577 41.889084876719544 49.891058339604676 -0.000436099333993134 0.98894230051601439 13.79166666666667 0.0050342401819286628 0.72727272727272363 0.0012459618801762275 71.121218995969699 59.164038241555076 0.0026269702276707752 0.00075126221489070467 -0.28044608104478236 -0.00045908413321345785 -0.25721210482814366 14.958333333333334 0.0017681715161851355 -0.027798695973169814 0.080625681865062998 49.582244864167485 37.200636872500297 0.14430943793656356 37.650365631684444 14.625000000000002 -0.049672285930690792 23.928483656226362 57.645177486166141 23.704328198878709
decision_type=2 2 2 2 2 2 2 2 2 2 2 2 2 2 2 2 2 2 2 2 2 2 2 2 2 2 2 2 2 2 2 2 2 2 2 2 2 2 2 2 2 2 2 2 2 2 2 2 2 2 2 2 2 2 2 2 2 2 2 2 2 2
left_child=1 2 3 -1 5 -3 9 16 -9 -7 -10 12 13 15 -11 -12 27 18 -18 21 -21 -14 -16 -24 25 -25 -20 -8 -13 30 31 46 33 34 36 37 -33 -36 -32 40 41 42 45 -42 -39 -40 -6 -43 -46 57 55 -52 53 54 -53 -51 -54 -31 -59 60 61 -60
right_child=-2 4 -4 -5 29 6 7 8 10 14 11 28 19 -15 22 -17 17 -19 26 20 -22 -23 23 24 -26 -27 -28 -29 -30 49 38 32 -34 -35 35 -37 -38 44 39 -41 43 47 -44 -45 48 -47 -48 -49 -50 50 51 52 56 -55 -56 -57 -58 58 59 -61 -62 -63
leaf_value=-0.024510359543143508 0.00041007378883441598 0.00036250232089429064 -0.00061349984369352616 -0.0034916720400462969 0.0058977670295327668 0.012321642479727167 0.0042052776220767411 -0.02908462687864509 -0.04601498524832532 0.025965947210788726 -0.016874742029076403 0.018981028119161358 0.01816314099195563 -0.044930096565782132 -0.026513035039161144 0.023492035395409689 0.019284961694922727 -0.037630404409351226 0.0074125793775873319 0.015702972074193279 -0.038165252419966683 -0.0091304266492233561 0.025293687422101092 0.024243194873284815 -0.042894573009014135 -0.029107628495265277 -0.035046807531069021 0.01629848187755099 -0.019735807801286379 -0.00042804485513500196 0.00032045781229087075 -0.0042094770724847809 0.016135571570228633 -0.032672129955120428 -0.0044718544590206626 -0.0070619834424259734 -0.014964403873548868 0.021002986602888907 -0.019805782448109752 -0.0052452928936261621 0.0012676219439688081 -0.0061664559013609385 -0.015130547410146564 -0.0089580442706335261 -0.0095087208997890749 0.0032524966595547677 -0.00067351218399891791 0.0082196550093184429 0.016382901420808036 -0.0039446243010762706 0.016258349135478963 -0.0006163452403340642 0.020872145110327811 0.01744669930565048 -0.014674860798964127 0.030822912876929471 -0.017098547966022209 -0.018207354418174438 0.0036150365689293935 0.0044106000290947377 -0.023581408929418436 -0.02403629454177833
leaf_weight=698 1278997 509224 843564 3031 4188 5209 2884 419 123 250 741 849 324 333 367 166 497 316 209 1016 79 1700 369 198 250 117 169 1905 120 712206 271252 3365 611 334 1160 3892 3380 1015 329 4392 6715 854 809 2492 534 28137 51130 12006 426 33931 1905 6070 874 809 2121 199 203 697 2519 21602 704 361
leaf_count=698 1278997 509224 843564 3031 4188 5209 2884 419 123 250 741 849 324 333 367 166 497 316 209 1016 79 1700 369 198 250 117 169 1905 120 712206 271252 3365 611 334 1160 3892 3380 1015 329 4392 6715 854 809 2492 534 28137 51130 12006 426 33931 1905 6070 874 809 2121 199 203 697 2519 21602 704 361
internal_value=7.0519e-06 -0.000194589 -0.000643482 -0.00742598 2.79577e-05 0.000488177 0.00392701 0.00102386 -0.00415053 0.00901611 -0.00223393 -0.00122322 -0.00464876 -0.019005 -0.00208543 -0.00948678 0.00610307 -0.00560895 0.00595537 0.00105877 0.0118166 -0.0047613 -0.00747579 4.59043e-06 -0.0165117 0.00442717 -0.0115706 0.00901579 0.0141864 -0.000177693 0.000330627 -0.00121351 -0.00511323 -0.00603361 -0.00538757 -0.00134525 -0.0095989 0.00575188 0.000661355 0.00232047 0.00296768 0.00394394 0.00248536 -0.00150009 0.0117567 0.002986 -0.000176016 0.00726431 0.00198069 -0.000435043 -0.00222762 0.00208573 -0.000593526 -0.0023058 -0.0042567 -0.00374191 0.0137152 -0.000323052 0.00256597 0.00314086 -0.00451232 0.000149019
internal_weight=3.83535e+06 2.55635e+06 847293 3729 1.70906e+06 527834 18610 11850 5870 6760 5451 5328 4359 1240 1551 907 5980 1191 875 3119 1095 2024 1301 934 565 315 378 4789 969 1.18122e+06 397021 70035 14717 14106 13772 7027 6745 3135 326986 55734 51342 42135 29275 9207 1975 28466 55318 12860 960 784201 46112 11982 10077 9000 8191 34130 1077 738089 25883 25186 3584 2880
internal_count=3835346 2556349 847293 3729 1709056 527834 18610 11850 5870 6760 5451 5328 4359 1240 1551 907 5980 1191 875 3119 1095 2024 1301 934 565 315 378 4789 969 1181222 397021 70035 14717 14106 13772 7027 6745 3135 326986 55734 51342 42135 29275 9207 1975 28466 55318 12860 960 784201 46112 11982 10077 9000 8191 34130 1077 738089 25883 25186 3584 2880
is_linear=0
shrinkage=0.05


Tree=86
num_leaves=63
num_cat=0
split_feature=0 12 9 4 0 2 12 13 6 3 3 2 0 7 2 2 11 5 4 6 6 2 4 2 6 0 2 5 0 4 4 4 2 5 1 9 2 2 2 2 3 2 4 3 4 0 1 2 3 5 4 13 0 2 3 2 4 2 2 4 5 2
split_gain=124.605 93.318 68.6887 64.7978 73.7138 60.1796 58.5132 55.5644 52.9229 51.4863 50.0267 126.451 87.1481 110.036 80.7683 74.2103 79.3508 71.4685 66.9046 62.4828 55.4308 55.0143 110.461 92.4628 76.5853 75.972 56.9456 68.4468 54.9972 53.9425 53.4902 85.5436 56.6183 52.533 52.1681 51.7571 51.2289 50.8442 100.759 157.283 65.6012 64.4958 94.8478 76.1023 64.1551 58.2111 108.861 73.528 71.7104 75.6575 105.383 51.0462 50.58 122.777 71.5249 66.9413 105.422 84.3848 141.885 97.9567 78.2922 70.9119
threshold=0.0020966297214181913 1.3750000000000002 0.0014231511861844156 27.069801298031177 0.0072247202833960441 -0.2672375368403454 1.8750000000000002 2.2500000000000004 -0.0013053232736384699 0.010142754857045048 -0.0034310750077996056 -0.04367115076250571 0.0016199060362394918 -0.0010815596855738849 0.061716339121268733 0.011038789801083889 0.09090909090901067 1.4463411361650131 47.286436884653945 -0.00090753521148445582 -0.00017229620846015423 -0.22151760640376547 21.893579182315644 -0.23752482284043752 0.00055590650982750855 0.0017497198650184103 -0.2280607228569389 0.52032464515666599 0.0020073848553584872 29.094552405164759 13.718952940164309 16.983919755844287 -0.22441624292836806 1.9505051939972518 51.765211997461513 0.00010502546896580969 0.10629896105001548 0.11081959178938204 0.073471868810149332 0.064899025931300161 -0.0025502149072909237 0.07667889064379553 28.71392303884274 -0.0017206503391308107 16.872325826548366 0.0016726944873805833 53.489105475852163 0.072104743363384224 0.0048454032212525274 0.900533502383845 13.718952940164309 2.7500000000000004 0.001303203632956579 0.061716339121268733 -0.0026582387662735501 0.039717916972281227 37.200636872500297 -0.072081480832530659 -0.11076964249745493 14.338847090229029 2.1235674325158835 -0.20876839306415548
decision_type=2 2 2 2 2 2 2 2 2 2 2 2 2 2 2 2 2 2 2 2 2 2 2 2 2 2 2 2 2 2 2 2 2 2 2 2 2 2 2 2 2 2 2 2 2 2 2 2 2 2 2 2 2 2 2 2 2 2 2 2 2 2
left_child=1 2 5 7 6 -1 -5 -2 -7 10 11 12 13 29 15 16 -13 19 -15 -17 -14 22 23 25 -24 -12 -25 -28 -26 -10 -29 32 -32 -30 35 -27 -16 38 39 52 -41 42 -40 -44 -39 46 -42 -48 49 -47 -51 -45 53 54 -23 57 -57 58 60 -59 61 -56
right_child=3 -3 -4 4 -6 8 -8 -9 9 -11 21 14 20 18 36 17 -18 -19 -20 -21 -22 37 24 26 28 34 27 30 33 -31 31 -33 -34 -35 -36 -37 -38 44 41 40 45 -43 43 51 -46 48 47 -49 -50 50 -52 -53 -54 -55 55 56 -58 59 -60 -61 -62 -63
leaf_value=0.014010881376824463 4.0435206227836791e-05 -3.6463950329178056e-05 -0.011000963861019437 -0.00029161328432908065 0.0038781738372486497 -0.0023658279258479235 0.00050269951871125494 0.00087217855780208234 -0.00935615171207471 -0.047747109265163033 0.016718258812081204 0.010236732854385569 0.0067926523438786111 -0.0037311734297336679 -0.022846682561533667 -0.016518793302348421 -0.0049946350966472612 0.017423453470366938 -0.041077093598319264 0.0048436702876120084 0.017629412621095495 0.012068897917316822 -0.012535141904710615 -0.0051824113635572785 0.0042903107879525525 -0.011940518682197537 -0.035676486648264387 0.039367239125843709 -0.021583614759855554 0.011829659460364163 0.0082229363173246389 0.015261183052632202 -0.047610527958188736 0.018670563475050108 0.020207097811320806 0.020900402786014797 4.0166748615054341e-05 -0.014087114563734749 0.0035104003743164484 -0.029824983183123412 -0.012859141023835872 0.001699249783278723 -0.0092552240078265843 0.01723219154596415 -0.00063990847180554018 -0.0055447021089314692 -0.002063945100637868 0.029357345135144472 -0.031514099741854318 -0.030039623563583848 0.0081981792582311776 0.044392123971756209 -0.00035901648627154103 -0.021873266721869376 0.0052795583853120012 0.0028349841606296984 -0.020897005906435433 -0.006742245240625464 0.0088806170467969677 -0.0019476904582573262 0.0083650082582464938 -0.0055196221489908492
leaf_weight=689 301113 1250017 1641 695760 12226 48188 347727 602726 445 58 1265 990 3636 234 670 404 6275 974 246 2241 1747 962 4286 5539 1475 745 84 145 447 925 80 622 105 99 227 143 385 1585 1772 283 4736 20141 143 346 2014 4320 1529 212 205 195 2372 346 407748 745 1877 11391 488 13624 4272 48854 1629 7995
leaf_count=689 301113 1250017 1641 695760 12226 48188 347727 602726 445 58 1265 990 3636 234 670 404 6275 974 246 2241 1747 962 4286 5539 1475 745 84 145 447 925 80 622 105 99 227 143 385 1585 1772 283 4736 20141 143 346 2014 4320 1529 212 205 195 2372 346 407748 745 1877 11391 488 13624 4272 48854 1629 7995
internal_value=5.54362e-06 -0.000285857 -0.000784814 0.000284343 1.83041e-05 -0.000757911 -2.692e-05 0.000595084 -0.000774259 -0.000640709 -0.000635951 0.00187515 0.00709215 -0.00226979 -0.00128547 -5.09495e-06 -0.00291906 0.00584457 -0.022871 0.00158075 0.0103096 -0.000722687 -0.00368307 -0.000113243 -0.00875169 0.00833138 -0.00317 0.00758939 -0.000727997 0.00494814 0.011407 0.00638313 -0.0234663 -0.0142848 -0.00118378 -0.00665195 -0.0144946 -0.000638985 -0.000599228 -0.0007435 -0.00599903 0.00265709 0.0100571 0.0239503 -0.00656206 -0.0055021 -0.00892897 0.0017622 -0.00237241 -0.00150497 0.00529348 0.0308122 -0.00059778 -0.00165787 -0.00149254 -0.00163728 0.00186005 -0.0021682 0.00109966 -0.00299319 -0.00179054 -0.00346633
internal_weight=3.83436e+06 1.87481e+06 624794 1.95955e+06 1.05571e+06 623153 1.04349e+06 903839 622464 574276 574218 19172 7233 1850 11939 10884 7265 3619 480 2645 5383 555046 15262 8955 6307 2380 6575 1036 2021 1370 952 807 185 546 1115 888 1055 539784 536185 513437 13852 22748 2607 835 3599 13569 6477 1741 7092 6887 2567 692 499585 91837 91092 90130 11879 78251 15773 62478 11501 9872
internal_count=3834363 1874811 624794 1959552 1055713 623153 1043487 903839 622464 574276 574218 19172 7233 1850 11939 10884 7265 3619 480 2645 5383 555046 15262 8955 6307 2380 6575 1036 2021 1370 952 807 185 546 1115 888 1055 539784 536185 513437 13852 22748 2607 835 3599 13569 6477 1741 7092 6887 2567 692 499585 91837 91092 90130 11879 78251 15773 62478 11501 9872
is_linear=0
shrinkage=0.05


Tree=87
num_leaves=63
num_cat=0
split_feature=0 12 10 13 0 6 7 1 6 11 3 6 7 0 10 8 8 3 9 1 1 9 1 1 11 3 3 4 9 10 7 1 0 8 13 4 8 6 1 10 13 0 4 4 1 1 10 1 1 0 0 0 1 7 1 1 1 10 9 7 0 8
split_gain=104.087 92.6637 100.934 209.243 81.8656 69.5173 69.0338 75.5918 71.6112 72.6074 68.5528 58.9388 76.3295 70.815 66.7033 91.1101 103.644 78.6642 109.07 78.2688 77.3887 106.021 82.9358 71.3823 104.165 89.1337 72.9274 99.5482 78.2419 78.0865 93.842 113.498 77.7349 69.6772 67.5586 66.9637 65.6727 81.5943 163.353 65.0847 81.5479 65.0705 79.0648 79.8565 86.3208 118.345 77.9235 75.3132 96.2453 84.7254 81.8566 90.0545 80.3944 75.4347 94.5977 74.1841 124.558 79.4465 72.0309 69.1136 68.0006 67.1442
threshold=0.0025338930482077817 1.6250000000000002 15.375000000000002 2.2500000000000004 0.0024372668225130056 0.0027897894251841531 0.0046282244861884933 60.668178326613038 5.6249326961022035e-05 0.21114561766736531 0.00050839252501962281 -0.0014498280814141948 0.0026496071757095012 0.0015180913033894291 14.958333333333334 0.0013499163974152568 0.0012992950129031091 0.0019155121520336696 -7.9085771607537297e-05 30.742669896254345 47.992737705052626 0.00046232085067035545 45.927188674908713 42.620383333139578 0.050000000000018127 -0.00031136946731592953 0.00045403322078712774 23.128700477215776 -0.0002060191956396502 15.208333333333334 -1.0000000180025095e-35 54.952298024539679 0.0014954963654819572 0.0014348427655657325 2.2500000000000004 12.044106454358202 0.0026796480782312099 0.00095423806329453253 52.877399021123431 14.29166666666667 3.7500000000000004 0.00091973830483267518 28.71392303884274 34.772383021385593 66.694465744648838 74.29524809524105 14.29166666666667 26.286525683191645 51.04488900999575 0.0010963956351604436 0.001008675399579 0.0013746063576724678 57.798036811893958 0.00094791721785869598 68.210752713774141 46.155403239277426 51.28272137227043 12.54166666666667 0.0004591836782506181 -0.001536032528436093 0.0011385095547959822 0.0018290327422860418
decision_type=2 2 2 2 2 2 2 2 2 2 2 2 2 2 2 2 2 2 2 2 2 2 2 2 2 2 2 2 2 2 2 2 2 2 2 2 2 2 2 2 2 2 2 2 2 2 2 2 2 2 2 2 2 2 2 2 2 2 2 2 2 2
left_child=1 2 5 -4 6 11 7 8 10 -10 -5 12 -1 14 41 16 19 20 -19 -16 21 22 33 24 -21 -25 27 28 -27 -28 -31 -32 34 -17 -29 -30 37 -22 -39 -15 -41 55 -43 47 46 -46 61 -44 50 -50 -49 -52 60 -54 -55 57 -57 -13 59 -59 -51 -45
right_child=-2 -3 3 4 -6 -7 -8 -9 9 -11 -12 13 -14 39 15 17 -18 18 -20 23 36 -23 -24 25 -26 26 29 32 35 30 31 -33 -34 -35 -36 -37 -38 38 -40 40 -42 42 43 44 45 -47 -48 48 49 52 51 -53 53 54 -56 56 -58 58 -60 -61 -62 -63
leaf_value=-0.0018673904600985355 0.00035956007760985656 0.00010570999891868049 -0.0042512610326289847 0.011400147583525484 0.026428334762456391 -0.0033729158954061561 -0.035884826858432931 0.015255060029443008 -0.011148259341991696 0.0034163713404771704 -0.0027692754892982489 -0.023558300761593265 0.0080270148932949266 -0.00035611421669905284 -0.017916604449042448 -0.017068016189784509 0.011421095480370956 0.028038327221540694 -0.003159559684194577 0.027231546130976815 -0.013276730996058642 -0.027367448827899096 0.012137880358607212 -0.011818484201605951 0.0017256821378281242 0.037703627008732747 -0.0088808443631613367 0.0010903002986730624 0.014216834713681407 -0.01315558013443989 -0.02104038470719434 0.011223269207403064 -0.042606374261708102 -0.0012370259158180968 0.023876661762234668 -0.0062295192174149847 -0.035174780730847961 0.031363544668312426 -0.0080872820296149332 0.00028584936013352041 0.0035048257117555369 -0.0002360923318296352 0.010844751472320117 -0.00066265363651343649 -0.018885127351529408 0.015794876933777371 0.0043762931643728372 -0.024466686788507778 0.013172394644522679 -0.031479685335126642 -0.0028904846727067757 -0.010226874348251716 -0.011147557030653434 0.011242936224827429 -0.012393517430487163 -0.022803411986215633 -0.003069456552757528 -0.038338393426459769 -0.049096992015838628 0.0058049968671056128 0.0031416966892920009 -0.011539357363208059
leaf_weight=97371 1264863 1285436 6524 4317 506 21437 98 1962 1084 4063 1064 319 1989 678766 739 852 1567 376 1099 461 4934 423 940 2334 3040 123 4038 484 476 793 316 1984 58 3773 992 2523 270 324 1380 118204 23604 223986 816 19380 1238 307 7876 637 972 146 9250 7636 3331 1044 712 1327 2012 92 65 2449 4964 1531
leaf_count=97371 1264863 1285436 6524 4317 506 21437 98 1962 1084 4063 1064 319 1989 678766 739 852 1567 376 1099 461 4934 423 940 2334 3040 123 4038 484 476 793 316 1984 58 3773 992 2523 270 324 1380 118204 23604 223986 816 19380 1238 307 7876 637 972 146 9250 7636 3331 1044 712 1327 2012 92 65 2449 4964 1531
internal_value=-1.17707e-05 -0.000194469 -0.000494661 0.00306429 0.00670921 -0.000549821 0.00591656 0.00624454 0.00456534 0.000348942 0.00859839 -0.000501185 -0.00166932 -0.000399814 -0.00102522 -0.00311037 -0.000921979 -0.00614496 0.00479326 -0.00197539 -0.00739604 -0.00323582 -0.00140155 -0.00130687 0.00508421 -0.0028914 -0.00112371 0.00374353 -0.00138127 -0.00430164 0.00167663 0.00679052 0.0141735 -0.00415335 0.0164047 -0.00298428 -0.0110022 -0.010019 -0.000586069 -0.000152578 0.000821649 -0.000778682 -0.000667433 -0.00228198 -0.000480419 -0.011994 0.000137517 -0.00413385 -0.00455984 -0.000932595 -0.00687181 -0.00620807 -0.00227711 -0.00672677 0.00165913 -0.00581944 -0.0109122 -5.84523e-06 0.00287721 0.00420673 0.00215251 -0.00145899
internal_weight=3.83568e+06 2.57081e+06 1.28538e+06 19618 13094 1.26576e+06 12588 12490 10528 5147 5381 1.24432e+06 99360 1.14496e+06 324389 34299 19928 14371 1475 18361 12896 5988 5565 17622 3501 14121 11787 4656 3122 7131 3093 2300 1534 4625 1476 2999 6908 6638 1704 820574 141808 290090 283826 59840 30332 1545 28787 29508 28692 11169 17523 16886 10197 5087 1756 6264 3339 2925 2606 2541 5110 20911
internal_count=3835677 2570814 1285378 19618 13094 1265760 12588 12490 10528 5147 5381 1244323 99360 1144963 324389 34299 19928 14371 1475 18361 12896 5988 5565 17622 3501 14121 11787 4656 3122 7131 3093 2300 1534 4625 1476 2999 6908 6638 1704 820574 141808 290090 283826 59840 30332 1545 28787 29508 28692 11169 17523 16886 10197 5087 1756 6264 3339 2925 2606 2541 5110 20911
is_linear=0
shrinkage=0.05


Tree=88
num_leaves=63
num_cat=0
split_feature=12 12 10 13 2 5 1 1 4 6 10 2 4 4 4 9 2 2 4 7 8 8 5 2 7 1 2 9 9 9 2 1 4 4 1 2 6 4 2 1 8 4 5 11 5 6 9 9 2 2 11 4 1 4 5 6 1 5 5 9 7 13
split_gain=96.4865 49.0224 38.5096 83.8707 42.3804 69.8183 59.4347 45.4384 44.6284 41.135 41.0588 65.7454 86.5748 68.0254 113.089 63.4391 69.2858 57.1243 133.513 56.8007 56.4754 55.6561 52.7183 53.8586 53.6044 61.5338 77.253 53.0244 51.0229 50.4403 49.8226 54.8206 81.5413 57.324 61.595 55.7175 51.2628 49.2205 54.6211 60.3014 68.4342 58.2009 53.2003 62.7562 59.9651 49.6673 47.6549 57.199 62.7467 63.2235 69.3526 69.8861 52.696 85.4149 84.6786 58.5742 52.3387 48.4794 48.1887 48.0102 46.7413 57.5031
threshold=1.1250000000000002 2.2500000000000004 15.375000000000002 2.7500000000000004 -0.021163970903416367 1.8956552634403725 45.187490510142432 55.65084596154697 50.978803541563714 -0.00094640736472406662 14.958333333333334 0.064899025931300161 54.026762800348948 36.721302566920194 27.602307483437205 0.00048447097630321126 -0.074352058519507144 0.050903612227918775 33.458947285785705 -0.00040154315202534091 0.0021792218983593009 0.0012568603650197818 0.66784540846665019 -0.015800708370546163 0.0027828868459738314 50.785162022907663 -0.23105312835107442 0.00047370914258644189 -0.0007274265524258661 0.00047370914258644189 0.00090991971437818381 62.316581995876753 41.305782337493248 13.563793616651319 51.765211997461513 -0.0089953972345823627 -0.00090753521148445582 9.0703025878558439 0.040571181833472879 39.019398223519211 0.0027450980392157071 44.25902240525685 2.7666796748676901 0.33333333333337256 1.1408163751512477 0.00046522449597985466 0.00045376802480189736 0.00040408734398441644 0.01930039719212474 0.025601267899382479 0.45454545454544698 27.069801298031177 50.785162022907663 26.96445384804435 1.1514175251849357 -1.0000000180025095e-35 51.160494623107169 2.9897817820203323 2.5092050737410667 0.00015642516880435018 -0.0009410436361221296 2.7500000000000004
decision_type=2 2 2 2 2 2 2 2 2 2 2 2 2 2 2 2 2 2 2 2 2 2 2 2 2 2 2 2 2 2 2 2 2 2 2 2 2 2 2 2 2 2 2 2 2 2 2 2 2 2 2 2 2 2 2 2 2 2 2 2 2 2
left_child=2 -2 10 -4 5 6 -5 -8 -6 -9 -1 15 13 14 -13 17 -17 22 29 20 21 -16 -12 24 28 -26 -27 30 -24 60 31 33 35 34 36 -33 -25 -32 39 40 -39 42 44 -44 -40 -42 47 48 52 -50 51 56 54 55 -41 -54 58 -55 -51 -57 -19 -62
right_child=1 -3 3 4 8 -7 7 9 -10 -11 11 12 -14 -15 19 16 -18 18 -20 -21 -22 -23 23 27 25 26 -28 -29 -30 -31 37 32 -34 -35 -36 -37 -38 38 41 46 45 -43 43 -45 -46 -47 -48 -49 49 50 -52 -53 53 57 -56 59 -58 -59 -60 -61 61 -63
leaf_value=-0.00049668904706146164 1.5145675868887303e-05 0.00050468254766604761 -0.0021920799035456077 -0.015897075653889887 0.0018631683593113219 0.02136445137499907 0.027900107826298551 0.032005583381073344 0.041076850652694702 -0.011278177081764519 -0.023708587656083625 -0.01235748010407086 0.039767337752425157 -0.025064614707505008 0.017662170604814457 0.0042883704140268524 -0.016295850275871129 -0.00026639751329018572 -0.022020436629692504 0.021567218992072094 0.014632511441785146 -0.03166778996082896 -0.025535849632300767 -0.0053337391833184478 0.033687572166896787 -0.037073871493339537 0.00747730642895807 0.038997953136761986 -0.00032122579052168394 -0.029442807202097739 0.037925081903284252 -0.010765098248209273 -0.022421245930487652 -0.012979387971813125 -0.012145997667923953 0.022105782232942628 0.048698078290275906 0.015208404833270659 0.020078182445382176 0.037615134304677944 -0.018747347331883615 0.029593436743902125 -0.022109832190676949 0.013739489014943441 -0.018985610560759703 0.034828271819095986 0.025155202750312657 -0.028625457345599861 0.01538145857609562 0.036370824782117721 0.0094624580851552231 -0.035285235732270957 0.025300676642376702 -0.021916102593761103 -0.018714668581878622 -0.0071662103438558701 -0.015887426956426722 0.01561282352336402 -0.0052708255905139292 0.028625415553126421 0.0063972463409770423 0.02432567480066165
leaf_weight=588212 2557186 639244 4244 293 2227 1114 247 72 75 231 267 2401 92 583 79 580 1385 656 377 426 246 207 203 71 208 103 1760 72 17199 79 77 182 228 3349 195 442 115 1085 106 71 285 92 181 375 1342 51 152 213 786 124 722 228 324 523 1106 526 351 103 158 114 897 892
leaf_count=588212 2557186 639244 4244 293 2227 1114 247 72 75 231 267 2401 92 583 79 580 1385 656 377 426 246 207 203 71 208 103 1760 72 17199 79 77 182 228 3349 195 442 115 1085 106 71 285 92 181 375 1342 51 152 213 786 124 722 228 324 523 1106 526 351 103 158 114 897 892
internal_value=9.10996e-07 0.000113047 -0.000559927 0.00278249 0.00773953 0.013149 0.00229256 0.0119827 0.00314076 -0.000992927 -0.000604996 -0.00210792 -0.00817974 -0.00929875 -0.00656237 -0.00146931 -0.0102201 -0.000996782 0.00573402 0.0079617 -0.00293294 -0.0180417 -0.00157984 -0.001402 0.000289628 0.007894 0.0050142 -0.00379788 -0.000615363 0.00987959 -0.00402317 -0.00827486 0.00316838 -0.0108887 0.00748849 0.0125184 0.028073 -0.0018812 -0.00222108 -7.97937e-05 0.0091023 -0.00929264 -0.0110778 0.00206912 -0.016126 -0.0106153 -0.00245168 -0.00323617 -0.00218323 0.00378953 -0.00196616 -0.0115497 -0.00729688 -0.0013602 -0.0153167 0.00797852 -0.00300047 -0.0157412 0.0130397 -0.000790827 0.0111501 0.0153364
internal_weight=3.83553e+06 3.19643e+06 639104 8503 4259 1957 843 550 2302 303 630601 42389 4034 3942 3359 38355 1965 36390 2901 958 532 286 33489 33222 19473 2071 1863 13749 17402 2524 13677 4582 852 3730 381 624 186 9095 9018 6922 1421 2096 2004 556 1448 336 5501 5349 5136 2369 1583 861 2767 1590 1177 964 633 626 282 640 2445 1789
internal_count=3835534 3196430 639104 8503 4259 1957 843 550 2302 303 630601 42389 4034 3942 3359 38355 1965 36390 2901 958 532 286 33489 33222 19473 2071 1863 13749 17402 2524 13677 4582 852 3730 381 624 186 9095 9018 6922 1421 2096 2004 556 1448 336 5501 5349 5136 2369 1583 861 2767 1590 1177 964 633 626 282 640 2445 1789
is_linear=0
shrinkage=0.05


Tree=89
num_leaves=63
num_cat=0
split_feature=0 10 0 1 1 3 4 2 2 2 7 13 4 4 0 10 13 10 10 1 2 4 2 1 1 3 1 5 11 5 9 1 7 6 4 11 4 3 10 11 0 0 6 9 0 3 3 6 2 1 10 3 2 2 13 11 4 4 10 13 2 2
split_gain=103.519 71.6552 82.0997 82.9282 67.675 77.4735 68.53 68.1179 95.6786 253.838 61.3998 69.0392 66.5991 64.6062 61.2941 60.2442 60.2177 228.645 107.408 110.038 101.328 143.981 135.523 104.863 103.119 87.7946 124.439 102.309 137.433 97.7599 92.8916 99.9995 84.083 81.9694 76.4171 74.9228 74.2577 73.2495 69.1135 74.7372 66.7449 100.758 76.4069 64.392 70.3826 65.8163 60.3373 59.3176 58.2851 69.283 84.2471 106.138 65.7653 74.121 111.127 110.124 67.997 66.3838 95.6981 71.3897 77.1605 67.5649
threshold=0.0023023736924603095 11.54166666666667 0.0011192457152150077 70.561796855813199 51.872371897264607 0.00021436386420655608 23.591792104443964 -0.042373290154722833 -0.19922441547276767 -0.20643638702681616 -0.00040154315202534091 3.2500000000000004 31.300853198551451 34.010931354966523 0.0010963956351604436 15.375000000000002 2.2500000000000004 15.208333333333334 15.29166666666667 60.858954253696268 -0.12531192914558975 29.52306356476625 -0.2280607228569389 44.5392247880472 56.855511409068114 0.00040223439269857338 51.992107646115024 1.5357496745102102 0.39999999999997932 1.8075194830583807 0.00032692024859170253 60.064856433300825 0.0020235073266271501 0.00088543393205531295 28.012358017874217 0.25000000000003342 60.932501062670681 0.00068424475074527105 15.375000000000002 0.666666666666626 0.0017497198650184103 0.0018189120744760217 -0.00043047783039168447 -3.2570637786227641e-05 0.0015421668759860515 0.0017367164038762171 -0.0066559810298806614 -0.00049471422492414197 -0.052660970406740823 40.34685118666372 15.04166666666667 -0.0013545985451297404 0.022524916764823679 0.0066720196311561529 2.2500000000000004 0.95999999999998531 10.618155084203174 16.039041310283753 15.125000000000002 2.2500000000000004 -0.020431378648323943 -0.010419901354692474
decision_type=2 2 2 2 2 2 2 2 2 2 2 2 2 2 2 2 2 2 2 2 2 2 2 2 2 2 2 2 2 2 2 2 2 2 2 2 2 2 2 2 2 2 2 2 2 2 2 2 2 2 2 2 2 2 2 2 2 2 2 2 2 2
left_child=1 -1 3 4 48 -6 7 8 9 -7 12 -12 -8 14 -13 -9 17 -4 46 20 21 47 -23 -24 -25 26 27 28 34 30 31 37 38 -28 -22 -34 -29 -27 43 40 -40 -42 -43 -31 -45 -46 -18 -20 -3 50 -50 -52 53 57 -55 56 -56 58 59 -51 -61 -59
right_child=-2 2 16 -5 5 6 10 15 -10 -11 11 13 -14 -15 -16 -17 18 -19 19 -21 25 22 23 24 -26 29 33 36 -30 32 -32 -33 35 -35 -36 -37 -38 -39 39 -41 41 42 -44 44 45 -47 -48 -49 49 52 51 -53 -54 54 55 -57 -58 61 -60 60 -62 -63
leaf_value=-0.00076870379123583047 0.00029695535417885167 1.0492453121223942e-05 -0.00015953393295839877 -0.018128199038798348 0.0087091085226926289 0.0099001616898891157 0.00082967169162985249 -0.0035953257726663926 0.0092689327709033782 -0.041105519896104267 0.0020749109133980986 0.020510028820254107 -0.024081894774493337 -0.0048207253314801867 -0.0061782481290968555 0.019061150319600186 0.009333340697590382 -0.004393498560378825 0.020872249438407573 0.0082496890580312891 0.0082663827316761945 -0.038205313956358407 0.015854397802648686 -0.034501445261721914 0.020838200226426126 -0.0041816006520551119 0.020700655582618389 0.0027847850576922352 -0.018475557815873882 0.0084042569068911287 -0.031081873759533626 -0.035346690267324447 -0.037315533944854033 -0.029872857900552975 -0.01761710647839666 0.013501075237066154 -0.027184048947392472 0.018577855366354281 -0.029637024112319329 0.0039751862922242582 0.014831404300936818 0.0017889244079589844 -0.032215500250458717 -0.017679533209867669 0.0056239583032826586 -0.024000028950010344 0.000101749969750135 0.0081156760271239494 0.0010891965379738369 -3.4228243527450943e-05 -0.024138599721712478 0.0027375737668117349 0.00038000253839076892 -0.00075625299093538953 0.028368257740397515 0.020920629002670249 -0.017934474175226704 -0.0043302874262357511 -0.038654837729525271 -0.0023007699562004563 -0.014762184110980729 0.0030474189044672768
leaf_weight=481980 1613670 20917 512302 741 2701 678 976 15686 2715 381 4453 1582 370 422 249 299 1773 34003 1222 7266 1291 283 532 282 120 501 1172 18787 1464 737 159 120 81 86 366 694 209 1201 926 393 274 250 487 1104 960 233 1045806 3584 12810 2684 783 692 6056 2045 81 202 3755 9696 241 1998 3284 4564
leaf_count=481980 1613670 20917 512302 741 2701 678 976 15686 2715 381 4453 1582 370 422 249 299 1773 34003 1222 7266 1291 283 532 282 120 501 1172 18787 1464 737 159 120 81 86 366 694 209 1201 926 393 274 250 487 1104 960 233 1045806 3584 12810 2684 783 692 6056 2045 81 202 3755 9696 241 1998 3284 4564
internal_value=-7.84197e-06 -0.000229222 -7.97624e-05 -0.00146286 -0.00133977 0.000624533 -0.00016064 -0.00174506 0.00429684 -0.00845032 0.00372742 0.00568352 -0.00601823 0.0128159 0.0168807 -0.00317154 5.53704e-06 -0.000423063 0.000219886 0.00261782 0.00152711 0.00746905 -0.0078935 0.00129092 -0.0179821 0.000390792 0.0019467 0.00107664 -0.0073131 -0.00408821 0.00556961 0.00876807 -0.0072047 0.0172433 0.00254921 0.00818992 0.00245506 0.0118784 -0.00942894 -0.0159054 -0.019939 -0.0110563 -0.0206808 -0.00445527 -0.00858128 -0.000161783 0.000117374 0.0113592 -0.00219833 -0.00314333 -0.000213757 -0.0115296 -0.00435263 -0.00535651 -0.0102526 -0.015062 -0.0169568 -0.00403088 -0.00761346 -0.00667434 -0.0100485 -0.00196901
internal_weight=3.83538e+06 2.22171e+06 1.73973e+06 101061 100320 30512 27811 19759 3774 1059 8052 6706 1346 2253 1831 15985 1.63867e+06 546305 1.09236e+06 44784 37518 6023 1217 934 402 31495 23375 22117 3121 8120 1981 1822 6139 1258 1657 775 18996 1702 5364 2330 1937 1011 737 3034 2297 1193 1.04758e+06 4806 69808 48891 14285 1475 34606 28550 6083 4038 3836 22467 8207 7966 5282 14260
internal_count=3835379 2221709 1739729 101061 100320 30512 27811 19759 3774 1059 8052 6706 1346 2253 1831 15985 1638668 546305 1092363 44784 37518 6023 1217 934 402 31495 23375 22117 3121 8120 1981 1822 6139 1258 1657 775 18996 1702 5364 2330 1937 1011 737 3034 2297 1193 1047579 4806 69808 48891 14285 1475 34606 28550 6083 4038 3836 22467 8207 7966 5282 14260
is_linear=0
shrinkage=0.05


Tree=90
num_leaves=63
num_cat=0
split_feature=0 12 4 10 2 0 2 13 2 2 2 0 2 3 4 4 0 0 0 3 6 4 13 3 1 11 2 11 3 4 10 2 11 0 1 7 4 7 9 7 7 11 2 2 13 7 0 2 2 12 10 3 7 2 2 2 0 9 7 1 0 0
split_gain=97.5349 64.3362 53.4717 80.2286 276.253 285.656 172.628 171.124 120.464 99.2016 121.826 124.612 158.689 103.628 90.6893 146.024 66.5765 66.2113 62.361 62.3592 60.5869 62.0893 55.2688 51.6608 51.3588 119.651 116.445 91.1033 100.27 98.8071 105.72 84.8643 75.9789 73.7152 96.8315 72.725 77.0536 69.6537 61.5047 67.7273 59.4303 56.0995 55.8492 50.6469 49.7428 49.5585 47.8811 102.188 80.1246 52.8414 53.7985 72.8046 62.2131 49.7941 63.0378 80.4107 51.5407 103.028 49.3703 47.759 46.8558 70.6432
threshold=0.0017421547678472178 1.1250000000000002 18.5722317536712 14.458333333333334 0.13385620961730396 0.0041403654344143682 -0.16535616704610437 3.2500000000000004 -0.054862519292225881 -0.040256334163309003 -0.22441624292836806 0.0019658877625783958 -0.28044608104478236 -0.001625039921617408 11.176469268324473 12.739493144548344 0.0035173918394614738 0.0028911156329929481 0.0048247459680383674 -0.0017206503391308107 0.00086549521680612262 11.649392683950319 2.2500000000000004 -0.0060997529341270101 44.789125512173584 1.0000000180025095e-35 0.057175646515359738 0.75000000000000933 8.4545269516418702e-05 17.411151867966019 14.79166666666667 0.040571181833472879 0.73134328358208023 0.0033694166613884714 42.209290483293771 -0.002322929130694706 15.707534766516039 0.0020784507058138062 -0.00010399336554425767 -0.0027508043031810865 -0.0058817105561693164 0.8168476507902126 0.10162391666240064 0.042295401620995633 3.7500000000000004 -1.0000000180025095e-35 0.0025448478105859628 -0.2672375368403454 -0.041286936430331413 1.3750000000000002 13.04166666666667 -0.0023003375899824769 0.0027828868459738314 -0.10472384960044245 -0.16535616704610437 -0.15372598130120518 0.0019582275002986678 0.00055208758170955221 -0.00026552170897503608 45.187490510142432 0.0018119162181143543 0.0017707109602498581
decision_type=2 2 2 2 2 2 2 2 2 2 2 2 2 2 2 2 2 2 2 2 2 2 2 2 2 2 2 2 2 2 2 2 2 2 2 2 2 2 2 2 2 2 2 2 2 2 2 2 2 2 2 2 2 2 2 2 2 2 2 2 2 2
left_child=1 -1 3 46 5 7 -7 22 18 10 11 -9 -13 17 -11 19 -4 -14 -8 43 45 -22 -5 -12 26 -26 31 29 -29 42 37 35 -32 34 -33 36 40 -31 -38 -40 -17 -30 -27 -16 -10 -21 47 -2 49 50 53 -52 -53 54 56 -56 57 -49 -55 -48 61 -25
right_child=2 -3 16 4 -6 6 8 9 44 14 23 12 13 -15 15 24 -18 -19 -20 20 21 -23 -24 60 25 27 -28 28 41 30 32 33 -34 -35 -36 -37 38 -39 39 -41 -42 -43 -44 -45 -46 -47 59 48 -50 -51 51 52 -54 58 55 -57 -58 -59 -60 -61 -62 -63
leaf_value=-0.0012078666262781074 0.012114652194787084 -0.00021063007812328191 -7.6398143839868154e-05 -0.0004305070897249626 -0.022113103179325317 0.015728717824661887 -0.04353285538171655 0.022054910151283892 0.0068902972078478692 0.018840435638109502 -0.016584582371662739 0.020080850867147979 0.01785962528143174 -0.027981806407942067 0.019903375562062987 0.019103740092287672 0.00062830923623094362 -0.021470160359008748 -0.016350747395817846 -0.012695377403423589 -0.023204571588619338 0.01384213156614107 0.0028969092008173142 0.017752523861287461 -0.021630518086177788 0.010864257502646097 0.023304818756878377 -0.032519178721845524 -0.014103708071704198 0.027556522762993488 -0.014760249524188796 -0.038967115528076787 0.033931620661602463 0.035755714401602745 0.0096743129053205815 0.019081076262447046 0.026496526225262097 -0.030231991073777598 0.0065297662158517985 -0.041885033425162824 -0.025647620437137614 0.010915477270599447 -0.014841543549326212 -0.02203524398803711 -0.040955992359103577 -0.035548175346197156 -0.00016705176642073819 0.0074347382187888696 0.00053416187232742016 -0.00041440669474556081 0.0065723682292064258 -0.0086629619949856306 0.005464215039272342 -0.0079719875445965968 0.016179349319753962 0.001424116467849971 -0.0052183123840137506 -0.04901968058417825 -0.00084533521519137948 0.0016359497344990627 0.014890117149988816 -0.0089702980979890021
leaf_weight=194023 1722 971822 1725372 24980 1160 308 670 463 307 929 146 394 273 743 257 94 415952 176 308 563 185 291 24939 457 485 4813 1088 322 399 328 1171 287 86 64 159 909 327 62 481 85 352 511 221 100 66 410 54843 1642 179581 68342 1052 8214 861 4714 1094 5919 5628 85 5016 111198 6920 539
leaf_count=194023 1722 971822 1725372 24980 1160 308 670 463 307 929 146 394 273 743 257 94 415952 176 308 563 185 291 24939 457 485 4813 1088 322 399 328 1171 287 86 64 159 909 327 62 481 85 352 511 221 100 66 410 54843 1642 179581 68342 1052 8214 861 4714 1094 5919 5628 85 5016 111198 6920 539
internal_value=4.93978e-06 -0.000376593 0.000171593 0.000622393 0.00210464 0.00247106 -0.0180509 0.00292495 -0.0257519 0.00629356 0.0101203 -0.000766361 -0.00742856 -0.0165214 0.0037105 0.0027101 6.04912e-05 0.00244305 -0.0349724 -0.0105622 -0.0151739 -0.000556272 0.00123183 0.0128871 0.00466778 0.00247632 0.00945297 0.00395387 -0.00853957 0.0062577 -0.00437278 0.00398856 -0.0114289 -0.0144255 -0.0216263 0.00816612 0.000756343 0.0183696 0.00923287 -0.000741008 -0.0162157 -5.44732e-05 0.00973574 0.00815586 -0.0015758 -0.022325 0.000365986 -2.85041e-05 -0.000102616 -0.00121753 -0.00282124 -0.00587921 -0.00732263 -0.00153615 0.000334219 0.00372587 -0.00289973 0.00465615 -0.00429806 0.00104042 0.0134307 0.00329108
internal_weight=3.83491e+06 1.16584e+06 2.66906e+06 527739 77828 76668 1659 75009 1351 25090 10111 2049 1586 1192 14979 14050 2.14132e+06 449 978 1806 1449 476 49919 8062 12244 8398 3846 7913 1232 6681 1647 2758 1257 510 446 2248 1339 390 893 566 446 910 5034 357 373 973 449911 283870 282148 102567 34225 10127 9075 24098 14368 7013 7355 1727 9730 166041 7916 996
internal_count=3834908 1165845 2669063 527739 77828 76668 1659 75009 1351 25090 10111 2049 1586 1192 14979 14050 2141324 449 978 1806 1449 476 49919 8062 12244 8398 3846 7913 1232 6681 1647 2758 1257 510 446 2248 1339 390 893 566 446 910 5034 357 373 973 449911 283870 282148 102567 34225 10127 9075 24098 14368 7013 7355 1727 9730 166041 7916 996
is_linear=0
shrinkage=0.05


Tree=91
num_leaves=63
num_cat=0
split_feature=0 0 10 2 6 4 10 6 9 0 1 13 10 2 4 10 2 2 4 0 2 2 2 5 2 2 2 4 1 4 2 4 2 10 0 0 5 1 2 9 4 4 0 2 1 3 4 0 6 5 4 0 10 1 2 2 1 4 0 6 3 4
split_gain=80.4983 58.4789 65.1348 91.345 63.3826 59.1504 76.5853 60.2071 58.2607 57.9262 59.4895 55.8178 82.8291 68.1528 175.903 85.6842 244.029 258.816 205.336 202.287 191.436 177.532 200.423 139.405 136.14 151.666 123.571 122.502 119.306 117.706 104.691 195.099 119.386 104.639 102.112 140.897 99.8624 99.5334 96.0986 171.984 140.552 181.845 171.287 167.549 113.926 111.349 138.272 107.857 105.347 100.559 98.6693 171.763 95.5698 97.8791 95.4129 118.364 128.204 98.6828 95.1552 94.5412 93.0136 121.187
threshold=0.0023765010702893178 0.0009643359574801752 11.54166666666667 0.13385620961730396 -0.0012517660699414288 17.411151867966019 12.875000000000002 -0.0007581047408701801 0.00055208758170955221 0.001502174174777132 73.566741855555435 2.2500000000000004 15.208333333333334 0.11081959178938204 15.928071718884025 14.29166666666667 -0.23752482284043752 -0.024536438200905227 18.689758371966658 0.0015928053020944249 0.070572244101894943 0.0066720196311561529 0.027841359636806163 1.0517980969063676 0.01652749037128683 0.012812002228152932 0.10629896105001548 55.27872885119239 37.133156457446624 10.251597655383696 0.078860826294521152 23.371923342158031 0.09268775273123446 14.54166666666667 0.0021632176634864921 0.0017915890093401635 1.5010288153506011 66.694465744648838 0.052191455803375093 -0.00045908413321345785 30.713427949339557 25.358966946757118 0.0018913683882781931 0.045727579404700874 71.65879873656769 -0.00035861463423411064 18.79234659390659 0.0019822079772166125 -0.000477352287329813 2.1555455910850121 19.072870714237645 0.0019987776865695007 14.458333333333334 39.35263832943923 0.064899025931300161 0.058036642531770648 43.177489983211444 17.913497780148521 0.001647345377426213 -0.0010653948787973653 0.0038892851962889843 32.934801996275517
decision_type=2 2 2 2 2 2 2 2 2 2 2 2 2 2 2 2 2 2 2 2 2 2 2 2 2 2 2 2 2 2 2 2 2 2 2 2 2 2 2 2 2 2 2 2 2 2 2 2 2 2 2 2 2 2 2 2 2 2 2 2 2 2
left_child=1 5 3 -3 8 6 -1 -7 -4 -6 11 12 -11 15 -15 -13 18 27 -17 20 54 23 24 -21 25 33 29 36 -20 -24 38 37 -33 -23 35 -30 -18 52 40 48 41 45 -42 47 50 58 49 -43 -40 -47 51 -41 -32 -54 55 -19 57 -57 -31 -25 -61 -62
right_child=-2 2 4 -5 9 7 -8 -9 -10 10 -12 13 -14 14 -16 16 17 19 28 21 -22 22 26 59 -26 -27 -28 -29 34 30 31 32 -34 -35 -36 -37 -38 -39 39 44 42 43 -44 -45 -46 46 -48 -49 -50 -51 -52 -53 53 -55 -56 56 -58 -59 -60 60 61 -63
leaf_value=-0.025422312715952938 0.00029671051790298997 -0.00060025270808872254 -0.0008366189701454565 -0.016861454172253695 -0.00031126456154062374 -0.014776635650057525 -0.0040451945575597937 0.00054844594641249281 -0.010947642041020784 3.553659825087355e-05 -0.0029244865519749462 0.00034555062472795402 -0.0032661464552801779 -0.012507422845991663 0.00095422246461955248 0.012199381347111181 0.0018891221690493063 -0.0067600626138719956 -0.032194930155168881 0.0027054588994137813 0.024104125429405255 -0.0095688738988179683 0.023466002930637817 0.012140206077190206 0.012150634739117837 -0.011040886023032853 0.023867708427261075 0.017274102363897408 -0.019138695589691536 0.015991751200671322 0.0048652248565466995 0.013874575474350712 -0.0049927731563524196 0.012254463176503949 -0.029162894393584233 0.0072689686766842926 0.0055557432149820479 0.026650293243218617 0.015523446354959987 -0.0062813467820980896 -0.0083212184612288381 -0.014325216451372805 0.013926017059294936 -0.027507794532683302 -0.041524562476173282 0.0022154352232301015 0.010159734551189657 0.0072021424899556047 -0.025215214656402026 -0.015549481157812215 0.0088601815003474648 0.01491530647943796 0.017819659923221553 -0.017795336304521056 -0.020886799899132821 -0.045783404313673191 0.026103130935727061 0.0039817803331829195 -0.0094538217711229618 -0.0065203215160896683 -0.0053312614179492112 0.021146757645907056
leaf_weight=432 1492201 538697 166543 865 562755 672 13895 13843 1437 323124 13956 493944 20182 3518 7823 822 35704 11528 825 10062 534 694 568 809 8167 1597 591 1725 952 411 653 1691 1663 2634 565 1076 38696 166 203 3193 1221 1324 2969 1249 126 2587 3952 1038 727 1151 10607 1364 204 3550 1051 127 599 462 3464 16273 1057 731
leaf_count=432 1492201 538697 166543 865 562755 672 13895 13843 1437 323124 13956 493944 20182 3518 7823 822 35704 11528 825 10062 534 694 568 809 8167 1597 591 1725 952 411 653 1691 1663 2634 565 1076 38696 166 203 3193 1221 1324 2969 1249 126 2587 3952 1038 727 1151 10607 1364 204 3550 1051 127 599 462 3464 16273 1057 731
internal_value=9.66979e-06 -0.000173136 -0.00014525 -0.000626322 1.01541e-06 -0.00241066 -0.00468978 -0.000161058 -0.000923115 9.76351e-05 0.000318066 0.000362004 -0.00015856 0.000622272 -0.00322161 0.000686826 0.0016163 0.00190007 -0.0102379 0.000240713 -0.00526883 0.00114954 0.00275083 -0.0020475 0.00819122 0.00162541 0.00115642 0.00410157 -0.0156338 0.000851931 0.000556737 -0.00463963 0.00451966 0.00770356 -0.0103647 -0.00512753 0.00379616 -0.0113574 0.00171426 0.00455338 -0.000663645 -0.00290184 0.00744299 -0.0126968 0.00582315 0.000156483 0.00363916 -0.00486484 -0.0163228 -0.00325471 0.00621657 6.32297e-05 -0.012789 -0.0158599 -0.00640816 -0.00521148 0.00981554 -0.00674857 -0.00675495 -0.00458191 -0.00533094 0.00549392
internal_weight=3.83525e+06 2.34305e+06 2.31421e+06 539562 1.77464e+06 28842 14327 14515 167980 1.60666e+06 1.04391e+06 1.02995e+06 343306 686647 11341 675306 181362 177122 4240 100997 14301 86696 57764 28932 13092 4925 44672 76125 3418 44081 43513 7927 3354 3328 2593 2028 74400 4573 35586 16220 19366 15176 4190 3611 15290 11565 7690 2362 930 3738 15164 4557 4407 3754 13767 12716 1188 589 3875 18870 18061 1788
internal_count=3835249 2343048 2314206 539562 1774644 28842 14327 14515 167980 1606664 1043909 1029953 343306 686647 11341 675306 181362 177122 4240 100997 14301 86696 57764 28932 13092 4925 44672 76125 3418 44081 43513 7927 3354 3328 2593 2028 74400 4573 35586 16220 19366 15176 4190 3611 15290 11565 7690 2362 930 3738 15164 4557 4407 3754 13767 12716 1188 589 3875 18870 18061 1788
is_linear=0
shrinkage=0.05


Tree=92
num_leaves=63
num_cat=0
split_feature=0 8 0 2 8 12 5 3 4 0 4 5 9 12 2 2 4 2 13 6 2 1 2 3 11 2 2 2 5 5 4 1 3 13 13 1 12 4 9 0 2 0 2 6 6 5 8 5 4 13 2 2 4 2 4 2 2 1 11 2 2 0
split_gain=79.9994 73.9098 62.6862 62.3237 70.9593 56.7763 56.1097 55.0799 94.7465 79.9347 84.3038 88.6674 73.6241 62.6117 62.0333 58.814 54.8938 64.127 89.2597 87.5321 95.9719 75.3641 61.3275 55.1503 54.2858 53.4921 102.812 79.7161 64.5146 61.3874 55.8467 67.5638 99.523 74.8602 55.8089 55.4883 56.7694 54.8318 54.6997 54.653 56.8229 89.5261 54.261 53.1888 60.2398 53.0274 52.8753 77.4062 60.4545 95.2741 57.313 52.4869 52.3765 50.8953 49.0214 55.3608 83.4506 107.021 93.1021 76.2996 71.2598 82.9314
threshold=0.0014875953953294139 0.0010825765325816492 0.0031189993086482046 0.034328828225155796 0.00038687888188930025 1.3750000000000002 4.6378149577274304 0.00033058742317695 23.128700477215776 0.0011385095547959822 11.649392683950319 1.5987858960369099 0.00049188391539595623 1.3750000000000002 0.029733101360507965 0.031926564999184955 15.828187455999549 -0.020431378648323943 2.2500000000000004 -0.0010097185570417386 0.028848701644130798 52.119119307161249 0.010069300628684313 -0.0020105639962740228 0.50000000000009182 -0.12974289593827013 -0.16790973370033882 -0.09450313933816494 0.88711546675874875 1.6407769702381358 30.116218552713544 66.694465744648838 0.0025887248420742577 2.2500000000000004 2.2500000000000004 74.29524809524105 1.6250000000000002 49.582244864167485 0.0004505451795604164 0.0012423332632078875 0.0019445166147716013 0.0014480136312409306 -0.04668996884787769 -0.00012176316402356945 -0.00091946977782947348 0.16223049602689099 0.00054078789009462272 2.0502778723538677 30.713427949339557 2.7500000000000004 -0.041286936430331413 0.022524916764823679 50.978803541563714 0.031926564999184955 21.664025808386146 -0.23105312835107442 -0.24098185384994153 43.587192581694531 0.85714285714283578 -0.085652006922059126 -0.25721210482814366 0.0023393111815628509
decision_type=2 2 2 2 2 2 2 2 2 2 2 2 2 2 2 2 2 2 2 2 2 2 2 2 2 2 2 2 2 2 2 2 2 2 2 2 2 2 2 2 2 2 2 2 2 2 2 2 2 2 2 2 2 2 2 2 2 2 2 2 2 2
left_child=3 -2 5 7 -5 6 54 9 12 16 11 -11 14 -13 -9 -16 17 -1 -19 -20 21 -21 23 -18 -23 26 29 28 -27 -10 -29 37 33 -33 -28 36 51 39 -37 -32 42 43 -41 44 -42 -6 47 -25 49 -48 -49 -34 -50 -12 -3 56 57 58 -56 -57 61 -59
right_child=1 2 -4 4 45 -7 -8 8 25 10 53 13 -14 -15 15 -17 22 18 19 20 -22 24 -24 46 -26 27 34 30 -30 -31 31 32 35 -35 -36 38 -38 -39 -40 40 41 -43 -44 -45 -46 -47 48 50 52 -51 -52 -53 -54 -55 55 59 -58 60 -60 -61 -62 -63
leaf_value=-0.0016206477555168394 0.00072552842881564838 9.492330579611884e-05 0.00041003401504133849 -0.0092854359197442494 0.010479814630293075 4.5433481743312786e-05 -0.0044855646289986987 -0.0020459283735559191 -0.0064316886345794581 0.0015282820226970599 -0.00016634285906457708 0.019483547877471627 -0.010830456273401961 0.0056239940035649688 -0.018631280633402861 0.019163067536107428 -0.0063733123428208697 -0.00018313365189232412 0.010368683985290455 -0.014372490591333945 0.019148943453659247 0.020054085145816736 -0.0057650186744037553 -0.0022502178051154783 -0.019530917024612428 0.00073451296885227411 -0.0022625617798064193 0.0016119570802096946 0.014425439742113312 0.010198245842442251 0.0050604930136655558 -0.001544512823258298 -0.019989956212570756 -0.021161817868432336 -0.023748711428896317 0.011668895465096064 0.0022354283899217102 -0.014067468231525085 -0.017872592912096044 -0.0057940440912357281 0.012214212456057149 0.0066435091535002842 0.0027114327573897275 -0.005570614641765133 -0.024917201398015676 0.00055760460853713524 -0.00078500505892020007 -0.039252633834257727 -0.0044775114662462907 0.0054294564820741437 -0.0054918734711191432 0.0095593006714530613 0.0066858029853495912 -0.0073240476944392875 -0.0062497664238529149 0.00050567501684357441 -0.0081675027575385199 -0.024470428069988334 0.02040930863004178 -0.0010511919850240518 0.015848861482018792 0.0077346328758152137
leaf_weight=14072 397706 257587 693688 1816 1363 1415214 8735 108024 1276 14165 244699 1224 2506 2438 914 116 3374 3387 485 5712 243 282 5699 5969 125 1646 453 26543 1803 982 4454 721 820 1494 908 1056 1005 693 184 2512 124 883 7396 1400 917 111589 12312 256 6619 12358 247 184 1249 2509 4705 103937 6240 286 352 324073 1374 664
leaf_count=14072 397706 257587 693688 1816 1363 1415214 8735 108024 1276 14165 244699 1224 2506 2438 914 116 3374 3387 485 5712 243 282 5699 5969 125 1646 453 26543 1803 982 4454 721 820 1494 908 1056 1005 693 184 2512 124 883 7396 1400 917 111589 12312 256 6619 12358 247 184 1249 2509 4705 103937 6240 286 352 324073 1374 664
internal_value=-1.29107e-05 8.74686e-05 -2.61778e-06 -0.000532345 0.000519693 -0.000137441 -0.00050301 -0.000770755 -0.00150752 -0.000401713 4.80344e-07 0.00332121 -0.00235709 0.0102565 -0.00216237 -0.0143748 -0.00187425 -0.00381082 -0.00682236 -0.0101066 -0.0116675 -0.0128913 -0.000895305 -0.000240518 0.00789653 0.000142099 -0.00574217 0.000537663 0.00789158 0.000800639 3.42758e-05 -0.00172206 -0.00660355 -0.0147762 -0.0165972 -0.00103184 -0.00616538 -0.000270818 0.00728532 0.000269784 -0.00134281 -0.00699975 0.000555018 -0.011935 -0.0204942 0.000677337 0.000289911 -0.00383756 0.00111089 0.00232802 -0.0226743 -0.0145746 -0.0027054 -0.000238989 -0.000453258 -0.000772992 -0.00391107 -0.000312625 -0.00439412 -0.000673126 0.00856867 -0.00196079
internal_weight=3.83577e+06 3.21456e+06 2.81686e+06 621206 114768 2.12317e+06 707953 506438 169014 337424 265035 17827 111560 3662 109054 1030 72389 24306 10234 6847 6362 6119 48083 42384 407 57454 3619 53835 3449 2258 50386 23843 5464 2215 1361 3249 2009 18379 1240 17686 13232 3324 9908 2441 1041 112952 39010 6472 32538 24670 503 1004 7868 247208 699218 441631 13621 7381 5057 428010 2324 950
internal_count=3835767 3214561 2816855 621206 114768 2123167 707953 506438 169014 337424 265035 17827 111560 3662 109054 1030 72389 24306 10234 6847 6362 6119 48083 42384 407 57454 3619 53835 3449 2258 50386 23843 5464 2215 1361 3249 2009 18379 1240 17686 13232 3324 9908 2441 1041 112952 39010 6472 32538 24670 503 1004 7868 247208 699218 441631 13621 7381 5057 428010 2324 950
is_linear=0
shrinkage=0.05


Tree=93
num_leaves=63
num_cat=0
split_feature=0 12 0 8 10 8 10 13 0 11 0 5 5 0 3 8 3 7 4 0 4 10 13 3 3 11 9 6 0 5 7 11 8 8 5 0 6 9 3 6 5 3 11 10 5 0 0 7 7 6 4 4 6 11 0 7 7 4 5 8 9 7
split_gain=84.1144 71.6251 64.1503 69.1273 73.3434 128.74 92.5496 104.749 91.6297 102.624 96.0219 92.7131 97.6269 87.3323 91.5574 82.7354 75.8956 70.8204 69.8473 67.6656 65.672 91.1425 173.331 93.3099 121.789 82.5609 98.1165 100.166 93.1353 92.4491 84.6135 76.9205 71.4746 85.9025 68.3692 67.7909 95.3263 67.275 65.0956 85.467 68.5292 62.5114 60.5953 60.3481 86.0958 65.5795 60.1408 60.1282 63.3777 66.9646 61.3739 59.9869 59.9748 59.1451 71.9915 58.2621 66.6865 58.6954 56.7855 122.366 117.722 76.2029
threshold=0.001008675399579 1.8750000000000002 0.001734641428880497 0.0013667609108833332 14.79166666666667 0.0014348427655657325 15.375000000000002 2.2500000000000004 0.0014954963654819572 0.13043478260869434 0.0015180913033894291 3.6224244281866746 2.3289671859459955 0.0016068076222909772 -0.00044317541074590758 0.0026796480782312099 -0.0054186846553652751 -0.00033593283684107961 9.7771963586388129 0.00156320611356817 22.394658939754304 15.208333333333334 2.2500000000000004 -0.0060997529341270101 -0.001465364114670553 0.71014492753621627 -0.00034670629024270277 -0.0013424990172657412 0.0041403654344143682 2.1555455910850121 0.0025169267727535032 0.49999999999999784 0.0059008246757925919 0.0023871709559459193 2.6230575710426418 0.0028590255384603482 0.0023558667727353604 -0.00051748993693409876 0.0036730248863468444 0.0026732469360618576 3.7877493918658049 -0.00077681517301777581 0.85185185185187595 14.04166666666667 2.4134363083257844 0.0017145803098333678 0.0072247202833960441 -0.0035002685071005564 -0.0010815596855738849 -0.0012517660699414288 26.577534028478336 17.913497780148521 0.00031413780032996114 0.040000000000065948 0.0016864418517801465 0.00073541000933308187 -0.00015155916551340407 34.562156995767658 1.2257346746953426 0.0016867676624146542 5.4287342946011586e-05 -0.0020422694805979353
decision_type=2 2 2 2 2 2 2 2 2 2 2 2 2 2 2 2 2 2 2 2 2 2 2 2 2 2 2 2 2 2 2 2 2 2 2 2 2 2 2 2 2 2 2 2 2 2 2 2 2 2 2 2 2 2 2 2 2 2 2 2 2 2
left_child=41 2 3 -2 16 13 18 -8 9 -9 -10 12 15 14 -6 17 -5 -12 -7 -16 21 -4 -23 34 -25 26 27 -26 29 30 -28 -31 33 -27 -24 36 -35 -29 39 58 -40 -1 -41 -18 47 55 -22 -45 49 -49 -50 -37 -19 54 -52 56 -46 -57 59 -20 61 -61
right_child=1 -3 20 4 5 6 7 8 10 -11 11 -13 -14 -15 19 -17 43 52 38 -21 46 22 23 24 25 32 28 37 -30 31 -32 -33 -34 35 -36 51 -38 -39 40 42 -42 -43 -44 44 45 -47 -48 48 50 -51 53 -53 -54 -55 -56 57 -58 -59 -60 60 -62 -63
leaf_value=0.0014469919681731223 -0.00012926588619529587 0.00032639443741117443 0.00032942202103852336 -0.018789419879258609 -0.021141254131496756 0.01891143997187214 -0.0047986368126287995 -0.013974751955197182 -0.040961287782263406 0.015788086752096812 -0.025154178207886031 -0.031492084009866965 0.019647701398725681 0.0017865369223426806 -0.0050807406462689969 0.011543623975549755 -0.0011630594146334952 0.018921255602823317 0.011837215822211535 -0.030117799780910483 -0.0002220973108265387 -0.0026689239826827031 -0.035527056548315263 0.014735718743776965 0.029053170099761917 0.0073939453991292746 0.018032580849892212 0.0077048095564047504 -0.025042029661149837 0.00093108797763355911 -0.032603836585493651 0.016114672563287993 0.034956381377719697 -0.037826680678104047 0.001188965039175065 -0.013567168155654534 -0.0028274685776594915 -0.022115133756372349 0.012929056967661634 0.0068523491391484052 -0.0090709642220430931 -0.0031800618436806346 -0.027878379161533254 0.016702151761816105 0.0066131554830532804 -0.015470327926026936 0.0038444721832418573 -0.0084510888440430896 -0.00047997223067739684 -0.00086195819185484388 0.021582825771967573 0.032153746738272197 -0.010169679764119876 0.0027956768959774784 -0.026466039628133011 -0.0008674945471183424 0.020868101065386575 0.024799424260854724 -0.0035815255088490409 0.024650538372993469 0.013728612713282119 -0.016066043343907748
leaf_weight=9280 440088 1264338 587196 579 1853 369 3093 324 134 2730 447 190 778 1415 3056 780 168706 269 1907 296 1171160 7401 217 4097 161 618 2805 264 199 3139 85 1136 105 474 305 183 330 667 1230 161 497 34202 571 528 4095 367 9163 4219 30308 9345 750 118 519 10885 87 3097 1026 240 40150 125 574 1424
leaf_count=9280 440088 1264338 587196 579 1853 369 3093 324 134 2730 447 190 778 1415 3056 780 168706 269 1907 296 1171160 7401 217 4097 161 618 2805 264 199 3139 85 1136 105 474 305 183 330 667 1230 161 497 34202 571 528 4095 367 9163 4219 30308 9345 750 118 519 10885 87 3097 1026 240 40150 125 574 1424
internal_value=-5.92373e-06 1.91539e-05 -0.000134566 -0.000527096 -0.00111635 -0.00263237 -0.00185646 0.00271124 0.00647531 0.0126305 0.000444487 0.00230448 0.00460357 -0.00922786 -0.0122222 -0.00120503 -0.000709288 -0.00925681 -0.00275663 -0.00729165 2.71135e-05 0.000448586 0.0035858 0.00669196 0.00744573 0.0045415 0.00662447 -0.00736187 0.00869849 0.00963559 0.0165433 0.00496584 -0.00509392 -0.00753459 -0.0140742 -0.0158838 -0.0234613 -0.0136592 -0.00292807 -0.00329436 0.00659784 -0.00219255 -0.0202395 -0.000664485 0.000630611 0.00522144 -0.000190528 -9.12813e-05 -0.000250776 -0.00322251 0.000708268 0.00435665 -0.000238891 0.00378054 0.0165885 0.00611927 0.00946916 0.000978493 -0.00301361 0.00264443 -0.00561305 -0.0127803
internal_weight=3.83486e+06 3.79137e+06 2.52704e+06 737212 297124 62892 56272 9264 6171 3054 3117 2983 2793 6620 5205 2015 234232 1235 47008 3352 1.78982e+06 609500 22304 14903 14381 10284 8456 1092 7364 7165 2890 4275 1828 1723 522 1105 804 931 46639 44912 1727 43482 732 233653 64947 8825 1.18032e+06 56122 55594 13564 42030 301 788 11722 837 8458 5121 3337 44180 4030 2123 1549
internal_count=3834855 3791373 2527035 737212 297124 62892 56272 9264 6171 3054 3117 2983 2793 6620 5205 2015 234232 1235 47008 3352 1789823 609500 22304 14903 14381 10284 8456 1092 7364 7165 2890 4275 1828 1723 522 1105 804 931 46639 44912 1727 43482 732 233653 64947 8825 1180323 56122 55594 13564 42030 301 788 11722 837 8458 5121 3337 44180 4030 2123 1549
is_linear=0
shrinkage=0.05


Tree=94
num_leaves=63
num_cat=0
split_feature=0 8 10 0 8 10 4 2 2 1 4 1 13 4 2 4 13 0 7 2 1 4 2 2 2 0 2 4 2 2 13 4 4 7 6 2 13 7 7 13 2 13 1 7 0 6 8 1 11 1 8 2 10 1 8 2 8 7 9 13 4 7
split_gain=66.9717 65.5226 61.0201 65.2155 92.0772 63.8976 100.561 101.205 193.667 129.28 121.648 109.279 103.201 86.5716 148.343 126.181 152.453 128.097 110.573 109.93 109.428 90.7059 83.7314 185.158 110.724 173.404 108.421 87.122 85.7609 88.5661 84.4544 86.7446 83.0195 77.0585 76.2256 92.624 75.2008 72.4628 95.7266 87.3575 72.0461 71.6715 69.2373 71.6184 68.0042 67.7932 66.0332 65.6249 64.9396 63.7478 63.1767 61.8217 63.7386 105.754 84.5208 89.6043 69.7422 61.8934 92.24 84.2114 92.9021 70.6748
threshold=0.0023023736924603095 0.0016867676624146542 11.54166666666667 0.0012818299446718867 0.0013108688620832646 14.458333333333334 50.978803541563714 0.046298878447835694 0.044397670418076886 64.410624578430628 22.921810888801552 44.914705795543711 2.7500000000000004 23.704328198878709 0.023588790252903037 29.816751609084154 2.7500000000000004 0.0011385095547959822 -0.00078992841466302133 -0.11905820546970869 33.209587040044767 33.10854165159494 -0.013249194365043598 0.01930039719212474 -0.023683604839015861 0.0011192457152150077 -0.025922773785349816 20.870788480095449 -0.011464396716748225 0.015781577077583226 2.2500000000000004 18.006246789293758 24.867995284895425 -0.0019123559858983394 -0.00024082862097141164 -0.12143892284060299 2.7500000000000004 0.00098483255719827877 0.0022693502650630308 2.2500000000000004 0.022524916764823679 3.7500000000000004 63.044023870443255 0.0013184249900718428 0.001008675399579 0.0007042916602442163 0.0017735446264738575 66.013134394839284 0.58108108108105261 18.537859523674644 0.00073351426729103186 -0.2672375368403454 14.29166666666667 33.47911784760619 0.00051008399593949368 -0.04459880107107117 0.00065803488252856558 -0.0024289160218779467 0.00044743841535022083 2.2500000000000004 50.978803541563714 -0.0037124046552298724
decision_type=2 2 2 2 2 2 2 2 2 2 2 2 2 2 2 2 2 2 2 2 2 2 2 2 2 2 2 2 2 2 2 2 2 2 2 2 2 2 2 2 2 2 2 2 2 2 2 2 2 2 2 2 2 2 2 2 2 2 2 2 2 2
left_child=2 -2 -1 5 51 -4 7 8 9 13 11 41 -13 22 15 16 -15 18 -17 -19 -18 -20 24 28 26 -26 27 42 44 37 -28 -32 -16 -29 -35 -36 -27 -30 39 -39 46 -9 43 -7 -24 -12 -11 -48 50 -6 -25 -5 -53 57 55 -55 -56 61 59 -59 -61 -54
right_child=1 -3 3 4 49 6 -8 10 -10 40 45 12 -14 14 32 17 20 19 21 -21 -22 -23 23 48 25 36 30 33 29 -31 31 -33 -34 34 35 -37 -38 38 -40 -41 -42 -43 -44 -45 -46 -47 47 -49 -50 -51 -52 52 53 54 56 -57 -58 58 -60 60 -62 -63
leaf_value=-0.00068288828008376476 0.0009068890828053532 8.6346771538415326e-05 -0.00022706361208434724 0.011808142979505214 0.0072530107017608472 -7.9319578240110217e-05 0.015143264746749319 -0.00067212290569038243 -0.026355615299995819 -0.013083595751560297 -0.0049539635266972462 0.0040504801578285328 0.020580465734353542 -0.00031334323888004037 0.022677129165070958 0.0056736687091505453 -0.011662090633596694 -0.013266960134343156 -0.021012287098984336 0.0063578370273210897 0.015132541896230357 -0.0048338813215772075 -0.034971280093115523 0.014229930893463248 -0.0015683093835499751 0.0084575400428664425 0.00066597776742253817 0.011554420995712281 -0.0045369685186850998 -0.023461503888332576 -0.024512491993060926 0.010760784000899663 -0.020881900337783511 -0.0017338250572845938 -0.0032971353616033285 -0.028695164877176285 0.030260972066649367 -0.0027848478959087188 0.017891689405466118 -0.027663008076375104 -0.037908999120988773 -0.038033815173359659 0.021261350194068804 -0.015470288850659805 -0.012849277099074448 0.0083172236723418266 0.020997012242341576 -0.0081302064003444946 -0.0075403250836561702 -0.00025508234226494225 0.0010305323503012318 0.00028624252949945912 0.012691967050448115 0.0073434546308343302 0.0075590892704372348 -0.012219730125184807 0.0011350680233592526 0.0021148772661555245 -0.020734438783095291 0.017114094169074452 -0.0018871383688554592 -0.0091444861671865392
leaf_weight=481995 298534 1314802 175599 1223 2836 17987 858 771 856 2888 4731 1896 1881 4548 122 1099 420 848 1651 4502 4108 1823 492 1156 2711 798 753 375 9931 794 1312 201 1058 971 560 1000 784 526 192 1072 238 154 365 789 1182 1208 313 506 1622 904226 4201 453589 558 794 4410 2227 100687 2262 253 3809 774 1103
leaf_count=481995 298534 1314802 175599 1223 2836 17987 858 771 856 2888 4731 1896 1881 4548 122 1099 420 848 1651 4502 4108 1823 492 1156 2711 798 753 375 9931 794 1312 201 1058 971 560 1000 784 526 192 1072 238 154 365 789 1182 1208 313 506 1622 904226 4201 453589 558 794 4410 2227 100687 2262 253 3809 774 1103
internal_value=-7.03447e-06 0.000238181 -0.000185031 -4.71682e-05 8.16199e-05 -0.000774471 -0.00188891 -0.00206004 -0.00270947 -0.00243556 0.00250222 0.00851045 0.0122826 -0.00193893 0.000823598 0.00189199 0.00615264 -0.00200499 -0.00814959 0.00324721 0.0126472 -0.0125226 -0.00305889 -0.00544286 -0.00129478 0.00610809 -0.00260192 -0.00153148 -0.00872247 -0.00730079 -0.0130168 -0.0198265 -0.0163783 -0.00959814 -0.0127322 -0.0195779 0.0192628 -0.00620604 -0.0154661 -0.0194741 -0.011242 -0.00689234 -0.000306796 -0.000726075 -0.0193511 -0.00225459 -0.00952987 0.00300144 0.00122491 -0.000231608 0.00387886 0.000578598 0.000554523 0.0015957 0.00116761 -0.007078 0.00140463 0.00687986 0.00891307 0.0100089 0.0139051 -0.0018087
internal_weight=3.83593e+06 1.61334e+06 2.2226e+06 1.7406e+06 1.47875e+06 261852 86253 85395 74754 73898 10641 4702 3777 69953 20179 18999 9076 9923 4573 5350 4528 3474 49774 21168 28606 4293 24313 22047 14189 12515 2266 1513 1180 2906 2531 1560 1582 11721 1790 1598 3945 925 19141 18776 1674 5939 3707 819 6979 907062 5357 571689 570466 116877 108118 3021 105097 8759 7098 6845 4583 1661
internal_count=3835934 1613336 2222598 1740603 1478751 261852 86253 85395 74754 73898 10641 4702 3777 69953 20179 18999 9076 9923 4573 5350 4528 3474 49774 21168 28606 4293 24313 22047 14189 12515 2266 1513 1180 2906 2531 1560 1582 11721 1790 1598 3945 925 19141 18776 1674 5939 3707 819 6979 907062 5357 571689 570466 116877 108118 3021 105097 8759 7098 6845 4583 1661
is_linear=0
shrinkage=0.05


Tree=95
num_leaves=63
num_cat=0
split_feature=12 0 0 8 2 4 2 2 3 6 1 1 10 13 6 1 3 4 0 10 4 8 4 0 5 1 1 0 3 2 4 10 4 1 10 10 6 10 0 4 5 1 1 2 3 5 2 1 3 0 4 3 10 10 2 2 11 2 0 2 5 11
split_gain=82.7501 50.885 49.9272 45.5462 42.5554 75.4369 72.3609 72.1863 56.0258 46.5749 43.7341 42.7393 42.0389 59.5003 40.9088 40.3528 38.3256 48.5892 37.1967 44.3053 43.7301 35.7568 53.1515 48.3351 38.1144 43.1652 41.7765 40.0845 47.0718 51.0606 53.6996 80.571 67.4099 53.9464 52.4125 51.5458 66.8236 45.6402 45.2481 40.4046 38.508 56.9429 38.4764 37.2854 71.8604 63.3447 43.9909 53.9801 51.3518 43.6441 41.6652 39.2012 47.193 37.7355 43.3404 37.6893 37.9429 37.178 38.0113 37.1597 59.191 36.4393
threshold=1.1250000000000002 0.0036636380808820709 0.0013495331350436258 0.0026269702276707752 0.060794178471247497 28.162785859783025 0.057175646515359738 0.065846920043394597 -0.00035861463423411064 -0.00060947542582473469 61.071988354001761 55.963410572933526 15.375000000000002 2.7500000000000004 5.6249326961022035e-05 70.029196493669176 0.0022223449970948861 32.784230215779438 0.0018189120744760217 10.708333333333334 60.932501062670681 0.0012495647805363566 46.705868532968303 0.0040784273578857643 1.7823876518085882 26.286525683191645 26.286525683191645 0.0024077885228283489 -0.0016551120879320883 -0.0029639174095702349 36.945603729111419 11.375000000000002 29.681236540388465 39.182177458178323 12.625000000000002 13.208333333333334 0.00057247793808612457 14.458333333333334 0.0017915890093401635 43.873164379665148 1.5987858960369099 70.561796855813199 42.493659303960335 0.013455646140861194 0.00015073111347826645 0.17347214129761687 0.011038789801083889 57.152901205658146 0.0023412838443855415 0.0021373369384087297 13.965577974883958 -0.00033611724508895378 14.54166666666667 11.375000000000002 0.0019445166147716013 0.072104743363384224 0.61818181818182327 0.018275525064265597 0.0023482504041511506 -0.21422281714175584 1.2609320306920739 0.24999999999995595
decision_type=2 2 2 2 2 2 2 2 2 2 2 2 2 2 2 2 2 2 2 2 2 2 2 2 2 2 2 2 2 2 2 2 2 2 2 2 2 2 2 2 2 2 2 2 2 2 2 2 2 2 2 2 2 2 2 2 2 2 2 2 2 2
left_child=2 3 4 18 6 7 15 8 9 -6 -8 -7 21 -14 -15 16 -1 -18 -2 -20 -21 22 24 -24 26 -26 -4 28 57 34 32 61 43 -33 38 42 -37 39 -30 -35 41 -36 -34 44 53 -46 47 49 -49 -47 51 52 -45 54 -31 -52 -57 58 59 60 -28 -32
right_child=1 -3 12 -5 5 11 10 -9 -10 -11 -12 -13 13 14 -16 -17 17 -19 19 20 -22 -23 23 -25 25 -27 27 -29 29 30 31 33 35 37 40 36 -38 -39 -40 -41 -42 -43 -44 50 45 46 -48 48 -50 -51 55 -53 -54 -55 -56 56 -58 -59 -60 -61 -62 -63
leaf_value=-0.0018380255452455085 -7.5479553773422016e-05 0.00068308959909379238 0.011224347649052112 -0.0003474323132443165 0.041605266458109809 -0.026718999244390973 0.014326785283162233 0.0051815082427534298 -0.029261467310777757 -0.010291203744085141 -0.023695897111078588 0.0065505970988357287 -0.0010989526250335601 0.013397004038095475 0.0028957156367218563 -0.015308603134002882 0.017882966595691639 -0.024829078140931254 -0.00019243739218823778 0.00054943103545195796 -0.0023975761711541813 -0.00061839812846195194 0.0044796910481357368 0.051994094694102259 -0.033546715146965451 0.0055099537533129638 -0.015626126586053043 0.0026463346209528158 -0.0048570217506436397 -0.017991401587302485 0.010725246625734826 0.03432777364745395 0.014425410899328439 0.010405700418681323 0.00064741374757978259 -0.015444788042919251 0.020664601577511918 0.034367925256995828 -0.00038732182187441015 -0.01366879224628139 0.015357231231648179 -0.027001139271925108 -0.0029599248204589283 -0.013129339759407461 -0.027520051469668901 0.00090418853508076344 -0.017181998235437184 0.017385072387275765 -0.0088063964651802842 -0.022828947187697492 0.00056282811516703392 0.00047028740183891084 0.028730826016882777 0.012211236699707468 0.010688329513554704 0.0098026383478513526 -0.0063423268189397438 -0.0069183879566511938 0.016772775839773015 -0.0010208777449223008 0.021127629733085632 -0.009252474412227733
leaf_weight=56709 1047480 343627 812 601569 57 630 973 1082 351 179 82 114 3737 1750 1973 551 455 78 301633 888236 12769 455793 6078 54 72 4052 886 11325 12204 240 321 262 357 1573 19710 1403 141 177 10563 196 439 188 2932 1303 198 1805 287 904 236 217 12666 1648 71 2967 292 2201 436 4375 278 9951 125 790
leaf_count=56709 1047480 343627 812 601569 57 630 973 1082 351 179 82 114 3737 1750 1973 551 455 78 301633 888236 12769 455793 6078 54 72 4052 886 11325 12204 240 321 262 357 1573 19710 1403 141 177 10563 196 439 188 2932 1303 198 1805 287 904 236 217 12666 1648 71 2967 292 2201 436 4375 278 9951 125 790
internal_value=4.40105e-06 0.000108291 -0.000514899 3.90283e-05 -0.00187218 -0.00838011 -0.00160533 -0.00247754 -0.0165952 0.00224311 0.0113715 -0.0216212 -0.00037104 0.00335807 0.00783186 -0.00184222 -0.0017126 0.0116324 0.000142349 0.000332074 0.000507666 -0.0004198 0.000369144 0.00489812 0.000113427 0.00482807 -7.26694e-05 -0.000161156 -0.000505472 3.79696e-06 0.00146422 0.00750209 0.000802935 0.0130281 -0.0011354 -0.00461079 -0.0121472 0.0101604 -0.00278326 0.00773832 0.000709354 0.000386185 -0.00107286 0.00183016 0.00489359 -1.76115e-05 0.00156125 0.00326248 0.011963 -0.00164284 0.000635554 -0.00472952 -0.0109663 0.0100125 -0.0022499 0.00169504 0.00713324 -0.00300786 -0.00148574 -0.00194878 -0.0110819 -0.00348033
internal_weight=3.83456e+06 3.19531e+06 639249 2.85169e+06 61261 2413 58848 1669 587 236 1055 744 577988 7460 3723 57793 57242 533 2.25012e+06 1.20264e+06 901005 570528 114735 6132 108603 4124 104479 103667 92342 76727 33623 3319 30304 2208 43104 4833 1544 1946 22767 1769 20337 19898 3289 25471 7146 3647 3449 3162 1140 2022 18325 3022 1374 3499 532 15303 2637 15615 11240 10962 1011 1111
internal_count=3834563 3195314 639249 2851687 61261 2413 58848 1669 587 236 1055 744 577988 7460 3723 57793 57242 533 2250118 1202638 901005 570528 114735 6132 108603 4124 104479 103667 92342 76727 33623 3319 30304 2208 43104 4833 1544 1946 22767 1769 20337 19898 3289 25471 7146 3647 3449 3162 1140 2022 18325 3022 1374 3499 532 15303 2637 15615 11240 10962 1011 1111
is_linear=0
shrinkage=0.05


Tree=96
num_leaves=63
num_cat=0
split_feature=0 8 7 12 0 1 8 2 12 2 2 10 13 0 4 2 10 0 2 4 10 8 4 1 8 2 1 2 2 0 0 4 4 11 4 11 1 7 1 4 6 8 5 5 1 10 7 0 7 4 4 2 10 0 8 13 0 10 7 0 1 5
split_gain=67.6046 77.4552 67.1251 56.4036 56.3051 53.833 50.0249 48.5226 62.6749 47.0222 86.9067 114.69 153.232 135.843 102.548 129.053 90.9617 136.293 96.1632 104.697 85.4868 150.798 101.168 90.4132 118.82 89.6546 98.6206 83.1228 89.0751 131.312 86.4144 82.9354 82.6042 79.8966 85.2444 85.6674 99.1508 79.3301 76.9377 75.2879 74.8876 74.6891 86.835 74.3763 74.0695 73.0151 72.8841 72.5461 117.185 88.7524 105.25 93.6979 82.1107 81.2641 86.0433 72.4192 69.029 72.5698 78.9648 74.1882 73.3352 80.0005
threshold=0.0020314230141830797 0.0016867676624146542 0.0068217433610768827 1.1250000000000002 0.0043765373215631925 70.029196493669176 0.009882747488161682 -0.1380713732373503 1.3750000000000002 -0.21633388016818658 -0.021163970903416367 13.458333333333334 2.7500000000000004 0.0034268840569447677 33.458947285785705 -0.078949567861842804 15.125000000000002 0.0035920495584873626 -0.031770694970264697 42.249574306859778 14.958333333333334 0.0017152658662093064 20.763564659784674 54.144296598190884 0.0025718546409997972 -0.018841372472276779 27.926331054869738 -0.20876839306415548 -0.20150058846806043 0.0026474662730167934 0.0027966766662306602 48.945783044193469 42.249574306859778 0.040000000000065948 12.2248764083651 0.61818181818182327 64.739665479462317 0.00084713456884588656 67.060492346547036 12.57488080516937 0.00088543393205531295 0.0023240722580486106 4.009773112172712 1.1514175251849357 31.425502897549581 15.04166666666667 0.0063377301689254715 0.0024269017425521339 -0.0021207441147040869 26.06878896636848 28.301224627430315 0.09268775273123446 15.375000000000002 0.0021543508036508357 0.003068132742000958 2.7500000000000004 0.0031189993086482046 14.958333333333334 0.0080683454339368649 0.0023482504041511506 40.34685118666372 1.3672932734247947
decision_type=2 2 2 2 2 2 2 2 2 2 2 2 2 2 2 2 2 2 2 2 2 2 2 2 2 2 2 2 2 2 2 2 2 2 2 2 2 2 2 2 2 2 2 2 2 2 2 2 2 2 2 2 2 2 2 2 2 2 2 2 2 2
left_child=2 -2 3 -1 9 -6 -4 8 -7 -3 11 -11 -13 14 33 27 17 -15 19 -18 -12 37 23 -23 45 55 -27 -16 29 -29 -31 40 -30 46 43 56 41 -22 -34 -26 44 -37 -43 -35 -17 -25 -14 48 53 -50 52 -52 -51 -28 -55 -24 57 58 60 -59 61 -36
right_child=1 4 6 -5 5 7 -8 -9 -10 10 20 12 13 16 15 31 18 -19 -20 -21 21 22 25 24 39 26 47 28 32 30 -32 -33 38 34 35 36 -38 -39 -40 -41 -42 42 -44 -45 -46 -47 -48 -49 49 50 51 -53 -54 54 -56 -57 -58 59 -60 -61 -62 -63
leaf_value=-0.00085533650235275537 0.00072993405075198596 -0.0011576311547244226 -0.0059798295802493042 -9.3537057271182272e-05 0.00046372309443576409 0.018027659869563263 -0.032991053982750401 0.0020417515196149236 0.003644502132767743 6.8904966196757695e-05 -0.00022367553642020361 4.1012038357335184e-05 -0.00091773505206571267 -0.013613576789282622 0.023416749418674786 0.0017387257564208799 -0.032441078289926317 0.0056397612526000434 0.027721413293806448 -0.0029572577252097486 -0.0359686657206384 0.0038453231863435989 -0.0049993861566837378 0.01601839278076516 -0.026142966672466392 0.0089410816026650377 -0.02078829062007985 -0.024888767752077753 0.00095174908840953837 0.025033925618831217 -0.024399267473528465 0.019794041928262809 0.0055925112487912139 -0.01982027750186811 0.0031823031540915989 0.012346926202504209 -0.007688521942975448 0.0021204470636996815 0.023173226905720577 0.0034421458968888355 0.00086344347471424858 0.0018243311539615954 0.024509364992178321 0.0046786463070184669 -0.016441908113416916 -0.025312189960313591 -0.036438950489867818 -0.0052224437981219793 0.010653160417714891 -0.0073832702549064865 0.0029122255912802557 -0.033263318941399854 -0.041890360849599045 0.014263241038177955 -0.013190608900537831 -0.034845638648597618 0.017166044388731802 0.0055775841414288157 -0.030548856392601471 0.015493385996851945 0.0071445985248607142 -0.020507824446859901
leaf_weight=291522 500600 97552 2946 1459136 178887 1130 182 24927 2297 414706 688489 61072 2319 1326 534 740 679 2996 119 541 501 10643 409 122 239 1639 1038 635 4553 308 124 301 1705 580 1183 2707 1754 188 980 2145 1789 8835 443 665 2306 861 154 22914 2328 612 5514 185 240 495 674 404 2039 3200 151 4595 12313 510
leaf_count=291522 500600 97552 2946 1459136 178887 1130 182 24927 2297 414706 688489 61072 2319 1326 534 740 679 2996 119 541 501 10643 409 122 239 1639 1038 635 4553 308 124 301 1705 580 1183 2707 1754 188 980 2145 1789 8835 443 665 2306 861 154 22914 2328 612 5514 185 240 495 674 404 2039 3200 151 4595 12313 510
internal_value=-4.76221e-06 0.0001879 -0.000233468 -0.000220393 1.63046e-05 0.000784553 -0.00755145 0.00280868 0.00838712 -9.9566e-05 -1.87073e-05 0.000465537 0.00181206 0.00358276 0.00433634 0.000632397 -0.00379498 -0.000267209 -0.0151819 -0.0193667 -0.000370193 -0.0023423 -0.00202508 0.00158611 -0.00555519 -0.003413 -0.00303848 0.00429499 0.00306549 -0.0104212 0.0108448 -0.00567089 0.00505365 0.00558519 0.00613816 0.00656293 0.00341459 -0.0255757 0.0120093 0.000476189 -0.00725619 0.00503953 0.00290748 -0.00673451 -0.0120251 -0.0201827 -0.00312973 -0.00361597 -0.00029549 0.00226744 -0.000712555 0.0017379 -0.0171036 -0.0106064 -0.00156558 -0.0198307 0.00836589 0.0075485 0.00541529 0.0114228 0.00580302 -0.00395412
internal_weight=3.83568e+06 2.0819e+06 1.75379e+06 1.75066e+06 1.5813e+06 207241 3128 28354 3427 1.37405e+06 1.2765e+06 536862 122156 61084 55423 13975 5661 4322 1339 1220 739640 51151 50462 14010 3367 36452 35639 8839 8305 1067 432 5136 7238 41448 38975 37730 13739 689 2685 2384 4835 11985 9278 1245 3046 983 2473 34000 11086 8879 6551 5699 852 2207 1169 813 23991 21952 14157 7795 14006 1693
internal_count=3835681 2081895 1753786 1750658 1581295 207241 3128 28354 3427 1374054 1276502 536862 122156 61084 55423 13975 5661 4322 1339 1220 739640 51151 50462 14010 3367 36452 35639 8839 8305 1067 432 5136 7238 41448 38975 37730 13739 689 2685 2384 4835 11985 9278 1245 3046 983 2473 34000 11086 8879 6551 5699 852 2207 1169 813 23991 21952 14157 7795 14006 1693
is_linear=0
shrinkage=0.05


Tree=97
num_leaves=63
num_cat=0
split_feature=0 2 10 3 10 10 7 1 2 3 4 0 2 8 0 5 0 2 13 4 5 8 9 1 3 1 2 2 4 8 4 5 11 2 7 9 5 3 13 0 4 4 8 2 2 0 8 5 13 13 1 10 4 4 0 4 11 4 0 0 3 2
split_gain=57.2163 53.5345 60.4757 55.0233 191.791 54.5863 114.014 136.211 168.797 145.556 140.364 220.724 187.938 120.904 151.532 116.649 117.057 113.753 113.31 111.539 78.5465 77.5685 85.7085 72.0795 70.6155 137.746 63.5669 150.361 119.359 64.7727 61.9042 69.0717 76.9057 69.3817 76.7276 76.7 65.0205 57.3986 57.2623 57.0752 56.7281 54.5056 53.8154 53.4973 116.865 77.2899 56.0056 56.5777 53.4439 53.3932 53.3667 52.9132 52.7013 104.815 143.045 65.5879 62.4086 61.5758 91.9823 73.876 103.947 77.7842
threshold=0.0025338930482077817 0.13385620961730396 9.3750000000000018 -0.00031136946731592953 14.458333333333334 14.875000000000002 -0.0049638127650892252 57.011694091523445 0.12403346632871261 0.0020205676581746949 36.271988437988874 0.0028272138589471147 0.043059930462199872 0.0026109660574412876 0.0040784273578857643 0.54242994385406329 0.0036636380808820709 -0.19370320573681091 2.7500000000000004 50.265500968856948 0.74484074731287675 0.0048436507289409186 -0.00026341437880171629 18.537859523674644 -0.0060997529341270101 27.926331054869738 0.080625681865062998 0.051472238817806902 28.431625593625121 0.0032120366854775334 12.893670438755665 1.3823222174205576 1.0000000180025095e-35 0.00746983222867566 0.0073950004814240531 0.00018477457501848448 2.5662249410221545 0.0062305637139357575 3.2500000000000004 0.0033970340378574279 35.191113518032175 54.026762800348948 0.0070428171719608785 -0.0094645576903086732 0.030748899148744503 0.003188815239166832 0.0017337998097055095 1.5357496745102102 2.2500000000000004 2.7500000000000004 74.29524809524105 15.125000000000002 15.373464290024794 13.019888648847513 0.0032135989236693643 14.921878696951945 0.15384615384613393 20.972866275095935 0.0026201932798462905 0.0041403654344143682 -0.00144011195031527 0.060794178471247497
decision_type=2 2 2 2 2 2 2 2 2 2 2 2 2 2 2 2 2 2 2 2 2 2 2 2 2 2 2 2 2 2 2 2 2 2 2 2 2 2 2 2 2 2 2 2 2 2 2 2 2 2 2 2 2 2 2 2 2 2 2 2 2 2
left_child=-1 5 -3 51 -5 -2 21 8 13 40 20 19 17 14 15 16 -8 -13 -17 42 -11 22 -7 -23 25 -20 27 30 -29 -30 -22 -32 50 34 35 -34 -36 -28 -39 -37 -9 -21 49 -26 45 46 47 -45 -19 -12 -33 -4 53 56 55 -55 -15 59 -59 -54 -61 -62
right_child=1 2 3 4 -6 6 7 9 -10 10 11 12 -14 52 -16 18 -18 48 24 41 26 23 -24 -25 43 -27 37 28 29 -31 31 32 33 -35 36 39 -38 38 -40 -41 -42 -43 -44 44 -46 -47 -48 -49 -50 -51 -52 -53 57 54 -56 -57 -58 58 -60 60 61 -63
leaf_value=-0.00013305599940884085 0.00039745174744795146 0.011588542296763933 0.00054664342673762232 -0.0034176994865033408 -0.033744248564637036 0.0050103817225956339 -0.030355396868276693 -0.030147011882418404 -0.040025063315406444 -0.039120913621398717 -0.017030534890376502 -0.035031999161709911 -0.013813250439829443 -0.019336169205045189 -0.028783406779514287 0.0030381941018392091 0.025799616928992231 -0.0025050496226452302 0.01852063986544426 0.01266310996321774 -0.023640491671087949 -0.030923006778263915 -0.01350952049969016 0.0016482446128694896 0.020068889286095192 -0.036441679188770615 -0.0016521230366950011 -0.033052648834922246 -0.028362528744178852 0.0058623495932253016 -0.005676616452941461 -0.027526322949653594 0.0080519858931872024 0.011945725058654022 -0.025375145547194024 0.00056628751923742981 -0.0021380598107146854 0.0097763694161954132 0.03690368002977501 -0.0210084007750631 -0.0052984144157645387 -0.025538858867460684 0.0040485678748650991 0.017115857555896421 0.01837996328050423 -0.027984454044569826 0.01251483688288608 -0.035476082483756131 0.0088685091328504807 -0.032210832902647812 0.022316759687203629 0.024761327244341377 0.0077619473814263531 -0.041437910547954052 -0.0018236235863147592 -0.0055563844261113668 0.013111430439275316 -0.010817673803113111 0.00065824179622655859 0.018797532377866754 -0.037694418744037034 0.00029543133313990826
leaf_weight=2568192 1176021 731 3761 12010 545 738 378 661 240 124 1157 184 2314 186 303 5556 123 1554 260 378 243 181 4070 2759 2489 203 553 587 185 547 2529 309 4936 2292 365 1552 1718 575 294 382 352 124 176 79 1590 241 579 145 3080 1160 65 240 4593 499 908 171 729 2021 12837 237 304 242
leaf_count=2568192 1176021 731 3761 12010 545 738 378 661 240 124 1157 184 2314 186 303 5556 123 1554 260 378 243 181 4070 2759 2489 203 553 587 185 547 2529 309 4936 2292 365 1552 1718 575 294 382 352 124 176 79 1590 241 579 145 3080 1160 65 240 4593 499 908 171 729 2021 12837 237 304 242
internal_value=2.4967e-06 0.000277833 -0.00248553 -0.00310694 -0.00473414 0.000316139 -0.00102963 -0.000328966 0.00176263 -0.00290059 -0.00221207 -0.00688497 -0.00210146 0.00205188 0.00612432 0.00703277 -0.0165688 0.00352351 0.00809401 -0.018276 0.000530315 -0.00675473 -0.0106668 -0.000356992 0.0131227 -0.00557731 0.000817308 -9.90042e-05 -0.0162565 -0.00278738 0.0013819 0.00181167 0.00344158 0.00418344 0.00219626 0.00474502 -0.00620985 0.0109406 0.0189541 -0.0036951 -0.0215126 0.00322677 -0.0226058 0.0148127 0.0098459 -0.00315138 0.00430163 -0.016928 0.00505442 -0.0246305 -0.0188638 0.00199916 -8.87245e-05 -0.00694818 -0.0147551 -0.0322801 0.00651552 0.000756418 -0.000902724 0.0053419 -0.00885389 -0.0208564
internal_weight=3.83256e+06 1.26436e+06 17287 16556 12555 1.24708e+06 71057 63309 34913 28396 27383 10127 7132 34673 11946 11643 501 4818 11142 2995 17256 7748 4808 2940 5586 463 17132 15710 1319 732 14391 14148 11619 11245 8953 6870 2083 1422 869 1934 1013 502 2493 5123 2634 1044 803 224 4634 2317 374 4001 22727 2493 1578 670 915 20234 14858 5376 783 546
internal_count=3832557 1264365 17287 16556 12555 1247078 71057 63309 34913 28396 27383 10127 7132 34673 11946 11643 501 4818 11142 2995 17256 7748 4808 2940 5586 463 17132 15710 1319 732 14391 14148 11619 11245 8953 6870 2083 1422 869 1934 1013 502 2493 5123 2634 1044 803 224 4634 2317 374 4001 22727 2493 1578 670 915 20234 14858 5376 783 546
is_linear=0
shrinkage=0.05


Tree=98
num_leaves=63
num_cat=0
split_feature=12 12 4 6 11 8 10 9 8 13 5 3 4 4 5 7 2 13 7 7 10 2 5 12 10 13 13 8 2 13 6 10 4 2 10 13 5 2 7 4 2 13 10 2 2 10 10 8 2 3 9 5 5 5 7 8 8 7 3 2 3 6
split_gain=76.0927 41.5512 33.0586 37.2632 34.2539 37.7183 35.8182 65.6038 58.9586 54.2228 56.9562 48.9426 45.8942 52.0302 57.2655 54.636 42.8711 42.5198 41.22 47.2545 39.9082 39.6257 37.6023 41.8283 36.6588 36.6569 36.2568 36.0286 39.4604 34.5721 34.978 33.5358 33.0124 50.4057 97.5444 80.442 77.19 48.553 32.6673 32.2674 49.16 63.668 104.934 55.8921 48.4772 45.0001 41.4742 37.9145 37.8183 119.848 47.794 37.8813 37.1411 35.7212 34.8545 34.482 66.6995 48.3592 40.8899 76.8632 50.1462 40.8657
threshold=1.1250000000000002 2.2500000000000004 13.965577974883958 -0.005681283204272968 0.20000000000003318 0.00068961932078955143 13.958333333333334 -0.00021476922063973388 0.0008639308855292162 2.2500000000000004 1.2609320306920739 0.00063114480962491836 13.441464523499183 11.42482873397125 1.9505051939972518 0.0021804476663445098 -0.0073146317859431355 2.2500000000000004 0.0014240090217777503 0.00035336582036493708 14.625000000000002 -0.029740890623773514 3.1988914211864166 1.6250000000000002 14.125000000000002 2.7500000000000004 2.2500000000000004 0.0012748311034102495 0.044397670418076886 1.7500000000000002 -6.5792721477442293e-05 14.54166666666667 10.251597655383696 -0.0079138991746589334 14.125000000000002 2.7500000000000004 3.6224244281866746 -0.01095220183357795 -0.002863839766547915 18.886055350434791 -0.12732775897858731 2.7500000000000004 13.375000000000002 -0.14502995519491416 -0.12531192914558975 14.79166666666667 14.708333333333334 0.0007874015748032424 -0.1482781910096794 0.0028654088957339647 0.00037409910461511439 3.0909997662176165 2.9897817820203323 2.7666796748676901 0.0080683454339368649 0.0010963277840152525 0.0012495647805363566 0.0014536141455494536 0.00090104754854290498 -0.15908999719997538 0.0014247676201664037 0.0042419894854954796
decision_type=2 2 2 2 2 2 2 2 2 2 2 2 2 2 2 2 2 2 2 2 2 2 2 2 2 2 2 2 2 2 2 2 2 2 2 2 2 2 2 2 2 2 2 2 2 2 2 2 2 2 2 2 2 2 2 2 2 2 2 2 2 2
left_child=-1 2 3 -2 5 -5 -7 11 9 -9 -11 17 13 14 16 18 21 -8 19 38 31 24 25 -24 -10 -22 -23 -21 29 -29 -31 -14 33 36 -35 -36 37 -6 -15 40 41 -4 -43 48 46 -45 -42 -46 50 -50 51 52 55 -48 -53 -44 -57 58 -58 60 -60 -59
right_child=1 -3 39 4 32 6 7 8 12 10 -12 -13 20 15 -16 -17 -18 -19 -20 27 22 26 23 -25 -26 -27 -28 28 -30 30 -32 -33 -34 34 35 -37 -38 -39 -40 -41 44 42 43 45 47 -47 53 -49 49 -51 -52 54 -54 -55 -56 56 57 61 59 -61 -62 -63
leaf_value=-0.00049212318534827668 -0.027956504182469463 0.00046610754241402852 0.00016278992146315132 0.0019707092947891147 0.0008673151941150114 -0.0011308384111757609 -0.0050826399566500429 0.00075317656879241653 0.012425639475068303 -0.012264542245527255 -0.040241871015467778 0.004971662549663791 0.00084317948693328384 -0.024318239562439198 0.013242402660785713 -0.022927221003032867 0.0062863260167239331 -0.024879804630002045 0.012044161375478609 -0.0021766995605280218 0.0062804948627663577 0.0012969695300941008 -0.030112333640013589 0.015281047657424329 -0.007981557256640669 0.027309368242602567 -0.039428774002008143 -0.00031795716863505693 0.0045635748918008328 0.01005588565787224 -0.0258843881577701 -0.031808283083579122 -0.00046969460976322916 0.0012550031329640326 0.0037169459671091611 0.020990492797039385 -0.030661745928227901 -0.010533951086385752 -0.0016691027540295059 -2.0605895374241448e-05 -0.0038797859733043978 0.00075954208487808024 0.0095059565848005668 0.0084817919842673974 -0.0013721342123679864 0.025894828709597525 -0.034289709714551773 0.00040785919917507308 -0.040240966779845101 0.018972614728762008 0.018044559369264131 0.017224112736480418 -0.023783305009542885 -0.0042287643289282209 -0.021589658000776848 -0.010021311479546302 0.0038593104106814935 0.012496692826149373 -0.029806008169779907 0.02673612348467326 -0.0035652976368906381 -0.030100207673064594
leaf_weight=639105 124 639144 38125 6475 12684 32832 407 650 282 1099 218 278 1051 165 855 420 1007 813 363 693 418 83 101 102 1002 411 160 196 198 73 932 85 151405 7451 1348 1348 208 1008 4531 1863293 1460 21580 2625 994 32705 592 240 350852 175 167 721 862 118 168 62 887 6382 1926 296 139 473 58
leaf_count=639105 124 639144 38125 6475 12684 32832 407 650 282 1099 218 278 1051 165 855 420 1007 813 363 693 418 83 101 102 1002 411 160 196 198 73 932 85 151405 7451 1348 1348 208 1008 4531 1863293 1460 21580 2625 994 32705 592 240 350852 175 167 721 862 118 168 62 887 6382 1926 296 139 473 58
internal_value=5.91745e-06 0.000105526 1.53732e-05 -0.000554462 -0.000539775 -0.00161763 -0.00208773 -0.0039811 -0.00299069 -0.0110635 -0.0168956 -0.0139611 -0.00178113 -0.00309597 0.00205315 -0.00540087 -0.00172222 -0.0182753 -0.00437149 -0.00524935 0.00486587 -0.00700357 0.0119833 -0.00730384 -0.0034996 0.0167061 -0.0255183 -0.0114997 -0.0161179 -0.0195275 -0.0232738 -0.00159993 -0.000196363 0.00152459 0.00420387 0.0123537 -0.000431283 2.79582e-05 -0.00246491 7.21082e-05 0.000446352 0.00160695 0.0030537 0.00605837 0.00021695 0.0149815 -0.00781823 0.000256083 0.00510799 -0.0113267 0.00549432 0.00483994 0.00413965 -0.0219117 0.0146197 0.00439735 0.00307759 0.00433042 0.00244684 -0.00748088 -0.0136658 0.0112514
internal_weight=3.83462e+06 3.19552e+06 2.55638e+06 231476 231352 55900 49425 16593 15095 1967 1317 1498 13128 10960 3389 7571 2534 1220 7151 6788 2168 1527 1032 203 1284 829 243 2092 1399 1201 1005 1136 175452 24047 10147 2696 13900 13692 4696 2.3249e+06 461607 76182 38057 16477 385425 1586 1868 383557 14891 342 14549 13828 12904 408 924 12786 10161 9274 7290 908 769 1984
internal_count=3834625 3195520 2556376 231476 231352 55900 49425 16593 15095 1967 1317 1498 13128 10960 3389 7571 2534 1220 7151 6788 2168 1527 1032 203 1284 829 243 2092 1399 1201 1005 1136 175452 24047 10147 2696 13900 13692 4696 2324900 461607 76182 38057 16477 385425 1586 1868 383557 14891 342 14549 13828 12904 408 924 12786 10161 9274 7290 908 769 1984
is_linear=0
shrinkage=0.05


Tree=99
num_leaves=63
num_cat=0
split_feature=12 4 0 2 2 1 0 6 3 0 4 10 1 10 8 2 0 10 2 10 10 4 6 3 8 5 9 4 0 2 2 0 2 4 1 2 0 2 1 2 9 6 5 2 2 10 6 1 3 2 0 9 2 4 2 2 10 10 5 1 2 2
split_gain=60.0909 55.1504 68.6719 116.475 160.141 142.518 114.436 94.7263 94.5739 93.1981 107.429 144.926 93.1461 84.9907 83.0331 79.7253 74.1279 88.9989 87.3564 71.5397 70.0459 67.36 65.9456 68.3178 64.2618 70.957 79.2895 62.7392 78.278 70.7842 70.5452 72.1724 67.3109 62.2722 94.2295 80.4851 75.5986 85.9292 144.983 75.2453 70.8809 63.8283 62.9423 85.6506 87.2092 63.8858 84.6145 98.2915 75.6207 61.7566 77.5954 83.6578 75.6316 71.5182 61.3927 168.943 206.922 62.8368 61.2985 77.1836 66.1902 108.54
threshold=1.8750000000000002 13.838898823915734 0.001303203632956579 0.020334009808867626 -0.0023283585621208009 40.643310482819636 0.0020723286934552694 0.0015889447971267903 0.00058383396320272815 0.0015565082277982408 12.739493144548344 13.04166666666667 54.025209160033477 14.875000000000002 0.00065803488252856558 0.058036642531770648 0.0015345910591226287 15.04166666666667 0.0025781463208279531 9.6250000000000018 11.958333333333334 13.441464523499183 0.00085152866026316787 0.0014549641833746499 0.003068132742000958 2.4615077628152298 -0.00034670629024270277 17.809689794988415 0.0014480136312409306 -0.20876839306415548 0.069411781337801945 0.0013399874377175386 0.082536545027541305 15.373464290024794 62.091592227851827 -0.025922773785349816 0.00091973830483267518 -0.025922773785349816 56.544621448495491 -0.022886464498165952 -0.00012883070306214442 -0.0007581047408701801 1.8638851505005392 0.059818832392579485 0.052191455803375093 14.875000000000002 0.00064214047971977728 44.914705795543711 -0.0015587342438442909 0.050298180056766333 0.0017421547678472178 -0.00028915331429160603 0.022524916764823679 10.251597655383696 -0.13345089763804671 -0.06362957987855189 14.79166666666667 13.625000000000002 1.8353187895335934 54.823515633142641 0.014992999403379073 0.044397670418076886
decision_type=2 2 2 2 2 2 2 2 2 2 2 2 2 2 2 2 2 2 2 2 2 2 2 2 2 2 2 2 2 2 2 2 2 2 2 2 2 2 2 2 2 2 2 2 2 2 2 2 2 2 2 2 2 2 2 2 2 2 2 2 2 2
left_child=1 2 7 4 9 -5 19 14 24 10 11 -4 -13 -12 -1 20 18 -18 -10 -7 -16 -20 23 49 25 26 -6 28 29 -3 31 33 -32 34 35 40 37 -35 -39 -37 -31 -41 43 44 -38 -44 47 48 -47 50 51 -21 -53 -51 57 56 -56 -33 59 60 -22 -62
right_child=-2 27 3 5 8 6 -8 -9 16 -11 13 12 -14 -15 15 -17 17 -19 21 22 58 -23 -24 -25 -26 -27 -28 -29 -30 30 32 54 -34 36 -36 39 42 38 -40 41 -42 -43 45 -45 -46 46 -48 -49 -50 53 -52 52 -54 -55 55 -57 -58 -59 -60 -61 61 -63
leaf_value=0.0015493712199825327 0.00027955604903369304 0.0070245207450947899 -0.0010693904273514393 -0.0098813617688100468 0.019199633314815917 -0.032688067404277016 0.0018560633935030893 -0.025746819199490789 -0.0048319909844610496 -0.0015042744711020633 -0.00097113876969204282 0.009413477083292111 -0.00032958635359078912 -0.015649132591610493 0.014822711695881733 0.014050292673653356 -0.0021398683362224623 -0.027667996539082126 0.019266652929050151 -0.02435743209110891 -0.0061219665993749138 -0.01995773836354579 0.0019373814725170445 -0.020995114967952193 -0.0022101604990652983 0.02145386636286346 0.0052549431356431857 -0.00017974511417287602 0.00093594523721450193 0.011699869305307099 0.020388969229381593 -0.0080103553545953672 -0.004083796626512419 0.01050012252354985 0.015820042247710112 -0.019177172558299795 0.0026461835271190878 -0.028089062691715357 0.011054463920308583 0.0060410395859479453 -0.0011040812805553121 -0.0056752440910326574 0.0023364393667395511 -0.018822140017252291 0.01713733609604989 -0.026035256210495447 0.01630618855403591 -0.017149826072922526 0.011444327996426692 0.015335927418217279 -8.1473931887029807e-05 0.030443864483241892 -0.0081924860561462306 -0.0022423889739003507 -0.0075198798248503401 -0.0024188471790689038 -0.035795661409930242 0.0095913368679605582 5.484324117009979e-05 -0.011896397063228439 0.0068524112365947465 -0.0081234012661827778
leaf_weight=9490 1278362 2777 9613 5885 1109 209 15421 444 902 75817 9461 9920 3259 1101 476 611 4898 367 1147 820 13655 121 4872 610 2053 828 12615 1973444 279146 1303 732 731 456 394 691 923 22273 805 335 1312 6341 10198 3013 445 1089 170 321 1877 646 617 3269 129 6993 9305 2730 19870 848 1655 5835 4105 2904 2074
leaf_count=9490 1278362 2777 9613 5885 1109 209 15421 444 902 75817 9461 9920 3259 1101 476 611 4898 367 1147 820 13655 121 4872 610 2053 828 12615 1973444 279146 1303 732 731 456 394 691 923 22273 805 335 1312 6341 10198 3013 445 1089 170 321 1877 646 617 3269 129 6993 9305 2730 19870 848 1655 5835 4105 2904 2074
internal_value=-3.20284e-07 -0.000140328 -0.00089538 -0.000483478 0.000278208 -0.00259162 -0.00157611 -0.0027819 0.00397255 -0.000535304 0.00166726 0.00359896 0.00700414 -0.0025012 -0.00252145 -0.00382395 -0.000714152 -0.00391932 0.00706245 -0.00354926 -0.00419991 0.0155236 -0.00332044 -0.00449857 0.00607105 0.00723937 0.00638178 -6.8871e-05 0.000537098 -0.000821742 -0.001097 -0.00128125 0.0109954 -0.000210424 -0.00233413 -0.00295895 0.00119563 -0.00962934 -0.0165864 -0.00544123 0.00107849 -0.00433973 0.00175223 0.00290776 0.00332168 -0.00281221 -0.00795916 -0.0108515 0.00363608 -0.0040224 -0.00656518 -0.00923393 -0.00749267 -0.00114928 -0.0034423 -0.00421983 -0.0142214 0.0041987 -0.00451681 -0.00568998 -0.00432265 0.000612991
internal_weight=3.83382e+06 2.55546e+06 220935 181341 133211 48130 42245 39594 24040 109171 33354 22792 13179 10562 39150 29660 7435 5265 2170 26824 29049 1268 26615 21743 16605 14552 13724 2.33452e+06 361081 81935 79158 77970 1188 52136 20768 20077 31368 1534 1140 12433 7644 11510 29834 23807 23362 6027 3014 2693 816 21133 11211 7942 7122 9922 25834 23448 3578 2386 28573 22738 18633 4978
internal_count=3833822 2555460 220935 181341 133211 48130 42245 39594 24040 109171 33354 22792 13179 10562 39150 29660 7435 5265 2170 26824 29049 1268 26615 21743 16605 14552 13724 2334525 361081 81935 79158 77970 1188 52136 20768 20077 31368 1534 1140 12433 7644 11510 29834 23807 23362 6027 3014 2693 816 21133 11211 7942 7122 9922 25834 23448 3578 2386 28573 22738 18633 4978
is_linear=0
shrinkage=0.05


Tree=100
num_leaves=63
num_cat=0
split_feature=0 0 1 1 1 3 10 2 2 13 4 9 10 4 1 13 8 10 5 2 2 0 2 0 5 3 13 9 6 2 0 4 5 1 9 2 2 6 6 13 2 4 6 2 2 10 4 6 1 5 0 13 5 2 8 1 1 5 7 7 8 7
split_gain=59.6021 55.6845 66.9628 57.4974 93.6015 76.264 55.2178 53.8743 81.1515 68.0325 52.6377 51.7988 57.6997 49.1479 48.708 47.2066 45.823 50.2253 67.4025 67.3039 139.259 260.062 112.791 94.5054 90.108 85.9235 97.8278 66.1709 63.3576 67.1232 59.838 57.7185 56.5061 55.3305 55.2272 77.3586 93.1254 65.4957 76.2981 65.4333 105.708 106.611 81.3063 74.8922 70.7581 94.3514 77.192 66.9637 64.5497 53.4966 53.4787 49.6002 48.8148 48.2013 50.7042 47.105 51.6492 60.5332 46.4971 82.7231 71.8152 76.9366
threshold=0.0072247202833960441 0.0012150028078286152 66.013134394839284 51.872371897264607 51.640459107256525 0.00026072608435832254 14.375000000000002 -0.020431378648323943 -0.0065888754552207605 2.2500000000000004 10.618155084203174 0.00030139243453121753 13.958333333333334 11.839757314923306 67.060492346547036 2.7500000000000004 0.0013108688620832646 14.29166666666667 5.2157424184552719 0.064899025931300161 0.068463098413937981 0.001679643037417551 0.050298180056766333 0.0012701775808214341 1.7823876518085882 -0.00022207149981081335 2.7500000000000004 0.00047370914258644189 -0.00087405846428512113 0.059818832392579485 0.0023482504041511506 33.458947285785705 0.53386695174036836 41.889084876719544 6.6246006736382206e-05 -0.017565818537146404 -0.034604736679404315 -0.00059116282355525785 -0.00050217611048886102 2.2500000000000004 0.043059930462199872 22.809578138488479 -0.00012176316402356945 0.03766394269380146 0.029733101360507965 14.875000000000002 15.928071718884025 -0.0004658747049894329 58.634545378502487 0.28983248502737496 0.0013746063576724678 2.2500000000000004 2.3289671859459955 0.07667889064379553 0.0012668835325486767 20.721234545651999 35.824328480980142 0.66784540846665019 0.00011408038298255098 1.0000000180025095e-35 0.0010825765325816492 -0.00044305293044322175
decision_type=2 2 2 2 2 2 2 2 2 2 2 2 2 2 2 2 2 2 2 2 2 2 2 2 2 2 2 2 2 2 2 2 2 2 2 2 2 2 2 2 2 2 2 2 2 2 2 2 2 2 2 2 2 2 2 2 2 2 2 2 2 2
left_child=1 2 3 4 11 13 -6 9 -9 -4 -7 -1 -13 15 -10 -5 17 30 19 22 21 -21 34 24 -24 28 -27 -28 -25 50 -3 53 -33 -20 39 36 37 -36 -39 -19 43 42 -42 44 49 47 -47 -46 -44 -41 -30 -34 -52 -22 -55 -40 57 -57 59 60 -58 -62
right_child=-2 16 7 5 6 10 -8 8 14 -11 -12 12 -14 -15 -16 -17 -18 18 33 20 31 -23 23 25 -26 26 27 -29 29 -31 -32 32 51 -35 35 -37 -38 38 55 40 41 -43 48 -45 45 46 -48 -49 -50 -51 52 -53 -54 54 -56 56 58 -59 -60 -61 61 -63
leaf_value=-0.001436388002816877 0.0031628143213296555 9.1634116492512482e-06 0.00015515475241458359 0.004440860819612813 -0.0055347594892572417 -0.0079670243671179555 -0.024024882198770203 0.013452177414894104 -0.02065884199754426 -0.020092021252661945 0.0002519185650989499 -0.001887255814130124 0.0059474745817436631 0.0040572906329664716 -0.0025203796324295546 0.029778019844559189 -6.7196544403291502e-05 -0.00013064145281123959 0.024659074121905912 -0.023145918093541402 0.0056311878482292205 0.0065982499541737752 0.017964099534873754 -0.022807896882295609 -0.023318346783894453 0.00519715585343137 0.019762766614992083 -0.01499060345813632 0.012069402505389669 0.011201215222019868 0.0012822387567211491 -0.0074226240692284954 -0.00010285188877549711 -0.026555468095598413 0.021075858667001623 -0.0034428379230576726 0.01139703093515579 -0.025224373181482698 -0.042281659016242396 -0.0095646779786182357 -0.027964872345432101 0.005080292156952269 0.004536729572765903 0.013736532663390944 -0.039514932441479952 -0.026387507545536967 0.018927831132002554 -0.0087181730965561772 -0.029624643489237757 0.003551626929106592 -0.0088800072608329946 0.015905220965777161 0.014913769685719386 -0.0012025440958775572 -0.011866951797748465 -0.0098096205312258652 -0.0072648734395596298 0.015930748209052534 0.0023064620700049459 -0.029406779722061033 0.012355744557950471 -0.010208815751058279
leaf_weight=114923 14881 668359 621 351 994 2027 680 625 503 1250 50030 4287 5201 6234 1401 386 2714641 27949 62 1855 2001 1217 183 236 476 2960 2804 144 550 1773 107091 546 726 353 364 13555 2149 303 65 790 718 1020 539 1666 206 116 495 1233 186 48731 1605 1451 249 6325 1353 298 3035 978 5932 306 1226 546
leaf_count=114923 14881 668359 621 351 994 2027 680 625 503 1250 50030 4287 5201 6234 1401 386 2714641 27949 62 1855 2001 1217 183 236 476 2960 2804 144 550 1773 107091 546 726 353 364 13555 2149 303 65 790 718 1020 539 1666 206 116 495 1233 186 48731 1605 1451 249 6325 1353 298 3035 978 5932 306 1226 546
internal_value=4.61125e-06 -7.6953e-06 -0.000843231 -0.000698329 -0.00130127 0.00058956 -0.0130457 -0.00693943 -0.00218064 -0.0133718 -6.81114e-05 -0.00114324 0.00240748 0.00550082 -0.00731221 0.0177111 3.59335e-05 0.000341994 0.00121622 0.00127636 -0.00183202 -0.0113625 0.00166618 0.0065031 -0.0118545 0.00767524 0.0116181 0.0180652 0.00239664 0.00382069 0.000184977 0.000528704 0.00695962 -0.0189041 0.0011937 -0.000696506 0.00175229 0.000164408 -0.000435463 0.00184352 0.00283412 -0.00729264 -0.0160386 0.00330263 0.00296556 -0.0061372 0.0103246 -0.0131269 -0.00422743 0.00334238 -0.00162259 0.0105667 -0.0056844 -0.00128051 -0.0030818 0.000170951 0.000394911 0.00991928 -0.000705414 -0.00419973 -0.00259512 0.00540301
internal_weight=3.83376e+06 3.81888e+06 189513 185113 126085 59028 1674 4400 2529 1871 52057 124411 9488 6971 1904 737 3.62937e+06 914725 139275 138860 15474 3072 123386 10980 659 10321 5908 2948 4413 4177 775450 12402 2723 415 112406 28757 15202 13053 12689 83649 55700 2463 1443 53237 51571 2050 611 1439 725 49521 2404 2177 1854 9679 7678 12386 12321 1276 11045 5113 4807 1772
internal_count=3833760 3818879 189513 185113 126085 59028 1674 4400 2529 1871 52057 124411 9488 6971 1904 737 3629366 914725 139275 138860 15474 3072 123386 10980 659 10321 5908 2948 4413 4177 775450 12402 2723 415 112406 28757 15202 13053 12689 83649 55700 2463 1443 53237 51571 2050 611 1439 725 49521 2404 2177 1854 9679 7678 12386 12321 1276 11045 5113 4807 1772
is_linear=0
shrinkage=0.05


Tree=101
num_leaves=63
num_cat=0
split_feature=0 2 4 10 7 13 10 2 13 4 2 3 2 12 5 0 8 4 4 4 11 13 10 2 11 0 0 4 11 8 5 0 0 7 0 2 2 0 7 9 0 2 0 2 3 3 4 9 0 5 10 5 5 7 3 11 3 3 7 3 10 10
split_gain=54.8762 80.7723 76.5861 58.8795 76.3126 71.5937 58.4502 75.5665 53.4885 59.2267 79.5333 71.6578 66.4396 47.0604 52.5839 43.6361 54.4385 74.1032 54.3941 88.5149 68.349 60.5463 121.313 141.837 77.0502 76.3737 88.9513 81.106 116.545 71.1652 66.7098 69.2088 84.9352 61.0107 60.3532 167.517 109.887 97.8987 81.0099 91.2423 65.6856 109.927 65.922 57.169 103.869 92.1952 78.7718 61.4249 55.527 65.2208 99.4926 57.6466 54.9447 96.1427 54.3286 77.8495 62.1279 171.084 54.2733 79.3522 75.9352 69.3536
threshold=0.00091973830483267518 -0.029740890623773514 11.839757314923306 14.625000000000002 0.00042048215653989201 2.7500000000000004 14.208333333333334 -0.020431378648323943 2.2500000000000004 17.507351763408177 -0.022886464498165952 0.00073735826435183623 -0.025922773785349816 2.2500000000000004 0.20876575991366028 0.0014875953953294139 0.0010825765325816492 48.945783044193469 20.441400529640777 13.838898823915734 0.11111111111108814 2.2500000000000004 15.125000000000002 0.13385620961730396 0.92447856219119073 0.0023765010702893178 0.0022657897307915261 16.779374314454639 0.81081081081084128 0.003150639987318822 0.68814925603501076 0.0040784273578857643 0.0043765373215631925 -0.001203912719357547 0.0016726944873805833 0.061716339121268733 0.050298180056766333 0.0015854595510271252 -0.0026924721652646362 6.6246006736382206e-05 0.0017850630520260514 -0.036764037114056888 0.0018119162181143543 0.011038789801083889 0.0014549641833746499 -0.0011001966397197187 18.390121545389551 -1.0000000180025095e-35 0.0017497198650184103 2.9897817820203323 15.208333333333334 2.5662249410221545 4.6378149577274304 -0.001536032528436093 -0.0051009695581343906 0.61111111111108063 0.0010526669132951692 0.0014247676201664037 0.00098483255719827877 0.0030231197841493174 15.29166666666667 14.958333333333334
decision_type=2 2 2 2 2 2 2 2 2 2 2 2 2 2 2 2 2 2 2 2 2 2 2 2 2 2 2 2 2 2 2 2 2 2 2 2 2 2 2 2 2 2 2 2 2 2 2 2 2 2 2 2 2 2 2 2 2 2 2 2 2 2
left_child=1 3 -3 4 -1 -5 7 -4 -8 11 -11 12 -10 14 -2 58 17 -17 19 20 -18 -21 33 24 25 26 27 -24 34 -28 -27 54 -33 -23 35 36 37 38 -29 -40 48 42 -42 44 -43 -45 -47 -48 49 50 51 -36 -22 -54 55 -32 -56 -58 59 61 -60 -16
right_child=13 2 6 5 -6 -7 8 -9 9 10 -12 -13 -14 -15 15 16 18 -19 -20 21 52 22 23 -25 -26 30 29 28 -30 -31 31 32 -34 -35 40 -37 -38 -39 39 -41 41 43 -44 45 -46 46 47 -49 -50 -51 -52 -53 53 -55 56 -57 57 -59 60 -61 -62 -63
leaf_value=0.0020708733666822679 0.0010031174344939211 0.0029314990342985936 -0.015851318184747915 -0.00035674702134225276 -0.016561885273347707 0.023951030682597386 -0.0041202067711930369 -0.00096603064925002483 0.0049690412069723858 -0.02222129980128416 0.017055029346276139 0.00026545820177578536 -0.034012247380741746 0.00042750078916930817 -8.0724783188216559e-05 0.0004614094867284294 -0.0036919565957305154 0.0041781395908640582 -0.00023766418123376417 -0.00015997529109897102 -0.00026590398453633891 -0.00027799070872866022 0.0095039322058524649 -0.022169252251141285 0.023278855309791107 -0.038899533012334037 -0.018425318414918328 -0.042261981836387096 -0.024077552026552117 0.0097460881881775204 -0.034595367823639055 -0.024833666155303736 0.020685873514304134 0.0012175748824584944 -0.022220804075115039 -0.035961330459378237 0.030966504679544128 -0.012315078754710336 0.021642505428207941 -0.019842409778658938 -0.034449636673226078 -0.016834420038809108 0.016029775275574972 0.025720794116501262 0.03078699673060328 -0.013721523143762921 -0.034454786129619767 0.015577492136744003 0.027201165476558254 -0.014249055255760455 0.022233886792444982 0.030139801217548886 -0.02560289974644301 5.0985344101727935e-06 0.019003580518297314 0.0093375194232657322 -0.037311414791847845 0.014312354624099325 -0.0020540795884747428 0.0153917791381959 0.0049045607786614813 -0.0021077947904388421
leaf_weight=3359 115681 1971 1135 616 657 596 942 3427 123 284 236 244 982 636805 370040 281764 17888 14081 1622137 169899 121956 98912 4670 481 579 68 803 70 427 311 137 276 163 219567 244 348 274 1170 691 164 68 1086 1323 339 128 796 69 553 510 268 827 67 591 965 2716 382 197 866 76570 806 4132 47627
leaf_count=3359 115681 1971 1135 616 657 596 942 3427 123 284 236 244 982 636805 370040 281764 17888 14081 1622137 169899 121956 98912 4670 481 579 68 803 70 427 311 137 276 163 219567 244 348 274 1170 691 164 68 1086 1323 339 128 796 69 553 510 268 827 67 591 965 2716 382 197 866 76570 806 4132 47627
internal_value=2.34459e-05 -0.00303905 -0.00582352 0.00193764 -0.000977364 0.0115966 -0.00816398 -0.00466941 -0.0138353 -0.0187319 -0.00439589 -0.024258 -0.0296732 3.51268e-05 -4.33563e-05 -8.28142e-05 3.09178e-07 0.00063831 -8.27311e-05 0.000303415 -0.000803371 0.000610608 0.000996182 0.00467044 0.00529744 0.00477716 0.00304077 0.00411599 0.00144546 -0.0105606 0.0102722 0.010978 -0.00793233 0.000753088 0.00265706 -0.0035686 0.00118981 -0.00270461 0.00945133 0.0136852 0.00535141 0.0019618 0.0135621 -0.00346936 -0.0118134 0.00229595 -0.0033042 0.0100273 0.0130682 0.0079418 0.0131678 -0.0109405 -0.000385023 -0.00972133 0.0129095 -0.00225941 0.0149928 0.0047452 -0.00051058 -0.000281628 -0.00169779 -0.000311874
internal_weight=3.83506e+06 14572 9344 5228 4016 1212 7373 4562 2811 1869 520 1349 1105 3.82049e+06 3.18369e+06 3.06801e+06 2.56883e+06 295845 2.27299e+06 650849 141400 509449 339550 21071 20590 20011 15206 14092 9422 1114 4805 4737 439 318479 8995 2717 2369 2095 925 855 6278 4362 1391 2971 1214 1757 1418 622 1916 1406 1138 311 123512 1556 4298 519 3779 1063 499175 418473 80702 417667
internal_count=3835064 14572 9344 5228 4016 1212 7373 4562 2811 1869 520 1349 1105 3820492 3183687 3068006 2568831 295845 2272986 650849 141400 509449 339550 21071 20590 20011 15206 14092 9422 1114 4805 4737 439 318479 8995 2717 2369 2095 925 855 6278 4362 1391 2971 1214 1757 1418 622 1916 1406 1138 311 123512 1556 4298 519 3779 1063 499175 418473 80702 417667
is_linear=0
shrinkage=0.05


Tree=102
num_leaves=63
num_cat=0
split_feature=12 0 5 4 4 1 2 2 2 10 10 5 0 4 12 4 9 2 1 13 0 2 2 10 5 10 10 4 1 13 1 12 1 2 0 13 11 6 4 9 2 2 2 2 2 4 2 2 0 2 10 1 10 13 13 10 6 1 2 13 1 7
split_gain=55.1258 50.4159 53.2663 57.9581 92.4084 87.9512 66.1097 107.198 130.42 76.2999 105.796 90.8927 67.3321 85.7843 67.039 77.4732 66.1115 65.4581 111.77 81.3349 74.7918 65.0567 84.8942 80.7975 71.0594 82.63 64.776 103.258 63.8227 82.0575 87.4979 68.5012 62.3529 158.125 80.4018 59.1813 58.8699 57.1832 54.475 93.6232 85.0563 109.127 99.154 136.073 95.1418 89.4684 81.9815 117.441 79.7525 91.3665 190.01 132.867 83.781 114.239 77.7362 77.5138 67.0098 132.206 184.411 157.236 64.6521 57.1498
threshold=2.2500000000000004 0.0016199060362394918 2.1965902082624109 37.650365631684444 29.681236540388465 27.926331054869738 -0.015800708370546163 -0.0023283585621208009 -0.00056590759564437946 14.375000000000002 13.208333333333334 1.1627397690895032 0.0014556385280073479 45.007615653203167 1.6250000000000002 42.583788807322428 0.00044193198304907553 -0.23497402227458938 47.372862492332359 2.7500000000000004 0.0014480136312409306 -0.1380713732373503 -0.0029639174095702349 12.708333333333334 1.7317234927990581 14.625000000000002 13.458333333333334 47.286436884653945 24.110567362115308 2.2500000000000004 60.858954253696268 1.3750000000000002 59.869836219827128 0.0037908301114664756 0.0011562275561662904 2.2500000000000004 0.10204081632655489 -0.0028365618240893671 15.373464290024794 -3.3602154331638277e-05 -0.051499444382401741 -0.057053441352024704 -0.041286936430331413 -0.04459880107107117 -0.026838307869113637 13.019888648847513 0.0013543065796612964 0.010069300628684313 0.0013399874377175386 -0.0029639174095702349 15.04166666666667 50.449585276968698 14.458333333333334 3.2500000000000004 2.2500000000000004 13.375000000000002 0.00057247793808612457 55.505318245710804 0.045727579404700874 2.7500000000000004 43.177489983211444 -0.0001982701081707505
decision_type=2 2 2 2 2 2 2 2 2 2 2 2 2 2 2 2 2 2 2 2 2 2 2 2 2 2 2 2 2 2 2 2 2 2 2 2 2 2 2 2 2 2 2 2 2 2 2 2 2 2 2 2 2 2 2 2 2 2 2 2 2 2
left_child=1 2 3 4 17 36 9 26 14 10 -5 35 -13 -14 15 -9 -10 18 20 -20 -1 24 23 -23 25 -7 27 -8 -28 -30 31 -31 -24 -34 -35 -11 -6 -19 40 -40 41 -39 43 60 -44 -43 48 -48 49 50 52 -51 -46 -54 -53 -45 57 61 59 -59 -42 -49
right_child=-2 -3 -4 6 5 21 7 8 16 11 -12 12 13 -15 -16 -17 -18 37 19 -21 -22 22 32 -25 -26 -27 28 -29 29 30 -32 -33 33 34 -36 -37 -38 38 39 -41 42 45 44 55 46 -47 47 56 -50 51 -52 54 53 -55 -56 -57 -58 58 -60 -61 -62 -63
leaf_value=0.016431427552774259 0.00041607597312789957 1.6781520812064493e-05 -0.0015686718348666474 0.0011724228771588961 -0.014938101668361646 -0.0062407178485601976 -0.002643902043140339 -0.0030688933948463297 0.0013404431220308476 0.00088968117952107663 -0.005640929830434932 0.0041708517927877805 -0.017879500692906249 0.0052890299514487945 -0.00027168929299843599 -0.032157477105426199 0.012243251389523875 -0.015188424818579209 0.0061014873286088312 0.032234825993149009 -0.0055376791511070238 -0.0038575006989269378 -0.0026161804827451495 0.0014169220560158811 0.0078709236099204632 -0.022094857161192551 -0.0085614616946353538 0.01383512151935453 0.0038378525393934224 0.037630852111135787 -0.00087806239881843486 0.017460489894432451 -0.027808902026515578 0.013975612025641833 -0.0068208728854014791 0.015803162412946343 0.0077572427786363378 -2.7938663315901229e-05 0.0015265760555589192 -0.00034972040553101998 0.011930487163826428 0.015475860973281956 0.0039533348119950981 -0.00022135190788264339 -0.0035959478033082827 0.0004452435857128915 0.0059081528854620022 -0.0031847371803297208 -0.0013277649882491487 -0.0038537692263029238 0.022130169611085548 -0.0079635970013709183 -0.0062136320668211807 -0.03068855421895595 -0.028733007859714218 -0.02927375927027355 0.003097015858684324 -0.0053889152768264734 0.0094637687287704893 -0.028180298573019048 -0.005613451047410783 0.0008380808877249407
leaf_weight=514 639182 2452113 93559 13487 314 5381 2419 374 14059 997 9865 2960 979 675 669 590 1543 639 600 591 1573 10440 25859 23844 724 970 308 1566 1049 709 378 1036 876 507 5578 1999 3174 55029 89509 258463 565 2146 7790 304 10936 1838 6215 18392 18451 2150 660 680 1423 717 1335 938 6993 1515 860 1512 7442 16979
leaf_count=514 639182 2452113 93559 13487 314 5381 2419 374 14059 997 9865 2960 979 675 669 590 1543 639 600 591 1573 10440 25859 23844 724 970 308 1566 1049 709 378 1036 876 507 5578 1999 3174 55029 89509 258463 565 2146 7790 304 10936 1838 6215 18392 18451 2150 660 680 1423 717 1335 938 6993 1515 860 1512 7442 16979
internal_value=-7.80387e-06 -9.25838e-05 -0.000453207 -0.000292672 -0.00043714 -0.0020452 0.00125013 0.00317938 0.00101156 -0.000288934 -0.00170586 0.00405904 -0.000344216 -0.00842439 -0.0124326 -0.0208721 0.0024187 -0.000195454 0.00684767 0.0190694 -0.000126984 -0.00241006 -0.00192926 -0.00018922 -0.00697028 -0.00866215 0.00818441 0.00383192 0.0131685 0.0152785 0.0209314 0.0256558 -0.00374691 -0.00794739 -0.00508812 0.0108403 0.00571414 -0.000240417 -0.000221791 0.00013292 -0.00097044 0.000550593 -0.00181838 -0.00676405 -0.0013449 0.00854156 -0.00180959 -0.000545139 -0.00363455 -0.0060122 -0.00404521 -0.0124993 -0.00536639 -0.0144139 -0.021724 -0.0221627 -0.0014123 -0.00221555 -0.0109684 -0.0167733 -0.00437549 -0.00125368
internal_weight=3.83494e+06 3.19576e+06 743647 650088 594426 77667 55662 24700 17235 30962 23352 7610 4614 1654 1633 964 15602 516759 3278 1191 2087 74179 67104 34284 7075 6351 7465 3985 3480 3172 2123 1745 32820 6961 6085 2996 3488 513481 512842 347972 164870 59013 105857 9249 96608 3984 88818 52466 36352 17901 13736 4165 13076 2140 2015 1242 46251 39258 3887 3027 8007 35371
internal_count=3834942 3195760 743647 650088 594426 77667 55662 24700 17235 30962 23352 7610 4614 1654 1633 964 15602 516759 3278 1191 2087 74179 67104 34284 7075 6351 7465 3985 3480 3172 2123 1745 32820 6961 6085 2996 3488 513481 512842 347972 164870 59013 105857 9249 96608 3984 88818 52466 36352 17901 13736 4165 13076 2140 2015 1242 46251 39258 3887 3027 8007 35371
is_linear=0
shrinkage=0.05


Tree=103
num_leaves=63
num_cat=0
split_feature=12 5 0 8 4 2 4 2 2 4 0 5 3 2 4 11 2 2 2 2 2 5 13 3 2 2 0 4 2 1 2 4 4 3 5 6 5 4 4 2 5 1 2 11 9 2 0 11 2 0 3 2 0 0 11 4 0 0 1 4 4 0
split_gain=54.1942 46.5715 40.7765 54.2409 79.4955 62.4665 62.9417 53.404 51.2404 49.5245 70.2518 73.7592 81.7298 74.4364 65.1251 74.9331 63.5346 85.9131 62.5506 61.4356 94.9538 76.9173 78.9807 72.4652 101.499 85.5577 75.5406 74.6554 87.1092 66.0656 61.9936 115.18 71.0613 67.8979 76.6642 86.5814 66.5737 63.9387 82.4676 63.9736 62.0095 59.9023 119.105 59.8806 60.6281 59.5546 59.0988 69.5339 56.8014 83.2914 86.8412 79.1538 83.6103 77.459 90.9331 64.7634 94.971 67.6673 59.5839 57.9245 56.5439 58.0542
threshold=1.6250000000000002 0.20876575991366028 0.0014406773548415175 0.0010825765325816492 48.945783044193469 0.089844685110525804 13.019888648847513 -0.24717212517216716 0.097167976504954609 22.394658939754304 0.0015256246482228707 2.5662249410221545 -4.5213072927250334e-05 -0.049672285930690792 13.965577974883958 0.11111111111108814 0.050298180056766333 -0.069968524529296791 0.11081959178938204 -0.0656484746314379 -0.21633388016818658 0.69824550472516933 2.2500000000000004 0.0025161048648284687 -0.20414791429072335 -0.19728384589080358 0.0024269017425521339 42.249574306859778 -0.072081480832530659 54.144296598190884 -0.24098185384994153 45.007615653203167 26.96445384804435 -0.00063271236191271118 2.2391705661892396 -0.0027136513055777685 1.199944421389765 51.921739847938987 32.09803898638274 -0.2672375368403454 1.8956552634403725 65.68205825771777 -0.040256334163309003 0.666666666666626 0.00044743841535022083 -0.28044608104478236 0.0024176609200672076 0.18750000000001152 0.082536545027541305 0.0018766220806288945 0.0050013513746155463 0.065846920043394597 0.0018555137624289388 0.0016000938217144497 0.63636363636364413 63.128626268424064 0.0024794781881007683 0.001763961580769025 66.335932540582547 34.010931354966523 46.705868532968303 0.0024372668225130056
decision_type=2 2 2 2 2 2 2 2 2 2 2 2 2 2 2 2 2 2 2 2 2 2 2 2 2 2 2 2 2 2 2 2 2 2 2 2 2 2 2 2 2 2 2 2 2 2 2 2 2 2 2 2 2 2 2 2 2 2 2 2 2 2
left_child=1 -1 7 4 5 -4 -7 -3 -8 14 11 12 16 -13 15 -5 17 -11 -17 20 30 -22 -23 25 26 29 -25 -26 46 -24 32 -32 36 34 35 -34 -12 38 -35 45 -33 -21 -43 -18 -45 -40 47 -29 51 -50 -51 53 -53 54 -44 58 57 -57 -55 -52 61 -60
right_child=-2 2 3 9 -6 6 8 -9 -10 10 19 13 -14 -15 -16 18 43 -19 -20 41 21 22 23 24 27 -27 -28 28 -30 -31 31 40 33 37 -36 -37 -38 -39 39 -41 -42 42 48 44 -46 -47 -48 -49 49 50 59 52 -54 55 -56 56 -58 -59 60 -61 -62 -63
leaf_value=0.0010940822048056947 0.00019881935644474789 0.026575594320056146 0.00028870156823832346 -0.0047814190942002711 0.0053133779267185884 -0.022166740152247771 0.01557090983648474 -0.00082084924846696848 0.0038199626933083635 -0.010449725155691546 0.0014315913753651778 0.0050600234108158495 0.0016701583540720093 -0.014494135180466036 0.00042696077631817906 -0.00028003936654848166 -0.02324047433068438 -0.00037115146075374019 -0.0091161746256953041 -0.00092427352582872809 -0.00040056911919033548 -0.00027597299541892565 -0.0032750594129190447 0.022837105560805891 -0.0020475183435957568 0.0041724649500207781 0.0042523004678989068 0.026160626998846082 -0.020389968308258129 0.0099429192461704466 -0.004137411697682925 0.0028443578643316389 0.011358209420418108 -0.0012133687104350366 -0.015421737173788025 -0.0034417574079752401 0.012911518400744573 -0.023224741700463569 0.016736802748020956 0.019162293881816853 0.027266289758077569 0.0064106469890011135 -0.02002443291190939 0.0097220159667943205 -0.028159829944372178 -0.011166663048469229 0.0079411856146711784 -0.012600921884220739 0.027934229113610393 -0.0074265371236563382 0.010058374098606581 0.015389784637404104 -0.0050316129009103658 0.0061792537830675492 0.012005537902277054 0.015267990611411715 -0.0024594627933213265 -0.031502435373015773 0.0016647430741655953 0.0016465863003678552 0.0031048243932287499 -0.0017986603665190348
leaf_weight=69443 1918455 178 180982 11666 8740 187 1344 262176 2995 3061 3794 611 8284 2392 411995 80415 841 6838 2054 476123 95223 42980 6799 770 20484 48799 1886 138 337 1098 29228 4461 1102 2385 1165 9569 1893 208 340 1306 276 7625 929 357 150 437 4786 716 332 1830 3102 523 12036 4532 291 91 2551 515 19305 6015 13718 32417
leaf_count=69443 1918455 178 180982 11666 8740 187 1344 262176 2995 3061 3794 611 8284 2392 411995 80415 841 6838 2054 476123 95223 42980 6799 770 20484 48799 1886 138 337 1098 29228 4461 1102 2385 1165 9569 1893 208 340 1306 276 7625 929 357 150 437 4786 716 332 1830 3102 523 12036 4532 291 91 2551 515 19305 6015 13718 32417
internal_value=1.09469e-05 -0.000177085 -0.000224869 -0.000129298 0.000653348 0.000433796 0.00623573 -0.000802262 0.0074598 -0.00023861 -0.000464291 -0.00322028 -0.00209858 -0.0105156 0.000155853 -0.00103069 -0.00487446 -0.00348768 -0.000500115 -0.000392255 0.000216042 0.000676932 0.00147358 0.00234986 0.000322356 0.00339111 0.00964021 -0.000612916 0.00430366 -0.00143723 -0.00162226 -0.00296523 0.000432507 -0.0012277 -0.00324297 -0.00191336 0.00525285 0.0038734 0.0051349 0.0124036 0.00426729 -0.000685128 0.000390957 -0.0150582 -0.00148563 0.00104335 0.00577915 -0.00633735 -7.65196e-05 0.00326172 0.00251345 -0.000509759 -0.0041812 0.000110419 -0.0123845 0.000318869 -0.00668624 -0.0244792 0.000634926 0.00450864 0.000250958 -0.000505961
internal_weight=3.83528e+06 1.91682e+06 1.84738e+06 1.58503e+06 194248 185508 4526 262354 4339 1.39078e+06 884649 22534 19531 3003 506130 94135 11247 9899 82469 862115 280180 224016 128793 85813 29117 56696 2656 26461 5977 7897 56164 33965 22199 16512 11836 10671 5687 4676 4468 2083 4737 581935 105812 1348 507 777 5640 854 98187 11279 10947 86908 12559 74349 1220 73129 3157 606 69972 9117 65440 51722
internal_count=3835279 1916824 1847381 1585027 194248 185508 4526 262354 4339 1390779 884649 22534 19531 3003 506130 94135 11247 9899 82469 862115 280180 224016 128793 85813 29117 56696 2656 26461 5977 7897 56164 33965 22199 16512 11836 10671 5687 4676 4468 2083 4737 581935 105812 1348 507 777 5640 854 98187 11279 10947 86908 12559 74349 1220 73129 3157 606 69972 9117 65440 51722
is_linear=0
shrinkage=0.05


Tree=104
num_leaves=63
num_cat=0
split_feature=12 0 6 7 3 2 5 8 7 5 2 6 0 5 2 8 10 9 10 2 3 2 2 0 2 2 1 2 0 6 2 0 7 5 0 0 0 1 7 8 3 0 0 0 7 11 11 11 5 0 9 9 8 0 6 0 5 0 0 2 1 8
split_gain=60.0258 42.5955 44.5875 38.7071 46.6425 88.4116 56.0416 44.3823 58.3061 41.9685 38.8936 37.7742 35.3042 35.1551 35.1208 38.7838 35.0947 34.6895 34.6647 67.3636 85.2708 68.5032 89.446 151.267 121.883 105.605 75.2 128.783 97.4999 95.0114 88.2375 71.2844 71.2145 71.2277 67.7346 65.843 64.9887 68.9567 59.0941 66.5844 57.3066 74.1331 58.5222 57.0831 56.7519 89.3056 75.2712 62.4258 56.3395 71.128 51.5295 51.3927 56.1064 61.4808 50.8023 55.8097 50.2173 49.4449 61.8117 61.0929 53.5814 49.191
threshold=1.1250000000000002 0.0025448478105859628 0.0027897894251841531 -0.0012898744884651812 -0.0035058092479270946 -0.018841372472276779 1.8638851505005392 0.0025924088663644147 -0.001997634054524355 6.27694713544801 0.061716339121268733 0.00024165290626809724 0.0023206680088876121 1.8956552634403725 0.055507828413545554 0.0026595744680850786 14.708333333333334 -0.0004930696338690349 14.79166666666667 0.13385620961730396 -0.0002415084996364512 -0.2280607228569389 -0.11905820546970869 0.0032361771621224511 -0.11662433481791305 -0.14502995519491416 44.280107512888712 -0.24717212517216716 0.0017011037494604525 -0.0019121012850304984 -0.2672375368403454 0.0013746063576724678 0.0068217433610768827 1.4307296053406156 0.0029816371854013272 0.0018057180374147202 0.0026474662730167934 43.324850715801283 -0.0040431616289410824 0.0025718546409997972 -0.0023456424332271865 0.0027387925226237645 0.0027232302246732389 0.0017984622199474407 0.0012094632615398118 0.26530612244897162 0.035714285714253453 0.045454545454551139 1.0421062758936424 0.0019822079772166125 -1.0000000180025095e-35 0.00024481902814296172 0.0023092434606991805 0.00292773825094692 0.0030610795531429429 0.0018693424642512268 1.6181723111219564 0.0015565082277982408 0.0022657897307915261 -0.28044608104478236 44.5392247880472 0.0059008246757925919
decision_type=2 2 2 2 2 2 2 2 2 2 2 2 2 2 2 2 2 2 2 2 2 2 2 2 2 2 2 2 2 2 2 2 2 2 2 2 2 2 2 2 2 2 2 2 2 2 2 2 2 2 2 2 2 2 2 2 2 2 2 2 2 2
left_child=1 2 3 4 5 9 10 -8 16 11 14 -1 -6 -13 15 -7 -9 -14 -2 21 36 26 23 32 44 -25 27 30 31 -30 51 56 33 54 -34 -31 37 -21 39 -35 -40 42 -42 -32 45 46 -24 -46 49 -28 -41 52 -20 -54 55 -23 -29 -50 -59 -60 -61 -52
right_child=18 -3 -4 -5 12 6 7 8 -10 -11 -12 13 17 -15 -16 -17 -18 -19 19 20 -22 22 24 25 -26 -27 48 28 29 35 43 -33 34 38 -36 -37 -38 -39 40 50 41 -43 -44 -45 47 -47 -48 -49 57 -51 61 -53 53 -55 -56 -57 -58 58 59 60 -62 -63
leaf_value=0.0028696716552651901 0.00013748891204516572 0.0001362646577265392 -0.0045807090326439367 -0.00040917503221084181 -0.0026181892217864468 -0.0023958736132998373 0.012273520641624248 0.0051285195803095728 -0.037759435270885822 -0.024500307327870167 -0.014701243751842109 0.0078997169659041685 -0.012649502789931289 0.029208138828374905 0.010944894532811771 -0.011703824920855374 -0.0088018860792497735 0.0010055178933397206 0.0068693510789907611 0.0018150284137385905 -0.020768443948619972 -0.0041973410054529014 -0.027343414717690084 -0.0094970279406821588 -0.00047370034181496096 0.014509063135789063 0.0041636423438057343 0.0082672648792025405 0.017461087072596831 -0.039030521955245583 -0.026845786937822899 0.01101714662094226 -0.01750291409817609 0.012931900909718345 0.010393072338618012 -0.018302542805358084 0.015558355065380655 -0.022656788192608961 0.0096233418441344504 0.00099194199088326919 0.002857152294847318 0.011425837791628307 -0.048768791177056056 0.01334544984818796 -0.049712314514013443 -0.030744567238367521 0.007851401689278819 0.0084985025545984295 -0.01406162232742645 -0.021617077420440327 -0.024920627034845808 0.017858023922164717 -0.043766926437616351 -0.011531663769987268 -0.051024997115135196 0.0028779144944034475 -0.025588884373672873 0.0079760937054610993 0.011961245527814059 0.019954928151075392 -0.0063215820589417665 0.0037054804073372474
leaf_weight=10051 2855274 208543 7405 327748 62410 4291 876 1445 103 132 956 922 486 245 376 1514 658 10819 262 761 910 5352 241 4214 267713 514 449 158 153 507 96 522 814 408 297 1568 410 463 4365 617 28475 2700 55 1108 52 715 411 403 512 662 630 154 200 568 50 5816 357 2651 663 207 3091 197
leaf_count=10051 2855274 208543 7405 327748 62410 4291 876 1445 103 132 956 922 486 245 376 1514 658 10819 262 761 910 5352 241 4214 267713 514 449 158 153 507 96 522 814 408 297 1568 410 463 4365 617 28475 2700 55 1108 52 715 411 403 512 662 630 154 200 568 50 5816 357 2651 663 207 3091 197
internal_value=-7.83235e-06 -0.000450232 -0.000734384 -0.000667056 -0.00155409 0.000491011 -0.00288266 0.00275193 -0.00102908 0.00352851 -0.00531587 0.00385832 -0.00215248 0.0123732 -0.00386426 -0.00482348 0.000769886 0.000418491 8.06241e-05 -0.000396258 -0.00850205 -0.000335236 -0.000187857 0.00165948 -0.000561415 -0.00688723 -0.00377392 -0.00821462 -0.0146687 -0.0205634 0.000609756 -0.00200391 0.00247129 0.00275704 -0.0100456 -0.0233672 -0.0016707 -0.00744188 0.00380402 -0.00490376 0.00425708 0.00350704 0.00275763 0.0101408 -0.0134497 -0.0185407 -0.00515773 0.00184584 -0.00072556 -0.011198 -0.0099432 -0.00908232 -0.0131103 -0.0199263 -0.000737874 -0.000512734 -0.0152019 0.000907642 0.00206679 -0.00188817 -0.00467233 -0.0181016
internal_weight=3.83472e+06 638980 430437 423032 95284 21569 10219 3082 2206 11350 7137 11218 73715 1167 6181 5805 2103 11305 3.19574e+06 340471 2544 337927 324039 54504 269535 4728 13888 5653 3265 2228 2388 1037 49776 48665 1111 2075 1634 1224 37447 1852 35595 31230 28530 1204 1822 1367 652 455 8235 1111 1444 1184 1030 768 11218 11168 515 7124 6612 3961 3298 827
internal_count=3834725 638980 430437 423032 95284 21569 10219 3082 2206 11350 7137 11218 73715 1167 6181 5805 2103 11305 3195745 340471 2544 337927 324039 54504 269535 4728 13888 5653 3265 2228 2388 1037 49776 48665 1111 2075 1634 1224 37447 1852 35595 31230 28530 1204 1822 1367 652 455 8235 1111 1444 1184 1030 768 11218 11168 515 7124 6612 3961 3298 827
is_linear=0
shrinkage=0.05


Tree=105
num_leaves=63
num_cat=0
split_feature=0 2 8 1 10 2 2 1 1 2 3 10 2 8 4 12 1 2 7 12 2 3 2 12 1 12 7 10 11 1 2 0 2 10 3 1 2 4 2 10 4 12 0 12 0 2 12 3 10 4 4 1 11 1 1 1 7 6 10 0 0 1
split_gain=57.0888 48.0698 109.708 96.8901 66.7839 71.6031 70.0697 65.8492 61.0589 60.4679 63.4607 61.1926 139.895 106.144 100.739 83.6782 62.672 61.8095 61.6828 56.0005 55.9014 79.9675 70.8021 71.6244 57.4651 55.2562 61.174 55.1492 54.9515 54.8112 54.3149 66.2605 70.4833 89.5066 109.872 78.4478 82.3744 92.2689 80.8736 73.8285 88.1575 70.505 63.6351 73.0239 55.9905 68.2303 63.168 54.6508 57.712 122.321 54.5869 52.5096 51.1866 60.6081 58.1578 50.098 59.6791 48.9615 48.7531 134.838 149.394 145.826
threshold=0.0030749688638067986 -0.076500227758450737 0.00063376377560519462 27.396294175520435 9.9583333333333339 -0.10472384960044245 -0.1482781910096794 39.182177458178323 32.965090702587808 -0.083535810942022407 -0.0020891923709674075 14.958333333333334 -0.22441624292836806 0.0029224316781108046 25.950090990225107 1.3750000000000002 34.823060601063915 -0.10807467754618759 0.00011408038298255098 1.3750000000000002 0.061716339121268733 -0.0060997529341270101 0.13385620961730396 1.1250000000000002 29.908292714050585 1.6250000000000002 -0.00087875953241239857 14.79166666666667 0.42857142857144365 38.839329209357309 -0.054862519292225881 0.0011192457152150077 0.028848701644130798 13.458333333333334 -0.00056064294713838983 56.544621448495491 -0.025922773785349816 23.371923342158031 -0.027798695973169814 14.54166666666667 18.293465946973985 1.6250000000000002 0.0010963956351604436 1.3750000000000002 0.0010963956351604436 -0.06362957987855189 1.3750000000000002 -0.00092362815694654779 14.958333333333334 21.451158083898957 21.893579182315644 38.839329209357309 0.59259259259257313 28.924502678685879 34.035165857399001 35.091302957738748 -0.0015713433693712029 0.0015889447971267903 14.625000000000002 0.0014875953953294139 0.0013579963211707295 63.044023870443255
decision_type=2 2 2 2 2 2 2 2 2 2 2 2 2 2 2 2 2 2 2 2 2 2 2 2 2 2 2 2 2 2 2 2 2 2 2 2 2 2 2 2 2 2 2 2 2 2 2 2 2 2 2 2 2 2 2 2 2 2 2 2 2 2
left_child=1 2 -1 4 6 -6 19 9 20 10 11 18 14 15 -13 17 52 -14 -5 -4 28 27 23 -23 -24 26 -12 -22 -3 -18 44 32 35 34 -34 41 38 39 -37 -38 -41 55 43 -39 45 -10 -47 48 -46 -50 -36 -11 53 -15 -54 -32 -57 -42 -49 60 -60 -62
right_child=-2 8 3 7 5 -7 -8 -9 30 51 25 12 13 16 -16 -17 29 -19 -20 -21 21 22 24 -25 -26 -27 -28 -29 -30 -31 31 -33 33 -35 50 36 37 42 -40 40 57 -43 -44 -45 47 46 -48 58 49 -51 -52 -53 54 -55 -56 56 -58 -59 59 -61 61 -63
leaf_value=0.0044211520859652595 0.0003894451118436166 0.00018624842418251127 0.023074527125609548 -0.0010821619216265955 0.00081891340445432159 0.0080271494087702337 0.0019162063904212953 0.00026058969767825201 -0.0020938508919853102 -0.007350725198141882 -0.00029007739014167767 0.0056146804706730634 0.025951940443462447 0.0087886916293251904 -0.02048525769498873 0.0063722991405364597 0.0098042802015033959 0.0029887203560319056 0.002544541879734465 0.0082565508000917703 -0.00017156703658165493 -0.014542113410899752 -0.0037648144281713179 -0.0048073554864365752 0.01703859048075234 -0.00064359239418715678 -0.0074229739995680102 0.014963087887386158 -0.001616215077292424 -0.038892611616947619 0.0070019370489901632 -7.3878792551513214e-06 0.0062882315311580898 0.0054695574305023056 -0.01359981831820355 -0.0016872989351210653 0.00504135212278819 0.027981507124260386 -0.022938441052552192 0.0030714284364156742 -0.021539036799504124 -0.0012437680097579272 -0.005838192655759699 0.0089198488058076977 -0.00028001724489938536 0.014318940042597395 0.0026756276135170543 -0.001337406983112258 0.012592790070186807 -0.0062215987711737534 0.015434765714136038 0.015823587021475172 0.0014911353782467221 -0.03161628280834454 -0.047802122123539452 -0.018443826048963333 -0.0050526883080543256 0.024469104937968719 -0.0028835673060918494 -0.00063619279787579912 -0.020690119164684578 0.015077420075734458
leaf_weight=15381 732071 78200 950 80870 26192 3967 2691 583937 4024 5000 4436 619 1207 124 918 3224 1096 387 13712 1939 3387 2270 737 11273 604 13773 9324 732 92070 61 822 1895993 1500 7041 2018 4597 3297 752 496 986 859 23329 425 1514 44161 1749 3488 100002 2511 1317 176 257 920 369 64 865 21814 62 3964 10903 2989 315
leaf_count=15381 732071 78200 950 80870 26192 3967 2691 583937 4024 5000 4436 619 1207 124 918 3224 1096 387 13712 1939 3387 2270 737 11273 604 13773 9324 732 92070 61 822 1895993 1500 7041 2018 4597 3297 752 496 986 859 23329 425 1514 44161 1749 3488 100002 2511 1317 176 257 920 369 64 865 21814 62 3964 10903 2989 315
internal_value=-7.71778e-06 -0.000101428 0.000240699 0.000155651 0.00269676 0.00176706 0.00772164 2.95689e-05 -0.00021464 -0.000959729 -0.000748891 -0.000181709 0.00376058 0.00659338 -0.00997396 0.0110056 -0.00147724 0.0203768 -0.000556382 0.0131292 -0.00107546 -0.0036476 -0.00535389 -0.00643904 0.00560525 -0.00288246 -0.00512344 0.00251806 -0.000788397 0.00723686 -0.000138574 -6.33745e-05 -0.00156792 0.00216261 -0.00414065 -0.00223741 0.00120083 0.00439903 -0.00375692 0.000512071 -0.00731857 -0.00319098 0.0119158 0.0152457 -0.000981582 0.00280216 0.00656414 -0.00119247 0.000230486 0.00611981 -0.0112707 -0.0062178 -0.00830339 -0.0214536 -0.00171493 -0.00512394 -0.00556344 -0.0184419 -0.00177032 -0.00415278 -0.00942816 -0.0172801
internal_weight=3.83473e+06 3.10266e+06 771418 756037 35739 30159 5580 720298 2.33124e+06 136361 131104 103571 8989 7452 1537 4818 2634 1594 94582 2889 189273 19003 14884 13543 1341 27533 13760 4119 170270 1157 2.14197e+06 1.96655e+06 70553 10735 3694 59818 12988 7895 5093 5204 1907 46830 2691 2266 175423 9261 5237 166162 47989 3828 2194 5257 1477 493 984 23501 22679 921 118173 18171 7268 3304
internal_count=3834731 3102660 771418 756037 35739 30159 5580 720298 2331242 136361 131104 103571 8989 7452 1537 4818 2634 1594 94582 2889 189273 19003 14884 13543 1341 27533 13760 4119 170270 1157 2141969 1966546 70553 10735 3694 59818 12988 7895 5093 5204 1907 46830 2691 2266 175423 9261 5237 166162 47989 3828 2194 5257 1477 493 984 23501 22679 921 118173 18171 7268 3304
is_linear=0
shrinkage=0.05


Tree=106
num_leaves=63
num_cat=0
split_feature=0 5 0 7 1 3 13 4 3 6 6 10 4 13 10 10 13 10 0 0 4 4 4 1 0 5 4 0 5 1 9 6 4 4 4 1 1 4 0 0 0 0 4 7 3 6 3 3 3 9 6 6 7 7 5 1 4 0 4 1 3 6
split_gain=44.8348 43.0136 37.6464 48.028 79.145 54.3866 50.23 36.2333 42.0396 36.3254 41.953 35.4952 69.5815 61.0487 187.199 144.851 149.47 60.7091 48.7713 48.1302 70.862 53.1708 76.0173 55.0473 56.5964 52.4061 52.3309 63.8621 76.8488 50.2698 49.4002 48.073 47.9407 80.8607 75.1848 74.8188 62.7163 75.2148 60.474 66.3006 60.9681 68.5262 56.5104 78.0298 63.6076 66.2826 55.1639 53.4237 51.9042 49.8766 48.4992 48.4607 48.0495 57.0368 51.7923 71.3252 50.5288 85.4105 47.7709 46.5641 46.3943 46.0257
threshold=0.0072247202833960441 3.1988914211864166 0.0009643359574801752 -0.0015034271523950424 42.047489048821866 -0.00048645822673678635 2.7500000000000004 30.713427949339557 -0.00072680611762971118 -0.00065994351507397953 -0.00091946977782947348 11.04166666666667 63.128626268424064 3.7500000000000004 15.29166666666667 14.958333333333334 2.7500000000000004 15.208333333333334 0.0042917433238780075 0.0015700258430484304 16.245428139879163 13.718952940164309 11.176469268324473 48.599782863657836 0.0018842535003095577 1.8353187895335934 25.358966946757118 0.0020563427270947521 0.96704610665749346 31.084697653315484 0.00010138902970702319 0.0093818531187076521 36.038728038306338 49.582244864167485 33.10854165159494 71.121218995969699 27.396294175520435 20.441400529640777 0.0015565082277982408 0.0014875953953294139 0.0017212485959331818 0.001763961580769025 23.591792104443964 -0.0018178901832432424 0.0020205676581746949 0.0018417098865537442 -0.0060997529341270101 -0.001625039921617408 0.0070848482332954129 -0.00039167598809899278 -0.00088244219155586545 -0.00085430355536764136 0.0002286218212624869 9.854644599116559e-05 2.2798951585276446 60.668178326613038 29.52306356476625 0.0021803010672580979 31.793762946253985 28.924502678685879 -0.0037573508977208334 -0.0017734100080170066
decision_type=2 2 2 2 2 2 2 2 2 2 2 2 2 2 2 2 2 2 2 2 2 2 2 2 2 2 2 2 2 2 2 2 2 2 2 2 2 2 2 2 2 2 2 2 2 2 2 2 2 2 2 2 2 2 2 2 2 2 2 2 2 2
left_child=2 -2 3 -1 6 -6 -5 9 -9 10 -8 18 13 15 -15 -13 -17 19 31 29 21 22 -21 24 -23 -24 -22 28 -28 60 -26 -4 34 38 35 36 -19 47 39 -34 51 -42 -39 58 45 52 -43 -38 -46 50 -49 -40 53 54 56 -56 -45 -58 61 -20 -18 -44
right_child=1 -3 11 4 5 -7 7 8 -10 -11 -12 12 -14 14 -16 16 17 32 59 20 26 23 25 -25 30 -27 27 -29 -30 -31 -32 -33 33 -35 -36 -37 37 42 40 -41 41 46 43 44 48 -47 -48 49 -50 -51 -52 -53 -54 -55 55 -57 57 -59 -60 -61 -62 -63
leaf_value=-0.01258998362267149 0.0017808766686665885 0.010304062720136767 -0.00033630758380436199 -0.0008431386506172761 -0.010202458595910076 -0.0019444275469896579 0.019339413622791849 0.0041971669229597499 -0.030211510505489633 0.015075495535565656 -0.025652581158905258 0.00015548812030861906 -0.0030834619739840575 0.00045042073823844085 0.0058393524442206298 -0.0021184728011594211 -0.0033492614387547318 0.015260180192334312 -0.0015024009457649513 0.017384856154665281 -0.0031133882240229416 0.013324992694563765 0.0078613365605726092 0.016054245541430423 0.0022610859617864681 -0.013419049098995162 -0.019218169417757319 -0.0011744199370523844 0.0068811425214291531 -0.0023289176744812202 -0.0222979735955596 -0.0043415439168535451 -0.0057026539855900039 0.0087226108295978353 0.010757601642370702 0.014779676124453545 0.0091789284360595334 -0.0050957418482052517 -0.019479219300242573 -0.0313353920122025 -0.045149242401123051 0.017271631164476275 0.0013229586892239339 0.0026885798248592321 -0.0058715979171158504 -0.009184320108336726 -0.0047685048186825243 0.010869242066954389 0.026914671110355948 0.0031645535023266677 -0.010885781670914465 0.017645114820293139 0.010453070504736803 -0.02224338872866197 0.012453337454679823 -0.03706227689981461 -0.031603364450887982 0.013333985556854062 0.019567070660476915 0.0009843206644758139 -0.023501037079207799 -0.012314143814817428
leaf_weight=997 13215 1667 955284 2850 2212 20211 89 859 99 1666 124 1969080 17076 427205 16747 150279 584 798 22164 414 12953 803 413 1585 762 966 298 10203 5268 15082 280 7551 686 1445 2460 1072 3323 5939 104 399 100 304 910 1799 2439 778 4294 324 127 12932 1224 568 3510 220 1689 76 301 163 167 124963 559 1933
leaf_count=997 13215 1667 955284 2850 2212 20211 89 859 99 1666 124 1969080 17076 427205 16747 150279 584 798 22164 414 12953 803 413 1585 762 966 298 10203 5268 15082 280 7551 686 1445 2460 1072 3323 5939 104 399 100 304 910 1799 2439 778 4294 324 127 12932 1224 568 3510 220 1689 76 301 163 167 124963 559 1933
internal_value=-3.46785e-06 0.0027356 -1.41395e-05 -0.00180545 -0.00142295 -0.00275907 0.00384518 0.00855498 0.000641364 0.0125897 -0.00685311 -3.84537e-07 9.80699e-05 0.000118467 0.000653705 1.14118e-05 -0.00112097 0.000374281 -0.000238159 -0.000855064 0.000215621 0.0055728 -0.00140476 0.00922025 0.00334931 -0.00704574 -0.000758564 0.00117574 0.0054838 -0.00309509 -0.00433828 -0.000367719 0.00160574 -0.00196891 0.00227518 0.00174988 0.00138851 0.00109608 -0.00436229 -0.0151289 -0.00218691 -0.00420185 -0.00100404 0.000717939 0.00265386 0.0047289 -0.00331131 0.00346138 -0.00424889 0.00214927 -0.0063324 0.0118997 0.00612416 0.00254731 0.00390132 0.0103212 -0.0011058 -0.0158172 -0.00642247 0.000609708 -0.0132048 -0.00794912
internal_weight=3.83459e+06 14882 3.81971e+06 29107 28110 22423 5687 2837 958 1879 213 3.7906e+06 2.68064e+06 2.66356e+06 443952 2.21961e+06 250533 100254 1.10996e+06 50170 33945 5223 1793 3430 1845 1379 28722 15769 5566 16225 1042 962835 50084 7900 42184 39724 38652 37854 6455 1085 5370 4698 20051 14112 11102 8536 4598 17803 2566 14480 1548 672 7758 4248 4028 1765 2263 464 3010 147127 1143 2843
internal_count=3834592 14882 3819710 29107 28110 22423 5687 2837 958 1879 213 3790603 2680641 2663565 443952 2219613 250533 100254 1109962 50170 33945 5223 1793 3430 1845 1379 28722 15769 5566 16225 1042 962835 50084 7900 42184 39724 38652 37854 6455 1085 5370 4698 20051 14112 11102 8536 4598 17803 2566 14480 1548 672 7758 4248 4028 1765 2263 464 3010 147127 1143 2843
is_linear=0
shrinkage=0.05


Tree=107
num_leaves=63
num_cat=0
split_feature=0 4 10 1 0 0 1 0 8 4 1 1 12 1 10 13 10 10 13 10 7 4 0 4 5 5 4 4 8 1 1 8 4 11 4 0 4 10 4 1 11 1 4 5 8 1 6 4 9 9 8 4 9 0 10 4 0 1 7 10 10 1
split_gain=44.5942 59.4901 88.187 170.062 138.393 103.649 82.5742 97.4679 106.88 78.3475 77.4608 90.3495 72.66 58.406 54.426 54.5401 128.075 80.2924 83.1572 56.3033 69.4531 50.7302 89.8027 81.0846 89.4005 64.3077 59.6293 59.0693 55.6843 51.5735 67.952 50.6195 49.1363 48.5431 48.29 78.6496 47.2415 55.6728 55.9363 54.1856 47.8054 48.6386 44.3227 43.7433 59.7552 42.8452 47.2123 46.2796 49.3335 72.3579 53.9262 49.6823 44.3832 41.5386 73.9061 42.7926 51.1634 40.381 56.6144 50.048 40.2093 39.9712
threshold=0.0023765010702893178 36.500576092514116 15.125000000000002 57.011694091523445 0.0028752912702924307 0.0024899664101393497 38.666446164587576 0.0025013595224032295 0.0043653640031533257 43.208929742909355 18.537859523674644 35.349401988192952 1.8750000000000002 66.694465744648838 11.54166666666667 3.7500000000000004 15.125000000000002 14.958333333333334 2.7500000000000004 15.375000000000002 0.0046282244861884933 16.779374314454639 0.0014800148071994776 23.128700477215776 1.5192481086967782 4.2753128160657665 13.838898823915734 35.619356215946361 0.001480606131706911 72.880496587930722 68.664284520563044 0.0017337998097055095 57.743618866733996 0.081081081081008852 46.705868532968303 0.0027666147938170565 13.965577974883958 14.04166666666667 24.29354951541163 54.263790784592054 0.045454545454551139 38.666446164587576 49.582244864167485 1.8075194830583807 0.0016313213703099338 71.121218995969699 0.003218232765314966 34.010931354966523 -0.00043898156277439774 -0.00046926325668699141 0.002029514590943434 31.013354058404495 -0.00039167598809899278 0.0013915232408601818 14.458333333333334 19.568432162343303 0.0015345910591226287 73.566741855555435 0.0026496071757095012 14.625000000000002 14.29166666666667 66.694465744648838
decision_type=2 2 2 2 2 2 2 2 2 2 2 2 2 2 2 2 2 2 2 2 2 2 2 2 2 2 2 2 2 2 2 2 2 2 2 2 2 2 2 2 2 2 2 2 2 2 2 2 2 2 2 2 2 2 2 2 2 2 2 2 2 2
left_child=14 31 -3 6 5 -5 7 8 -4 13 -9 -12 34 -6 -1 17 36 57 -19 21 -21 22 28 29 32 27 -24 45 33 30 -23 -2 -25 -20 -7 -36 39 -38 53 -17 -40 -42 -29 -30 -45 46 47 48 49 50 51 -26 -50 54 -39 -55 60 -16 59 -59 -57 -27
right_child=1 2 3 4 9 12 -8 10 -10 -11 11 -13 -14 -15 15 16 -18 18 19 20 -22 23 26 24 25 61 -28 42 43 -31 -32 -33 -34 -35 35 -37 37 38 40 -41 41 -43 -44 44 -46 -47 -48 -49 52 -51 -52 -53 -54 55 -56 56 -58 58 -60 -61 -62 -63
leaf_value=-0.00057245133977818809 0.0011480332681674231 -0.00014254706310582691 -0.036171673294966636 0.010421386164314343 0.0039079285712259057 -0.029482986234462674 0.010984368274039811 -0.01953104135957924 0.01734167287349701 0.0024515665624018513 0.010988534634990945 -0.012316622269244879 -0.0085433914919814304 -0.016072599027773637 3.883862745029899e-05 -0.00037640472306906534 0.0040589954678872785 -0.0019467385598281113 -0.011260419363297114 0.0036362362017718394 -0.043698337712349038 -0.0038145435625052482 0.00053694150569511088 -0.0066396662449268191 -0.040107777338583499 -0.010038241501097528 0.0094993705081431682 -0.0036541751280011235 0.011563583162366128 -0.037957103290689104 0.021678361049238242 0.00025732619025162765 0.019358508217902411 0.003250683193092243 -0.028696536013729686 0.011980478530344757 4.2534271392841871e-05 0.0026347269858343547 0.0088247913307040373 -0.0050445178722215217 -0.00052841520611369541 0.0038215067667477969 0.0068877492820613104 -0.029991047082127201 -0.0069486768966171278 0.015047962944365051 -0.034307341568353703 0.014433383317383983 0.02394487411346076 -0.030035658644669224 0.019272818759731625 0.012051448139657335 0.0032757206489523686 0.0032730825426629524 -0.0049760779603913764 -0.0046062257843654825 -0.0021174648674580853 -0.0057653697391950032 -0.00047674845210150005 -0.022188761848824245 0.010130870667637536 0.0091430737788860614
leaf_weight=539576 196647 437731 368 318 493 1516 1919 370 125 2573 1668 554 993 1417 1304909 31011 24767 112969 673 11974 78 19235 3106 4733 103 1653 4611 5056 245 109 265 844632 189 4012 279 207 160784 5391 3373 7775 9055 22136 1242 338 1679 853 82 947 265 273 230 82 13047 15698 7812 638 10446 2613 6219 564 1686 325
leaf_count=539576 196647 437731 368 318 493 1516 1919 370 125 2573 1668 554 993 1417 1304909 31011 24767 112969 673 11974 78 19235 3106 4733 103 1653 4611 5056 245 109 265 844632 189 4012 279 207 160784 5391 3373 7775 9055 22136 1242 338 1679 853 82 947 265 273 230 82 13047 15698 7812 638 10446 2613 6219 564 1686 325
internal_value=4.16968e-06 0.000217848 -0.000262169 -0.00435297 -0.00897031 -0.0167196 0.00284063 -0.00222512 -0.0226034 -0.00324345 0.00165084 0.00517798 -0.0196014 -0.0109153 -0.000131891 -6.52763e-08 0.00061477 -0.000123047 -0.00108846 0.00019739 0.00332989 -0.000398523 0.00217963 -0.001175 0.000500535 0.0017519 0.0058921 0.00252227 -0.00194433 -0.00365981 -0.0034681 0.000425537 -0.00564136 0.00116616 -0.0250862 -0.0113711 0.000305482 0.000570196 0.00168307 -0.00131217 0.00317018 0.00255869 -0.00157525 -0.0083867 -0.01081 0.00414715 0.00352845 0.00373602 0.00301242 -0.0100434 0.00310811 -0.0169886 0.00368718 0.000449578 -0.00186846 0.00152465 -0.00062468 1.53211e-05 -0.00325077 -0.00868095 0.00608514 -0.00688661
internal_weight=3.83464e+06 1.49181e+06 450531 12800 7796 3313 5004 3085 493 4483 2592 2222 2995 1910 2.34283e+06 1.80325e+06 300572 1.50268e+06 188374 75405 12052 63353 14664 48689 29080 24158 7717 22180 6947 19609 19500 1.04128e+06 4922 4685 2002 486 275805 237019 76235 38786 34564 31191 6298 2262 2017 15882 15029 14947 14000 688 415 185 13312 41671 13203 28468 12770 1.3143e+06 9396 3177 2324 1978
internal_count=3834637 1491810 450531 12800 7796 3313 5004 3085 493 4483 2592 2222 2995 1910 2342827 1803251 300572 1502679 188374 75405 12052 63353 14664 48689 29080 24158 7717 22180 6947 19609 19500 1041279 4922 4685 2002 486 275805 237019 76235 38786 34564 31191 6298 2262 2017 15882 15029 14947 14000 688 415 185 13312 41671 13203 28468 12770 1314305 9396 3177 2324 1978
is_linear=0
shrinkage=0.05


Tree=108
num_leaves=63
num_cat=0
split_feature=12 10 6 7 4 5 1 1 1 7 7 6 11 5 3 2 7 11 1 1 5 2 2 11 11 5 1 0 11 4 1 0 5 10 2 10 4 4 9 0 0 5 7 4 0 11 5 9 11 5 0 1 4 2 2 2 3 4 2 2 2 2
split_gain=44.3324 55.4993 71.7018 70.6931 60.3937 54.5896 53.4673 89.6764 76.7519 48.4935 44.1506 55.6325 65.304 50.3267 46.3446 77.6138 84.2365 51.6297 46.3764 82.1215 50.461 43.6604 101.012 70.2704 89.5909 44.2898 45.8239 42.1026 94.4544 48.1425 46.5312 42.634 41.6066 48.7329 63.3575 41.6115 41.3427 79.9203 41.0663 41.0591 79.1007 47.5844 40.9494 86.4078 40.6309 45.2433 40.5469 40.1611 38.6897 60.2263 38.1455 74.7904 60.0318 53.3239 63.5094 52.4909 49.6856 96.3624 75.6719 115.588 97.4844 55.5193
threshold=1.3750000000000002 15.375000000000002 -0.00012176316402356945 0.0026496071757095012 12.893670438755665 3.6224244281866746 34.823060601063915 36.057892199872434 32.053092073191927 0.0031746031746032748 0.0010756186398497294 -0.0023407384277140393 0.70588235294117341 2.1965902082624109 0.00050839252501962281 -0.11905820546970869 -0.0027508043031810865 0.21114561766736531 46.155403239277426 45.556963072441853 2.9897817820203323 -0.0016988843828349895 -0.010419901354692474 0.25000000000000372 0.31818181818179608 2.1235674325158835 44.145788732758774 0.0014172690216462172 0.23076923076924818 24.641829962014189 36.71489930782662 0.001400463343342561 0.20876575991366028 14.208333333333334 0.01930039719212474 13.79166666666667 31.956479202321002 30.116218552713544 0.00055208758170955221 0.0014172690216462172 0.0015700258430484304 0.14842871485250173 -0.00095508703285024355 26.06878896636848 0.0025338930482077817 0.22727272727272532 3.7877493918658049 -0.00045908413321345785 0.08474576271187316 1.4805725865803137 0.0044586171814352963 70.561796855813199 52.926577624567109 0.10162391666240064 -0.04367115076250571 -0.031770694970264697 0.0067602201629850629 52.926577624567109 0.013455646140861194 0.09268775273123446 -0.00056590759564437946 -0.14216718775254636
decision_type=2 2 2 2 2 2 2 2 2 2 2 2 2 2 2 2 2 2 2 2 2 2 2 2 2 2 2 2 2 2 2 2 2 2 2 2 2 2 2 2 2 2 2 2 2 2 2 2 2 2 2 2 2 2 2 2 2 2 2 2 2 2
left_child=1 32 5 4 -4 9 8 -8 -6 10 11 -3 14 -14 18 17 -17 -16 19 20 21 22 23 -13 -25 26 -23 28 29 31 -29 -9 33 35 -35 -1 37 -5 48 -37 41 -41 -26 -44 45 -27 -7 -30 49 -32 56 -52 53 54 -53 -56 -34 61 60 -60 -59 -58
right_child=-2 2 3 36 6 46 7 27 -10 -11 -12 12 13 -15 15 16 -18 -19 -20 -21 -22 25 -24 24 42 44 -28 30 47 -31 38 -33 50 34 -36 39 -38 -39 -40 40 -42 -43 43 -45 -46 -47 -48 -49 -50 -51 51 52 -54 -55 55 -57 57 58 59 -61 -62 -63
leaf_value=0.001136472094627585 0.0001224005048696756 0.021006130379127578 0.015268358290195468 0.007662596247669057 -0.003171852482793842 -0.045363290073015754 -0.035031573110156589 -0.032062385376397669 0.027245270924908777 -0.015864247935668135 0.022824894063976184 0.02441227430061094 -0.022947953247371779 0.013118535671791021 -0.01614746539031758 0.029229639251102776 -0.014310334388166666 0.027917432853432952 0.020996405121344833 -0.049728928794783939 0.035019547621647044 0.029330790074785468 -0.049262571148574352 -0.0479780118064125 0.011287720776298672 -0.025573598068268574 -0.0079640670418739314 0.022664407201825758 -0.030503901942022918 0.0097396251021160032 -0.031058918491557792 0.012500188167278584 -0.0003317587484917841 -0.023673779651911978 0.01092281363599263 0.026845405321745647 0.022273176106122825 -0.053086458068144951 0.018621047843586314 -0.033335862857730762 0.014258468605704228 0.017496714563596815 -0.05048100479533163 0.027548041939735413 -0.0361761264277227 0.02716488383832525 -0.0029784266270843208 0.012000588293448709 -0.0084997976835487522 0.0091802140639368184 0.00019670473377788298 0.015709465762247909 -0.00065830762846748824 0.021152937058595164 -0.022363734455444876 0.0043603122215222249 -0.0067792773555471883 0.0067430617106250118 -0.0047610566484628976 0.031609082900411721 0.034941906608641153 -0.0019103827365960044
leaf_weight=44560 2557145 652 500 1079 509 78 225 308 350 209 502 304 329 137 85 129 800 305 817 62 167 467 96 101 412 61 100 146 58 144 108 65 1109385 421 193 294 468 57 165 171 649 63 89 59 66 122 204 1329 4476 669 53017 1332 2770 711 195 3184 7116 1311 1951 246 400 33039
leaf_count=44560 2557145 652 500 1079 509 78 225 308 350 209 502 304 329 137 85 129 800 305 817 62 167 467 96 101 412 61 100 146 58 144 108 65 1109385 421 193 294 468 57 165 171 649 63 89 59 66 122 204 1329 4476 669 53017 1332 2770 711 195 3184 7116 1311 1951 246 400 33039
internal_value=2.2213e-06 -0.000238242 0.00259879 9.21779e-05 -0.00162214 0.00680319 -0.00260966 -0.00393074 0.00922162 0.00780211 0.00864589 0.00731793 0.00542229 -0.0123447 0.00737406 -0.000405884 -0.00826442 0.0183135 0.0108847 0.00696204 0.00868163 0.0063383 -0.000349282 0.0045167 -0.00463345 0.0150338 0.0227532 -0.00299371 0.00342403 -0.0148166 -0.00518987 -0.0242968 -0.000276509 0.00119373 -0.012799 0.00138158 0.00976675 0.00461445 -0.00594046 0.0106611 0.00527249 -0.0196502 0.00318405 -0.0193748 -0.00254417 0.00958539 -0.0147019 0.0102232 -0.00671195 0.00358713 -0.000332613 0.00088373 0.00533002 0.00838935 0.00646303 0.00281808 -0.000397159 -0.00204377 0.00545136 -0.000688661 0.0133354 -0.00277322
internal_weight=3.83516e+06 1.27802e+06 17009 10656 9052 6353 8552 7693 859 6071 5862 5360 4708 466 4242 1319 929 390 2923 2106 2044 1877 1061 965 661 816 567 7468 1904 517 5564 373 1.26101e+06 46351 614 45737 1604 1136 5418 1177 883 234 560 148 249 183 282 1387 5253 777 1.21466e+06 61209 8192 5422 4711 3379 1.15345e+06 44063 3908 2197 1711 40155
internal_count=3835162 1278017 17009 10656 9052 6353 8552 7693 859 6071 5862 5360 4708 466 4242 1319 929 390 2923 2106 2044 1877 1061 965 661 816 567 7468 1904 517 5564 373 1261008 46351 614 45737 1604 1136 5418 1177 883 234 560 148 249 183 282 1387 5253 777 1214657 61209 8192 5422 4711 3379 1153448 44063 3908 2197 1711 40155
is_linear=0
shrinkage=0.05


Tree=109
num_leaves=63
num_cat=0
split_feature=0 8 8 5 5 3 12 2 13 8 9 9 4 2 8 13 10 0 6 3 2 2 13 10 10 2 3 12 4 2 0 3 4 3 10 2 3 10 12 10 12 10 6 5 8 5 12 10 6 0 10 2 0 12 4 4 3 2 7 2 0 0
split_gain=43.1583 55.7096 55.329 63.2721 54.6534 51.3637 51.5425 45.6482 45.2537 44.9328 41.8885 42.5315 41.2637 62.4539 74.7132 67.5859 62.7713 146.341 69.9794 57.6678 84.321 106.837 118.874 63.5716 57.2167 161.635 86.7295 86.7365 86.6837 84.4207 114.799 124.801 108.841 170.097 83.3025 77.0944 73.5399 80.4016 76.8669 62.702 51.9611 51.6249 51.523 52.4573 51.0443 49.6161 48.2626 47.9968 62.2625 47.7288 47.6941 58.4168 53.3162 46.9465 56.943 73.1244 74.3978 79.1024 70.8447 65.3385 64.9168 61.7662
threshold=0.0021721640144523042 0.0030421769090454272 0.003150639987318822 3.465388856525196 4.009773112172712 0.0064925136972438305 1.3750000000000002 0.097167976504954609 2.7500000000000004 0.0016867676624146542 0.00041718815185656739 -0.00051095719478872501 35.395387502823475 -0.01693951488905435 0.0016751323943865535 2.2500000000000004 15.04166666666667 0.00156320611356817 -0.00053747764903611095 -0.0033603994554249959 -0.066788104335601964 -0.23497402227458938 2.7500000000000004 14.958333333333334 13.625000000000002 -0.0023283585621208009 0.00037977477004819468 1.3750000000000002 59.195722398885337 0.074880069374500494 0.0017145803098333678 -0.0020498135451714476 46.22536278232517 -0.00050987516519622651 14.79166666666667 -0.0094645576903086732 0.0009574598996986832 13.958333333333334 1.6250000000000002 14.708333333333334 1.6250000000000002 12.958333333333334 0.00022557996287786433 1.313259327834396 0.0015933819369694966 0.53386695174036836 1.6250000000000002 11.458333333333334 0.0014758603538307382 0.0014330543367111499 10.04166666666667 0.036572867735513138 0.0021373369384087297 1.3750000000000002 27.316204468629707 19.647744254947515 -0.0020498135451714476 0.027841359636806163 -0.0045388940688309001 -0.032857505708016273 0.001990163005483049 0.0020723286934552694
decision_type=2 2 2 2 2 2 2 2 2 2 2 2 2 2 2 2 2 2 2 2 2 2 2 2 2 2 2 2 2 2 2 2 2 2 2 2 2 2 2 2 2 2 2 2 2 2 2 2 2 2 2 2 2 2 2 2 2 2 2 2 2 2
left_child=1 12 3 5 -5 6 -3 -4 -9 -2 11 -6 47 19 15 -15 24 49 44 20 21 23 -23 -14 -17 26 27 28 -26 30 32 34 33 -27 -32 -28 37 -35 -39 -38 -34 -22 43 -24 -19 -31 -33 48 50 -18 51 52 53 54 55 56 58 61 -1 -56 -61 -58
right_child=9 2 7 4 10 -7 -8 8 -10 -11 -12 -13 13 14 -16 16 17 18 -20 -21 41 22 42 -25 25 29 35 -29 -30 45 31 46 40 36 -36 -37 39 38 -40 -41 -42 -43 -44 -45 -46 -47 -48 -49 -50 -51 -52 -53 -54 -55 59 -57 57 -59 -60 60 -62 -63
leaf_value=0.029466269375051108 0.00066176534025836557 -0.0080506363897153554 -0.00068271086458687421 -0.025390183406850515 -0.039247545174189977 0.022558463870552537 -0.0011264963311384709 -0.0010054859108951631 -0.017797495243901774 5.3894319815824325e-05 -0.027085029085477191 0.0038909917982471107 -0.0026863048882081919 0.00012291665496878631 -0.0004710460324359049 0.0023459975184703208 -0.0074017391706594328 -0.038615005482144721 0.014611936272024277 -0.00074224701295731417 0.0021587956849524006 0.0016234407638178528 0.0056408473758449125 -0.033263330209128403 0.033108324333320734 0.0074414195307387814 -0.010180308182221622 0.012443143160866265 -0.031894654145947214 -0.00083979179721270036 -0.013822624104818569 0.021200245122403601 -0.035500898791684048 0.0042513337032294568 0.025312688910599915 0.015405624307087255 -0.0075306069543234228 -0.037968570853321303 -0.010663678252333126 0.013704379544268327 -0.0076723832482769655 -0.0042517595623992235 0.02385673557242779 0.017379510430413466 0.013032796345651149 0.019795090136151685 0.0075624545438882406 -6.9361192043657712e-05 -0.0044093637962435489 -0.024784811330948463 -0.00099645678503978399 -0.0026371097985703278 -0.0060927680167095072 0.00083807002486218523 0.0090673781980086642 0.011281152752968253 0.01142625567488696 -0.018470137018938456 -0.014307067628027862 -0.010396776482481093 0.0077380561874030463 -0.016095369996868874
leaf_weight=103 385391 4037 96901 614 63 193 8041 824 782 1439567 183 614 1774 31916 44818 44356 1130 119 1001 115673 6602 4811 2382 188 1021 3395 599 2146 54 402 773 1290 333 324 165 579 1360 515 516 467 338 5990 856 1585 80 1058 1305 1363856 11526 607 193799 9964 2091 23760 1186 4497 2268 294 901 1739 689 224
leaf_count=103 385391 4037 96901 614 63 193 8041 824 782 1439567 183 614 1774 31916 44818 44356 1130 119 1001 115673 6602 4811 2382 188 1021 3395 599 2146 54 402 773 1290 333 324 165 579 1360 515 516 467 338 5990 856 1585 80 1058 1305 1363856 11526 607 193799 9964 2091 23760 1186 4497 2268 294 901 1739 689 224
internal_value=6.23725e-06 -0.000153609 -0.00123593 -0.00420767 -0.0139957 -0.00303193 -0.00344085 -0.000821277 -0.00918192 0.000182263 -0.00586057 -0.000123377 -8.95789e-05 0.000470211 0.00121411 0.00200207 0.00294016 -0.00419965 0.00922832 -0.000277975 0.00194229 0.00501861 0.00718443 -0.00561621 0.00328395 0.00578418 0.0140046 0.0182503 0.0298431 0.00283005 0.00130202 0.00869205 -0.00230022 -0.00034315 -0.00693848 0.00239546 -0.00864881 -0.0174752 -0.0243029 -0.00210273 -0.021483 -0.000890698 0.0127316 0.010331 -0.0178521 0.0141134 0.0143419 -0.000186701 -0.000819148 -0.0134763 -0.000647809 0.000768227 0.00166701 0.00212201 0.00468535 0.00696933 0.00185317 0.00605857 -0.00981638 -0.000551899 -0.00525061 0.0089524
internal_weight=3.83464e+06 2.00968e+06 112252 13745 1474 12271 12078 98507 1606 1.82496e+06 860 677 1.89742e+06 280528 140667 95849 63933 2937 1200 139861 24188 11596 9634 1962 60996 16640 4399 3221 1075 12241 10781 3533 7248 6577 938 1178 3182 1355 1031 1827 671 12592 4823 3967 199 1460 2595 1.6169e+06 253041 1737 241515 47716 37752 35661 11901 8287 3790 2786 1004 3614 2428 2492
internal_count=3834635 2009677 112252 13745 1474 12271 12078 98507 1606 1824958 860 677 1897425 280528 140667 95849 63933 2937 1200 139861 24188 11596 9634 1962 60996 16640 4399 3221 1075 12241 10781 3533 7248 6577 938 1178 3182 1355 1031 1827 671 12592 4823 3967 199 1460 2595 1616897 253041 1737 241515 47716 37752 35661 11901 8287 3790 2786 1004 3614 2428 2492
is_linear=0
shrinkage=0.05


Tree=110
num_leaves=63
num_cat=0
split_feature=0 8 2 4 4 0 10 6 10 2 1 3 4 9 4 2 1 11 12 6 0 8 2 6 3 7 12 2 0 3 10 3 1 0 10 2 8 0 6 4 12 0 11 6 0 4 2 12 0 2 4 1 1 3 3 7 9 12 4 2 2 2
split_gain=38.6428 55.613 53.8303 49.0675 66.8873 43.8835 63.5419 40.4291 57.3479 43.7164 42.5632 54.9411 46.2336 40.943 39.4423 115.303 108.04 48.391 53.9366 45.5956 45.1161 52.8423 41.258 42.5593 37.7816 37.2164 39.7815 37.2125 42.5061 41.6519 106.153 57.8287 67.4495 59.899 48.929 58.8199 48.5142 82.7516 45.9434 55.1689 45.9828 54.9888 45.4168 44.9598 41.7183 41.4741 38.5256 37.145 36.4179 59.1662 61.0656 56.2888 59.5854 85.3063 69.6292 54.9246 48.9841 42.8039 40.8587 44.9202 153.02 66.2498
threshold=0.0036636380808820709 0.0025924088663644147 -0.2672375368403454 26.460713718935256 28.162785859783025 0.0029458220629869553 10.29166666666667 0.0093818531187076521 15.375000000000002 0.062515205024137502 35.824328480980142 -0.0018920933857950297 13.019888648847513 -2.9594119028753831e-05 9.0703025878558439 -0.0060041889801621404 49.41502057999174 0.066946778711536051 1.6250000000000002 -0.0003923042974714463 0.0022080254760784945 0.0011299099055513521 -0.20150058846806043 0.00046522449597985466 -0.00050987516519622651 0.0091508600438001703 1.3750000000000002 -0.10807467754618759 0.0024573586913518492 -0.0040302131338157297 15.04166666666667 -0.002708625093829002 35.349401988192952 0.0015256246482228707 15.208333333333334 -0.081527357574765369 0.0045199612382916523 0.0032618681245879916 -0.0028365618240893671 27.069801298031177 1.6250000000000002 0.0020802182649020543 0.77777777777779722 -0.0018686695798973971 0.0034268840569447677 18.196190761323166 -0.019620724350754876 1.1250000000000002 0.0011385095547959822 0.052191455803375093 15.373464290024794 73.566741855555435 51.872371897264607 0.00026072608435832254 0.00012828393054629316 0.0012459618801762275 -4.3063540433351225e-05 1.3750000000000002 10.903502431973239 -0.20876839306415548 -0.19922441547276767 -0.053746509921234621
decision_type=2 2 2 2 2 2 2 2 2 2 2 2 2 2 2 2 2 2 2 2 2 2 2 2 2 2 2 2 2 2 2 2 2 2 2 2 2 2 2 2 2 2 2 2 2 2 2 2 2 2 2 2 2 2 2 2 2 2 2 2 2 2
left_child=1 5 3 -3 -5 14 -7 10 9 25 11 12 13 -4 15 16 20 -17 19 -19 21 22 24 47 -1 26 -9 28 -14 34 -31 32 33 -32 -29 43 44 42 -35 45 -41 -42 -38 -36 -37 -40 -34 -24 49 51 -51 52 54 56 -16 -52 -54 -58 -55 -60 -61 -62
right_child=-2 2 7 4 -6 6 -8 8 -10 -11 -12 -13 27 -15 48 17 -18 18 -20 -21 -22 -23 23 -25 -26 -27 -28 29 -30 30 31 -33 46 38 35 36 37 -39 39 40 41 -43 -44 -45 -46 -47 -48 -49 -50 50 55 -53 53 58 -56 -57 57 -59 59 60 61 -63
leaf_value=0.0091387258687367044 0.00045828602569382236 -0.0015976479456704521 0.016528818737558959 -0.031939202827679647 -0.0072020037140750285 -0.00087480961438396248 0.0012857249829559981 -0.033520360728889184 -0.050263868294545079 0.0057413932682540301 -0.00017775497200141899 -0.015555837999916439 0.0031817297473425948 -0.014490521357395683 -0.0013720662886931856 -0.0027966108630654903 -0.0073003220367931533 0.0063292729153274115 0.00501970223567548 0.021291776477077074 0.017178501527296622 -0.0035538673825569623 0.027386211076969497 -0.012916789554260871 -0.017296213169892629 -0.0040101403135978436 -0.0077964518732146328 -0.0012667050224365749 -0.000756660347957665 -0.0020723441756140327 0.00092027472750760061 0.0045733509839360172 -0.030391495850156339 0.020596967432005654 0.0070874436956937202 0.010873040081880125 -0.017785423345339474 0.018620060960830721 0.0059223482483311708 -0.028070609375487929 0.014447697607716123 -0.020592465475783684 0.0032415259705171093 -0.031651233459256363 -0.018918112284556879 -0.038528731217362701 0.011166582793417958 0.0090584452152601171 2.297192720063253e-05 -0.014048068588727142 0.0099780882083851368 -0.019012477939407121 -0.0018437158274301757 -0.0099237401467502026 -0.0069595208224766045 -0.0093388301148233828 0.020043357391663595 0.0068365094655132869 0.011891424152953198 -0.026357706607586726 0.0061642058736377896 -0.00065963338490992681
leaf_weight=246 411808 4802 119 308 2423 44345 146321 228 67 1023 600304 660 9996 1003 68605 801 3753 785 2212 1449 559 2205 333 185 300 5027 441 74643 21775 17801 307 416 68 58 122 2635 611 367 57 430 199 256 443 194 123 661 310 1628 2355487 365 2875 437 974 1040 6069 422 915 1862 794 547 4168 24258
leaf_count=246 411808 4802 119 308 2423 44345 146321 228 67 1023 600304 660 9996 1003 68605 801 3753 785 2212 1449 559 2205 333 185 300 5027 441 74643 21775 17801 307 416 68 58 122 2635 611 367 57 430 199 256 443 194 123 661 310 1628 2355487 365 2875 437 974 1040 6069 422 915 1862 794 547 4168 24258
internal_value=6.91555e-07 -5.43789e-05 -0.000435524 -0.00464086 -0.00999185 5.2224e-05 0.000783229 -0.000392735 -0.00423432 -0.00377532 -0.000357197 -0.00116558 -0.00109395 -0.0112006 -3.90265e-06 0.00260021 -0.000770463 0.00851606 0.0105542 0.0160341 0.00372121 0.00218504 0.00688574 0.010008 -0.00538597 -0.00548452 -0.0165633 -0.0010077 0.000482462 -0.00148255 -0.00348743 -0.0126076 -0.0156542 -0.0193698 -0.000961613 0.00410468 0.00567748 -0.00182782 -0.0231199 -0.0247017 -0.0163468 -0.00526721 -0.00894772 -0.0166952 0.00954443 -0.0349999 0.00369053 0.0121707 -1.91508e-05 -0.000894636 0.00535731 -0.0011034 -0.00103175 0.000684876 -0.00182618 0.00750562 0.00780418 0.0111881 -0.000181957 0.000158402 -0.00016314 0.000340921
internal_weight=3.83362e+06 3.42182e+06 747877 7533 2731 2.67394e+06 190666 740344 6786 6719 733558 133254 132594 1122 2.48327e+06 14456 9209 5247 4446 2234 5456 4897 2692 2146 546 5696 669 131472 31771 99701 20563 2762 2346 1968 79138 4495 4179 1421 1661 1603 885 455 1054 316 2758 718 378 1961 2.46882e+06 113331 3662 109669 109232 34558 74674 3297 3751 2777 30807 29767 28973 28426
internal_count=3833625 3421817 747877 7533 2731 2673940 190666 740344 6786 6719 733558 133254 132594 1122 2483274 14456 9209 5247 4446 2234 5456 4897 2692 2146 546 5696 669 131472 31771 99701 20563 2762 2346 1968 79138 4495 4179 1421 1661 1603 885 455 1054 316 2758 718 378 1961 2468818 113331 3662 109669 109232 34558 74674 3297 3751 2777 30807 29767 28973 28426
is_linear=0
shrinkage=0.05


Tree=111
num_leaves=63
num_cat=0
split_feature=0 1 10 8 13 2 2 6 11 10 4 2 2 2 0 5 2 13 1 7 13 9 10 1 4 13 10 4 2 2 10 1 0 6 0 4 1 13 11 9 1 2 2 4 0 0 5 2 1 10 13 5 7 1 10 7 10 4 13 10 4 2
split_gain=35.3755 71.9454 99.1135 90.6123 77.7417 78.5235 104.199 56.1498 58.5017 55.1395 51.7181 86.6171 137.419 91.9953 86.8975 73.7016 73.6067 69.1204 67.0089 93.5111 69.8126 73.9421 67.7477 65.3531 65.0651 86.8042 64.9882 61.7937 58.7802 120.808 80.0148 60.7266 71.6498 63.4689 119.4 88.2337 69.7474 71.9691 64.4826 63.3837 57.8 51.4938 63.2709 72.8658 56.7313 50.1772 49.5312 51.9055 49.3582 66.6507 49.1201 49.0276 47.7975 47.54 47.2028 47.0518 46.7952 46.786 59.4754 79.1246 102.541 118.525
threshold=0.0013495331350436258 64.739665479462317 14.54166666666667 0.0016751323943865535 2.2500000000000004 0.054759594752825748 0.050903612227918775 0.0014096916348194102 0.71875000000008504 15.208333333333334 15.373464290024794 -0.072081480832530659 -0.13345089763804671 -0.068085389591533568 0.0010731675828695995 1.8638851505005392 -0.23497402227458938 2.2500000000000004 54.823515633142641 0.0013430291642668737 2.2500000000000004 -0.00045908413321345785 15.375000000000002 55.08750638394509 12.044106454358202 2.7500000000000004 14.458333333333334 13.965577974883958 0.014992999403379073 -0.026838307869113637 14.54166666666667 53.755033629784229 0.0012701775808214341 -0.0005745659953785286 0.0012019726205368868 14.338847090229029 52.483411233688152 2.2500000000000004 0.040000000000065948 4.1310365052475549e-05 49.298884430867886 0.049671715003621782 0.011038789801083889 11.176469268324473 0.0011385095547959822 0.0013399874377175386 0.70764828101572519 0.014191359642121528 50.565293097516154 13.79166666666667 2.2500000000000004 3.3195740637813524 -0.0026924721652646362 60.248837346925242 13.875000000000002 0.0014536141455494536 14.04166666666667 42.249574306859778 2.7500000000000004 13.54166666666667 23.591792104443964 -0.091645602692310368
decision_type=2 2 2 2 2 2 2 2 2 2 2 2 2 2 2 2 2 2 2 2 2 2 2 2 2 2 2 2 2 2 2 2 2 2 2 2 2 2 2 2 2 2 2 2 2 2 2 2 2 2 2 2 2 2 2 2 2 2 2 2 2 2
left_child=1 7 54 4 -4 6 -6 10 55 51 11 12 15 17 -14 26 -12 -13 28 20 -20 -22 41 -21 25 -16 27 -1 29 -15 -31 33 -33 -32 36 38 37 -35 45 46 -37 42 43 -23 -45 -36 -39 -48 -30 -50 -51 -5 -26 -28 -3 -9 -19 58 -18 -60 -61 -62
right_child=-2 2 3 9 5 -7 -8 8 -10 -11 16 13 14 18 24 -17 57 56 19 23 21 22 -24 -25 52 -27 53 -29 48 30 31 32 -34 34 35 40 -38 39 -40 -41 -42 -43 -44 44 -46 -47 47 -49 49 50 -52 -53 -54 -55 -56 -57 -58 -59 59 60 61 -63
leaf_value=-0.0034569031372472209 4.7946336772245431e-05 -0.0028771979598828544 -0.0029906492904849249 0.00048249234080798248 -0.016758633900117496 -0.037418196909585033 0.020638366500930032 -0.0079851146882325003 -0.0078597515971486533 0.0139325668540182 -0.020505030913032126 0.00051159294890850543 -0.0046503440430953709 0.0011019078453442658 0.0059532091733052982 0.0079313854208683306 -0.00047004099153274531 -0.013033913475533544 -0.0014479954934898352 -0.048481183282790649 -0.039477965267641205 -0.0245358906042169 0.027886771510044733 0.003343121659245208 -0.038467170980017062 0.030320003195391104 -0.0079561808249775153 0.0059274282985603312 -0.00022740961531638945 -0.0025879904714288587 -0.017568586516345016 0.020013618573807835 -0.04210750379562378 -0.0028388348128097702 -0.020154763361161968 0.020983920922646157 0.0095851734488123317 0.0054659031885714573 0.012600436919799621 -0.0062402990154613947 -0.0320753955572355 0.0094204302727253445 -0.018838424586348716 0.0070177370537568146 -0.0083239322453791415 0.027869645027971981 -0.031146393766261868 0.0043477344829424298 -0.00097739335482141814 0.0011760038712279462 0.015639785093353516 -0.022456010687546653 0.0067654811349469011 -0.02953180965781212 0.0064780035385363617 0.010551374797286885 -0.034781450823682655 -0.0029686900218081156 -0.0006359207500418922 0.00050798255285803228 -0.0036109823290577992 0.0054138026381344104
leaf_weight=7720 3467842 3840 1460 986 2391 409 202 547 4620 553 431 549 1471 16830 733 1778 116812 643 3358 62 210 559 120 3232 59 729 1714 2270 18667 18090 1351 57 250 1018 289 65 359 121 1470 653 244 323 1830 759 2924 67 1164 113 2205 882 1755 305 5780 300 2078 915 402 11283 41257 43584 4185 27840
leaf_count=7720 3467842 3840 1460 986 2391 409 202 547 4620 553 431 549 1471 16830 733 1778 116812 643 3358 62 210 559 120 3232 59 729 1714 2270 18667 18090 1351 57 250 1018 289 65 359 121 1470 653 244 323 1830 759 2924 67 1164 113 2205 882 1755 305 5780 300 2078 915 402 11283 41257 43584 4185 27840
internal_value=-1.44863e-06 -0.000468351 -0.00423978 -0.00860133 -0.0124544 -0.017057 -0.0138453 -0.000338358 -0.00510118 0.000721998 -0.000255253 -0.00119452 0.00154451 -0.00196078 0.00643653 -0.00156918 0.000139663 -0.0138533 -0.0017209 -0.00494632 -0.00733573 -0.0102757 -0.00933436 0.00236768 0.00867031 0.0181033 -0.00297638 -0.00132453 -0.00106368 -0.00218115 -0.00436414 -0.00881374 -0.0305736 -0.00784754 -0.00548675 0.00379519 -0.0112677 -0.0137069 0.00797655 -0.0191012 -0.0209141 -0.0100328 -0.0110676 -0.00771529 -0.00516229 -0.0111165 -0.0251085 -0.0280056 0.000939421 0.00543782 0.0108021 -0.00493675 0.00630843 -0.01117 0.000407714 0.00361604 -0.0214 0.000175987 0.000327825 0.00112532 0.00208637 0.00423445
internal_weight=3.83472e+06 366873 12224 6306 4462 3002 2593 354649 6082 1844 348567 103175 22554 80621 8772 13782 245392 1594 79027 13377 10083 6725 6515 3294 7301 1462 12004 9990 65650 42141 25311 7221 307 6914 5563 2135 3428 3069 1826 2051 309 6395 6072 4242 3683 356 1398 1277 23509 4842 2637 1291 5839 2014 5918 1462 1045 244961 233678 116866 75609 32025
internal_count=3834715 366873 12224 6306 4462 3002 2593 354649 6082 1844 348567 103175 22554 80621 8772 13782 245392 1594 79027 13377 10083 6725 6515 3294 7301 1462 12004 9990 65650 42141 25311 7221 307 6914 5563 2135 3428 3069 1826 2051 309 6395 6072 4242 3683 356 1398 1277 23509 4842 2637 1291 5839 2014 5918 1462 1045 244961 233678 116866 75609 32025
is_linear=0
shrinkage=0.05


Tree=112
num_leaves=63
num_cat=0
split_feature=12 10 6 7 2 2 7 5 2 8 1 2 3 3 3 10 5 8 2 3 0 11 2 2 0 7 1 6 3 1 1 8 8 7 8 1 3 6 5 5 0 0 1 1 3 7 1 0 5 2 3 9 9 7 8 2 6 9 6 5 7 7
split_gain=47.5808 41.9194 60.4702 55.7066 48.1607 42.6517 54.4892 47.8386 67.3131 52.1653 43.7834 38.5931 38.2071 57.4897 37.4095 36.4433 59.5314 73.3583 65.0399 60.0651 60.2135 49.8853 56.4309 49.7555 61.4308 53.7375 57.0024 52.9218 57.1552 51.1313 48.3802 59.7732 46.3619 57.9846 51.7119 46.3546 45.8171 59.3288 46.6242 48.5214 45.7989 63.8728 58.0306 44.0655 42.4363 51.2203 56.863 45.0386 39.302 38.5536 38.4055 36.6216 47.555 50.3594 94.3559 52.4761 42.1201 35.5987 35.1539 34.7454 73.075 42.1595
threshold=1.1250000000000002 15.375000000000002 -0.00015252330796677868 0.0026496071757095012 -0.11905820546970869 0.045727579404700874 -0.00043761282336512991 1.8956552634403725 1.0000000180025095e-35 0.001695148893776583 40.34685118666372 -0.023683604839015861 4.0706872243789396e-05 0.0012468394850857938 0.00060792558660490413 14.958333333333334 1.5192481086967782 0.0013269255352617744 -0.022886464498165952 0.0042551332351823028 0.0040185402417233463 0.031249999999994314 0.066789464457214245 -0.21865890067952651 0.0017145803098333678 -0.0014421690355405079 45.307782626585997 0.0010954402505817253 -0.0009994187297426209 50.896332622858061 20.721234545651999 0.0063627431841676079 0.0017735446264738575 0.001743715359977416 0.0026417997610746267 44.280107512888712 0.0026483200813930022 5.6249326961022035e-05 0.86027910339307245 1.0811336046600721 0.0036636380808820709 0.0027966766662306602 66.013134394839284 24.110567362115308 -0.0069834084084211424 -0.0043558196317369782 27.926331054869738 0.0040784273578857643 1.7546885978649909 0.097167976504954609 -0.00050987516519622651 0.00046232085067035545 0.00045376802480189736 -0.0021877052020576877 0.0026417997610746267 0.049671715003621782 0.0009005910128874196 6.6246006736382206e-05 0.0010688842611408236 1.1208619836119209 0.00043980649147412626 -0.00024222092526771097
decision_type=2 2 2 2 2 2 2 2 2 2 2 2 2 2 2 2 2 2 2 2 2 2 2 2 2 2 2 2 2 2 2 2 2 2 2 2 2 2 2 2 2 2 2 2 2 2 2 2 2 2 2 2 2 2 2 2 2 2 2 2 2 2
left_child=1 15 4 5 -3 7 -7 8 -4 11 -8 12 -9 -14 -6 -1 19 21 23 32 -21 22 50 29 -25 26 30 28 -28 35 -26 -32 59 34 36 -19 37 38 -34 -40 41 -27 -43 -23 -20 46 -46 49 -45 51 -18 52 53 54 -47 -56 -54 -22 -10 60 61 -17
right_child=-2 2 3 -5 14 6 10 9 58 -11 -12 -13 13 -15 -16 16 17 18 44 20 57 43 -24 24 25 40 27 -29 -30 -31 31 -33 33 -35 -36 -37 -38 -39 39 -41 -42 42 -44 48 45 47 -48 -49 -50 -51 -52 -53 56 -55 55 -57 -58 -59 -60 -61 -62 -63
leaf_value=-0.00032415218928419571 9.3537386415125492e-05 0.021550657020674813 -0.012662064387973708 0.012221565139599336 0.0093263182669686955 0.012248699505472443 -0.047507734637741654 0.019719378524516003 0.017006858448349042 0.010071577110816804 -0.013046820113557067 -0.023587765330853671 -0.045895854242750118 0.018818232510238887 -0.0042719978984300201 -0.0030256828108454138 0.033014789180322128 -0.0083520055643766435 0.018871727321917813 -0.025275730787815448 0.022558140168424515 -0.031482592742053832 -0.027943928257839104 -0.003639576497854121 -0.028212283680151252 0.0059179236473661662 -0.052869619880661828 -0.054061586336350775 -0.003880017010593101 -0.021277123151055302 0.0075498465880626392 -0.02572522473661867 -0.036957142047765783 0.020794103119440591 -0.011522281775725658 0.016987841832637789 -0.027257725730672613 0.021073526020126701 0.026461958727415871 -0.0032608136576430802 -0.017996610745698392 0.03785138988604575 0.0095255924636507283 0.012124593304480728 0.032380831129146075 0.016657822096373533 -0.021350476454932682 0.016360343699202393 0.00081384380228966533 -0.016837609063414551 0.010491048587605824 -0.013002720318573633 0.031267839434456692 -0.0049276414476854252 -0.01473923110029985 0.014267150109464471 -0.01782838882043444 -0.026202158740273231 -0.014975262034152234 -0.01082688155420795 0.015123244488615876 -0.028615917306427565
leaf_weight=588292 3195676 585 1169 780 1872 183 109 166 369 1495 597 230 74 64 693 615 275 649 192 668 122 98 74 3706 116 3546 66 71 608 498 1785 146 82 319 883 250 111 451 170 714 167 326 406 883 53 811 694 264 5898 604 607 1018 177 9794 614 209 58 54 112 2767 459 218
leaf_count=588292 3195676 585 1169 780 1872 183 109 166 369 1495 597 230 74 64 693 615 275 649 192 668 122 98 74 3706 116 3546 66 71 608 498 1785 146 82 319 883 250 111 451 170 714 167 326 406 883 53 811 694 264 5898 604 607 1018 177 9794 614 209 58 54 112 2767 459 218
internal_value=1.47757e-05 -0.000379063 0.00310923 -0.000127768 0.00860492 -0.00223645 -0.012065 0.000138532 -0.00618403 0.00528009 -0.0183673 -0.00813426 0.00355753 -0.0158835 0.00565239 -0.000426072 -0.00184367 -0.000963415 -0.00220646 -0.00584108 -0.0184206 0.00329292 0.0139951 0.00046109 0.00159548 0.0042763 -0.00116005 -0.0130024 -0.00867722 -0.00842484 0.00314996 0.00503397 -0.00427721 0.000760997 -0.00188959 -0.00130533 0.00367695 0.0061002 -0.000890449 0.0024551 0.00769099 0.00869376 0.0221406 0.00180561 -0.00447852 -0.00479212 -0.0175382 -0.00408938 0.00228669 -0.00449576 0.0175138 -0.00390792 -0.00311408 -0.00357192 0.00455412 -0.00737309 0.0191505 0.00759759 0.00955988 -0.0076658 -0.000895894 -0.00972277
internal_weight=3.83476e+06 639086 8498 5348 3150 4568 889 3679 1650 2029 706 534 304 138 2565 630588 42296 34663 26828 7633 844 7835 956 12340 10943 7237 2792 745 674 1397 2047 1931 6789 2730 2411 899 1528 1417 966 884 4445 4278 732 6879 14488 14296 747 13549 6781 13285 882 12681 11663 11428 1634 823 235 176 481 4059 1292 833
internal_count=3834762 639086 8498 5348 3150 4568 889 3679 1650 2029 706 534 304 138 2565 630588 42296 34663 26828 7633 844 7835 956 12340 10943 7237 2792 745 674 1397 2047 1931 6789 2730 2411 899 1528 1417 966 884 4445 4278 732 6879 14488 14296 747 13549 6781 13285 882 12681 11663 11428 1634 823 235 176 481 4059 1292 833
is_linear=0
shrinkage=0.05


Tree=113
num_leaves=63
num_cat=0
split_feature=12 10 13 13 9 9 9 5 9 8 11 3 2 11 2 9 4 2 9 3 0 3 9 0 2 2 0 2 10 9 6 0 5 8 6 11 10 3 10 3 2 0 0 11 13 2 2 2 2 13 6 2 11 10 10 9 13 13 2 2 2 0
split_gain=41.7757 48.0188 195.741 71.0024 47.9595 73.9246 78.3223 85.2655 79.045 54.2305 53.4576 59.6226 56.209 58.7559 54.608 47.226 47.2228 54.2899 56.9609 89.0894 75.6241 79.0219 66.7425 71.6163 75.3743 97.5138 93.379 104.754 79.6305 76.0039 68.2618 66.2617 65.9532 63.848 70.3903 60.4963 63.8818 59.5969 58.9115 106.684 58.3436 77.0528 62.5473 61.5631 57.9945 60.1718 63.9293 57.8581 59.1641 55.4923 59.2056 57.1751 51.3523 51.2095 50.8881 76.1596 53.9283 49.4844 49.4664 57.8527 66.6918 48.6771
threshold=1.8750000000000002 15.375000000000002 2.7500000000000004 1.7500000000000002 -0.00051748993693409876 -0.00044068637202844719 -0.00012883070306214442 1.3390041643297177 -5.0048797608934255e-05 0.014552832206024333 0.73636363636363511 0.0033817222704283496 -0.015800708370546163 0.68280956848027341 -0.04668996884787769 -0.0007274265524258661 13.838898823915734 0.10629896105001548 -0.0002060191956396502 0.00065803294684517878 0.0017497198650184103 0.00081954146950357482 -5.6225577414863249e-05 0.0012423332632078875 0.01930039719212474 0.026761381170700076 0.0015256246482228707 -0.0079138991746589334 13.125000000000002 -5.2187981427714813e-05 0.0015077233819394966 0.001303203632956579 4.009773112172712 0.00080306432459749659 -0.00053747764903611095 0.60714285714283689 13.54166666666667 -0.00017858560434838751 14.958333333333334 -0.0027661261434401524 -0.2672375368403454 0.0025338930482077817 0.0010963956351604436 0.41176470588237052 2.7500000000000004 0.058901742352866639 0.054759594752825748 0.027841359636806163 0.067589782958785607 1.7500000000000002 -0.00046002568899272672 0.050298180056766333 0.040000000000065948 14.625000000000002 13.625000000000002 -0.00011942794538322684 2.7500000000000004 2.2500000000000004 -0.20150058846806043 -0.064617511613257711 -0.06362957987855189 0.0011192457152150077
decision_type=2 2 2 2 2 2 2 2 2 2 2 2 2 2 2 2 2 2 2 2 2 2 2 2 2 2 2 2 2 2 2 2 2 2 2 2 2 2 2 2 2 2 2 2 2 2 2 2 2 2 2 2 2 2 2 2 2 2 2 2 2 2
left_child=1 16 3 -3 15 -6 7 -7 10 -10 11 12 13 14 -8 -4 17 18 20 22 21 35 54 33 26 37 28 32 -25 53 -29 -31 38 34 57 36 -1 -26 -28 -40 43 42 -42 -21 -35 46 -46 -27 -49 -38 -51 -52 -33 -30 -20 -56 -57 -24 -36 -60 -61 -44
right_child=-2 2 4 -5 5 6 8 -9 9 -11 -12 -13 -14 -15 -16 -17 -18 -19 19 40 -22 -23 23 24 25 47 27 30 29 31 -32 52 -34 44 58 -37 49 -39 39 -41 41 -43 61 -45 45 -47 -48 48 -50 50 51 -53 -54 -55 55 56 -58 -59 59 60 -62 -63
leaf_value=-0.0051262968992987551 0.00022707918807577003 -0.0065989925343152914 -0.013070692915421029 0.00024386465587280856 -0.0084158738655920537 -0.010036691386873525 -0.0030784185848715491 0.01935250458682793 0.0061019092794851425 -0.040779442292067314 0.020350927993747759 -0.046510613365815238 -0.024121696131671977 -0.045559965632855894 0.029594333523727326 0.030294769787613085 -8.1518088869597446e-05 -0.0064457399406063088 0.0010605796786806105 -0.03693843982219696 -0.00049877062240194666 0.0042025981910395445 0.005333974580502227 0.00038562479473409564 -0.016882792024614953 0.017798833338664242 -0.0013072308047396221 0.003605365563329781 -0.0026286577989288185 -0.0010087561665862693 0.024295386154967621 0.019028951901867344 -0.020111194838488076 -0.0018106523354337743 -0.01380828967394677 -0.0010741411757974268 -0.00066316053612021407 0.000595181402065912 -0.036524914733825194 0.011625070353249211 0.013879565216267287 0.0036895609036237949 -0.030761095955505136 -0.0041919873906810737 -0.0085346998597051194 0.034306851215660572 -0.042612025308866944 -0.0024517422947040561 0.003750821964234543 -0.024541219069135398 -0.01442618705431886 0.010280841093181689 0.0073725615478391713 -0.035728169911226647 0.0014636757151538673 0.0058777005724247088 0.019748823754575109 -0.041761639575103683 0.0095108211243800089 -0.019743556529283526 0.0009583183073257201 -0.0032041574826200134
leaf_weight=4223 1278367 5697 77 11330 951 288 557 1725 12161 62 161 104 334 64 166 340 2304145 4251 10110 250 15908 1759 84 10659 1641 402 41709 10121 457 2216 415 1041 453 6014 534 2962 656 694 124 1592 536 4790 161 337 5756 80 141 21025 4705 1371 1683 272 10232 157 3062 1390 1413 166 1924 415 6219 34481
leaf_count=4223 1278367 5697 77 11330 951 288 557 1725 12161 62 161 104 334 64 166 340 2304145 4251 10110 250 15908 1759 84 10659 1641 402 41709 10121 457 2216 415 1041 453 6014 534 2962 656 694 124 1592 536 4790 161 337 5756 80 141 21025 4705 1371 1683 272 10232 157 3062 1390 1413 166 1924 415 6219 34481
internal_value=-6.29844e-06 -0.000122986 0.00174305 -0.00204566 0.00554 0.00511862 0.00594254 0.0151478 0.00458093 0.00586411 -0.00673529 -0.0102952 -0.00693533 0.000358504 0.00442321 0.0222872 -0.000148148 -0.00085049 -0.00073952 -0.000418168 -0.00280696 -0.00564765 0.000161415 -0.00021618 0.000308331 -0.00189822 0.00110168 -5.66609e-05 0.0036471 0.00611212 0.00442032 0.00689523 -0.00113168 -0.00286278 0.000236247 -0.00719924 -0.00941039 -0.0116881 -0.000933685 0.0081457 -0.0024897 -0.00225987 -0.00306998 -0.0181385 -0.00527719 -0.00876518 -0.0093495 -0.00102346 -0.00131754 -0.0139538 -0.0165751 -0.0109887 0.00844897 -0.0110922 0.00320997 0.00691507 0.0128702 -0.0259375 0.000955939 0.00187719 -0.000336719 -0.00333223
internal_weight=3.83512e+06 2.55675e+06 34017 17027 16990 16573 15622 2013 13609 12223 1386 1225 1121 787 723 417 2.52274e+06 218591 214340 185506 28834 12926 144951 128976 107643 28467 79176 54414 24762 14103 10536 13489 43878 21333 9342 11167 8205 2335 43425 1716 40555 39968 35178 587 11991 5977 5897 26132 25730 3982 3326 1955 11273 614 15975 5865 2803 250 9092 8558 6634 34642
internal_count=3835120 2556753 34017 17027 16990 16573 15622 2013 13609 12223 1386 1225 1121 787 723 417 2522736 218591 214340 185506 28834 12926 144951 128976 107643 28467 79176 54414 24762 14103 10536 13489 43878 21333 9342 11167 8205 2335 43425 1716 40555 39968 35178 587 11991 5977 5897 26132 25730 3982 3326 1955 11273 614 15975 5865 2803 250 9092 8558 6634 34642
is_linear=0
shrinkage=0.05


Tree=114
num_leaves=63
num_cat=0
split_feature=0 8 5 13 2 2 10 4 13 10 2 2 6 0 0 8 2 10 9 7 9 5 1 4 8 1 0 7 0 10 3 7 10 5 4 9 8 1 13 10 10 3 3 0 10 5 13 0 0 0 8 10 6 0 1 13 4 1 0 3 0 2
split_gain=41.4672 56.375 56.9709 64.5175 51.1703 77.8595 154.252 73.8655 73.2607 67.3684 61.8929 108.127 63.7572 58.4263 99.838 63.2469 52.6045 81.2738 90.3967 107.163 130.315 104.098 76.01 75.2068 69.7848 66.8436 65.0734 63.0808 54.0675 53.9415 51.4959 64.7603 51.4086 73.5513 68.9922 59.2511 73.062 55.5507 54.4627 49.492 80.6357 108.022 55.916 48.6647 49.8657 48.5802 47.9989 47.565 45.3051 44.9118 47.2727 48.5546 61.7552 43.9313 43.7944 43.1547 42.6249 42.5995 52.6423 69.8995 58.4256 58.2006
threshold=0.0018555137624289388 0.002553131959838412 0.84741671948161446 1.7500000000000002 -0.21865890067952651 -0.078949567861842804 14.958333333333334 10.618155084203174 3.2500000000000004 13.958333333333334 0.010069300628684313 0.012812002228152932 -0.00088244219155586545 0.002447044795710162 0.0022657897307915261 0.0020590464732520709 -0.0094645576903086732 14.79166666666667 -0.00025740025766671188 0.0030865919286834358 0.0002129698653677969 1.5192481086967782 48.824052784667948 18.486126548560065 0.0012992950129031091 80.540046507860481 0.0018620153782140318 0.00045772304308489003 0.0032871055636741696 12.375000000000002 0.0046722397256700699 -1.0000000180025095e-35 14.708333333333334 1.8638851505005392 39.330266926197275 -5.0625221485355505e-05 0.0021663709145809239 61.883372600530912 2.7500000000000004 14.625000000000002 13.54166666666667 0.0025161048648284687 -6.8967709204241333e-05 0.0035519966193308123 14.708333333333334 3.1988914211864166 2.7500000000000004 0.0040185402417233463 0.0027819060838327552 0.0030184250260551202 0.0010422203463387966 15.04166666666667 -0.00043047783039168447 0.0025448478105859628 76.170305533210197 2.7500000000000004 39.330266926197275 39.518014822341421 0.0026776302352125871 0.0064925136972438305 0.0032871055636741696 -0.11905820546970869
decision_type=2 2 2 2 2 2 2 2 2 2 2 2 2 2 2 2 2 2 2 2 2 2 2 2 2 2 2 2 2 2 2 2 2 2 2 2 2 2 2 2 2 2 2 2 2 2 2 2 2 2 2 2 2 2 2 2 2 2 2 2 2 2
left_child=-1 2 49 -4 13 6 32 9 -8 -7 16 12 -12 14 45 -16 23 25 -19 20 21 -20 56 24 29 39 -26 48 -27 -9 31 -24 -6 34 35 37 -37 -34 -35 40 -18 -42 -41 -13 -45 -5 -17 -3 -22 50 -2 -52 -53 -15 55 -32 -23 -10 59 61 -60 -59
right_child=1 47 3 4 5 7 8 10 57 -11 11 43 -14 53 15 46 17 18 19 -21 27 22 30 -25 26 28 -28 -29 -30 -31 54 -33 33 38 -36 36 -38 -39 -40 42 41 -43 -44 44 -46 -47 -48 -49 -50 -51 51 52 -54 -55 -56 -57 -58 58 60 -61 -62 -63
leaf_value=-0.00022011816266651824 0.00084834739133895988 -0.00035574035390062057 -0.00062693034381721465 8.7362703597224179e-05 0.0020749271992298833 0.00069255681473363948 0.0044568117708841627 -0.0013872249265147081 0.021533706068737075 0.017460413526869684 -0.0040350742792771184 0.0014846963034373479 0.01485339463389829 0.009454530815577851 -0.0034585146047655516 -0.0067886613162319413 0.00070577154693509249 0.0068673711946353327 0.0013364550821056969 -0.027764753187165675 0.01035129948717649 -0.030952249826104557 -0.01691615917917454 -0.00028847146612050542 -0.029562666017642233 -0.026976245901380088 0.002803785606239886 0.022517278404873716 0.026127412915229797 0.01862413378108127 -0.006946805588022591 0.016882489457896915 0.015154355549637009 -0.00081537924087415762 0.015072217030323291 -0.011569059072505862 0.0062711462350527247 -0.014538714645725743 -0.02640870511092527 -0.0020564939380697217 -0.01105514102245366 0.01268392410953488 0.018769844741726733 -0.00097739661925035927 -0.01923486939583844 -0.016686579417851236 -0.023023093014012352 0.00044557407054735443 -0.018361142194271089 0.00078944687192594037 -0.00016876006735170148 -0.02423602610576053 -0.00078271394758893742 0.00042709088619244368 0.023849641826917539 -0.035093073050181077 0.016010893618359286 0.011984911451610689 0.025639633521249025 -0.030056944969764427 -0.011804880164563656 -0.0025589523758412602
leaf_weight=1403365 130946 770866 60301 10584 55460 1133 8526 463 933 1271 554 96095 2308 1683 1841 763 16323 953 1014 721 305 918 264 56781 157 373 14288 456 55 1235 229 306 680 342 614 2037 799 205 530 593 3156 565 706 1114 563 450 1129 243750 250 212094 709714 476 684 6764 53 336 51 2908 790 121 120 901
leaf_count=1403365 130946 770866 60301 10584 55460 1133 8526 463 933 1271 554 96095 2308 1683 1841 763 16323 953 1014 721 305 918 264 56781 157 373 14288 456 55 1235 229 306 680 342 614 2037 799 205 530 593 3156 565 706 1114 563 450 1129 243750 250 212094 709714 476 684 6764 53 336 51 2908 790 121 120 901
internal_value=-3.71197e-06 0.000121235 0.00032507 0.000866165 0.00116452 0.00135248 0.00273006 0.000845228 0.00740178 0.00955776 0.00074112 0.00161774 0.0111971 -0.00109087 -0.00298803 -0.0100562 -0.000136228 -0.00199427 -0.00722325 -0.00996206 -0.00689278 -0.0118765 -0.0180879 0.000567687 0.00357912 -0.000587774 0.002452 0.00873861 -0.0201522 0.0131676 -0.00961101 0.00122838 0.00162895 -0.00312121 -0.000455977 -0.00301828 -0.00654285 0.0082763 -0.016371 -0.000195441 -0.000808386 -0.00745058 0.00926252 0.00133733 -0.00710677 -0.00059673 -0.0164761 -0.000163234 -0.00258223 0.000139178 -2.46554e-05 -0.000185466 -0.0104067 0.00222574 -0.0196085 -0.0236851 -0.0284805 0.0117511 0.00986536 0.00735614 0.0207019 0.00854463
internal_weight=3.83396e+06 2.4306e+06 1.41598e+06 362070 301769 278555 74966 203589 14299 2404 201185 100634 2862 23214 14767 3733 100551 27627 5856 4903 4182 3171 2157 72924 16143 21771 14445 1011 428 1698 1188 570 60667 5207 4335 3721 2836 885 872 21343 20044 3721 1299 97772 1677 11034 1892 1.01462e+06 555 1.05391e+06 841820 710874 1160 8447 618 565 969 5773 4840 3930 910 3809
internal_count=3833965 2430600 1415984 362070 301769 278555 74966 203589 14299 2404 201185 100634 2862 23214 14767 3733 100551 27627 5856 4903 4182 3171 2157 72924 16143 21771 14445 1011 428 1698 1188 570 60667 5207 4335 3721 2836 885 872 21343 20044 3721 1299 97772 1677 11034 1892 1014616 555 1053914 841820 710874 1160 8447 618 565 969 5773 4840 3930 910 3809
is_linear=0
shrinkage=0.05


Tree=115
num_leaves=63
num_cat=0
split_feature=0 2 2 7 10 4 1 0 6 0 5 0 4 12 12 7 12 10 13 6 0 10 1 1 0 2 1 12 4 0 8 13 12 1 0 12 10 13 12 6 1 1 4 10 2 2 12 10 4 12 0 10 2 8 13 5 8 13 10 2 10 10
split_gain=46.3745 40.2062 59.39 71.4549 54.4502 119.965 89.963 142.667 47.9018 47.3915 46.0067 50.8512 43.8702 45.6037 43.7303 39.0729 38.1893 38.7884 66.9588 50.0684 37.6876 90.9042 85.8696 61.1935 60.3568 55.5815 68.8846 55.5846 45.3768 46.1774 44.8823 54.5314 46.2012 39.1251 57.3906 62.6319 41.6294 44.1656 43.9727 39.6042 38.5814 46.9595 45.2858 44.852 59.779 48.4376 47.3485 45.7193 42.5713 57.4725 54.4573 40.6302 37.3156 36.65 42.3001 36.3011 37.3766 35.8171 44.0836 35.8133 34.9845 34.8963
threshold=0.0072247202833960441 0.13385620961730396 0.087754980944838648 0.0073950004814240531 14.29166666666667 16.039041310283753 52.252368502456015 0.0026201932798462905 -0.0021446769380707438 0.0026474662730167934 0.50810664067662448 0.0026930789988567337 25.81949751752644 1.3750000000000002 1.6250000000000002 -0.014283349820785272 1.1250000000000002 15.375000000000002 1.7500000000000002 5.6249326961022035e-05 0.0030363758860638169 14.54166666666667 32.965090702587808 75.132125677764577 0.0021632176634864921 0.12403346632871261 44.5392247880472 1.6250000000000002 11.42482873397125 0.0020480431337254238 0.011488514354904314 2.2500000000000004 1.6250000000000002 65.019317375980634 0.0013399874377175386 1.6250000000000002 13.208333333333334 2.2500000000000004 1.6250000000000002 -0.00019245111441229532 58.145831566837664 45.307782626585997 42.249574306859778 9.7916666666666696 0.10162391666240064 0.10629896105001548 2.2500000000000004 13.458333333333334 32.09803898638274 1.6250000000000002 0.0022748472761898704 14.458333333333334 0.09268775273123446 0.014552832206024333 2.7500000000000004 1.8075194830583807 0.0024296053825256844 2.2500000000000004 14.54166666666667 0.10162391666240064 15.208333333333334 13.54166666666667
decision_type=2 2 2 2 2 2 2 2 2 2 2 2 2 2 2 2 2 2 2 2 2 2 2 2 2 2 2 2 2 2 2 2 2 2 2 2 2 2 2 2 2 2 2 2 2 2 2 2 2 2 2 2 2 2 2 2 2 2 2 2 2 2
left_child=1 2 16 20 10 -6 9 -8 -5 -7 -3 -12 -9 -14 52 -2 17 -1 -19 -20 22 -22 24 25 57 28 -27 -28 -24 33 31 -23 -33 34 35 39 -35 -38 -39 -30 41 43 48 -31 47 46 -46 -45 50 51 -42 55 -10 54 -54 56 59 -4 61 -50 -43 -59
right_child=15 4 3 8 5 6 7 12 14 -11 11 -13 13 -15 -16 -17 -18 18 19 -21 21 30 23 -25 -26 26 27 -29 29 40 -32 32 -34 36 -36 -37 37 38 -40 -41 42 60 -44 44 45 -47 -48 -49 49 -51 -52 -53 53 -55 -56 -57 -58 58 -60 -61 -62 -63
leaf_value=-0.00042949700818496311 0.0096333802881068686 -0.0039946594040174655 -0.0029141392403329905 -0.01460990679011611 -0.02112140737712111 0.0001037049112359925 0.0015095350055182005 -0.040873240280446622 -0.00083328430411181873 0.017294936619684072 0.003139654143759689 -0.0022220013250998437 -0.038270726116264572 -0.0063940240252255047 0.0033747928198288113 0.0018362625217216832 4.9527072071619142e-05 -0.0071211601726584141 0.0096436843182187842 0.00105304132225913 0.001593776736720706 0.0022819270314865334 0.020119165686460643 0.013337913001054212 -0.0004011226162252701 0.001571511579653125 -0.01184674010887864 -0.0016401330122352772 0.0019001065743596932 0.014166692350849962 -0.017885768741874374 0.028596188326819212 0.010436306881125679 -0.0025664075342176846 0.0024864494689268084 0.0029995197943738991 0.0013366929260059377 0.033221063392209309 0.0098777269261733566 -0.035460611384894168 -0.0069256885192859391 0.0021523059412687394 0.0039871235835187068 -0.001390923748591628 -0.022108483329995571 -0.0040853956551864627 0.0083645143591817104 0.0091644902606301589 -0.0063807273992941482 -0.0019547542623872391 0.0055848110599893124 -0.03207156897807608 0.010679148107098111 -0.002004694340170407 0.026759190856618299 -0.028711595479588261 0.0022496966349008756 -0.016351533437038275 -0.035258116070021932 -0.022933931062137015 0.015771587401505853 0.00051951305669488261
leaf_weight=603699 1834 7918 923 242 1095 2039 1014 323 395 499 9297 8434 170 330 2314 12967 3059388 1353 3176 3640 29412 688 312 950 2656 4592 2688 2648 95 429 118 697 704 477 25105 370 402 406 401 280 1598 15834 2033 4837 764 3425 153 1302 837 2478 1909 245 813 244 823 246 585 1197 234 536 486 412
leaf_count=603699 1834 7918 923 242 1095 2039 1014 323 395 499 9297 8434 170 330 2314 12967 3059388 1353 3176 3640 29412 688 312 950 2656 4592 2688 2648 95 429 118 697 704 477 25105 370 402 406 401 280 1598 15834 2033 4837 764 3425 153 1302 837 2478 1909 245 813 244 823 246 585 1197 234 536 486 412
internal_value=9.06293e-06 -1.75829e-06 1.294e-05 0.00111564 -0.00179165 -0.00632061 -0.00261619 -0.0110438 0.00707107 0.0034837 -0.000825791 0.000589307 -0.0265105 -0.0172321 0.00821441 0.00280241 -2.25912e-05 -0.000383188 0.00303911 0.00505596 0.000862072 0.00232817 0.000295679 0.000727061 -0.00578463 0.000568324 -0.00291808 -0.00678169 0.00109641 0.00100542 0.0121152 0.0138098 0.0194709 0.00256194 0.00208061 -0.0115955 0.00994181 0.0148768 0.0216217 -0.0259959 -0.000131546 0.000860183 -0.00271154 -0.00167936 -0.00232796 -0.00681796 -0.0170241 0.000847739 -0.00432624 -0.00732325 -0.000115725 -0.0127553 0.013137 0.0160722 0.0187683 -0.0106081 -0.0083336 -0.010954 -0.0149805 -0.0128429 0.00255788 -0.0120315
internal_weight=3.83547e+06 3.82067e+06 3.78955e+06 118295 31119 5470 4375 1837 4831 2538 25649 17731 823 500 4589 14801 3.67126e+06 611868 8169 6816 113464 31619 81845 76423 5422 75473 9928 5336 65545 65233 2207 2089 1401 27536 25850 745 1686 1209 807 375 37697 27230 10467 10910 10481 4342 917 6139 8434 4927 3507 2449 2275 1880 1636 2204 1958 2766 1843 1373 16320 1609
internal_count=3835471 3820670 3789551 118295 31119 5470 4375 1837 4831 2538 25649 17731 823 500 4589 14801 3671256 611868 8169 6816 113464 31619 81845 76423 5422 75473 9928 5336 65545 65233 2207 2089 1401 27536 25850 745 1686 1209 807 375 37697 27230 10467 10910 10481 4342 917 6139 8434 4927 3507 2449 2275 1880 1636 2204 1958 2766 1843 1373 16320 1609
is_linear=0
shrinkage=0.05


Tree=116
num_leaves=63
num_cat=0
split_feature=0 12 6 4 4 2 3 0 13 2 5 11 0 6 5 2 7 5 7 5 5 3 0 8 5 5 11 9 4 13 3 2 2 6 5 2 6 13 11 2 11 7 12 7 7 0 3 0 8 7 4 13 0 6 9 7 8 8 6 8 6 12
split_gain=37.684 34.6559 32.4401 36.2926 52.0629 64.3968 55.6958 48.7737 40.2611 37.9722 45.3094 37.6701 42.7806 41.544 41.154 38.1763 47.8843 50.5921 41.3645 40.8388 51.886 37.7245 37.574 59.2439 40.8094 37.1753 39.0706 37.1377 62.2751 46.5757 40.8702 49.572 55.9495 36.9129 63.3926 39.1202 36.4081 36.2033 35.9044 38.593 35.5519 36.891 34.8659 33.9952 44.509 33.7099 61.0244 64.4733 53.5868 49.1466 48.9702 46.7286 48.2513 68.9641 45.4442 86.09 60.4853 53.8609 52.9676 51.3743 44.9906 44.227
threshold=0.0072247202833960441 2.2500000000000004 -0.0012218723191960155 63.128626268424064 55.27872885119239 -0.24098185384994153 -0.0052494328538639562 0.0036636380808820709 1.7500000000000002 -0.18090721277700053 0.74484074731287675 0.90909090909089751 0.0015421668759860515 0.0093818531187076521 0.68278780677061135 -0.22151760640376547 0.0046282244861884933 5.2157424184552719 0.00048603310064843091 1.92436441498178 1.8353187895335934 -0.0017825806131571301 0.0010963956351604436 0.00075126221489070467 3.1988914211864166 2.4615077628152298 0.73636363636363511 -1.0000000180025095e-35 46.22536278232517 2.2500000000000004 0.0094218931286363435 0.073471868810149332 -0.072081480832530659 0.0017957352195472345 2.2798951585276446 -0.017565818537146404 -0.00053747764903611095 2.2500000000000004 0.019607843137282005 0.084475413840724795 0.11764705882363466 -0.0014198360582987621 1.6250000000000002 0.0024443870665893379 0.0020784507058138062 0.0018555137624289388 -0.0040302131338157297 0.0014247097044344287 0.0010155493713937763 -0.0011090850055629484 47.286436884653945 2.2500000000000004 0.0018189120744760217 -0.00017229620846015423 0.0010775865197177493 -0.00044305293044322175 0.0059008246757925919 0.0048436507289409186 -0.00087405846428512113 0.0042192881240532224 0.001175859752274744 1.3750000000000002
decision_type=2 2 2 2 2 2 2 2 2 2 2 2 2 2 2 2 2 2 2 2 2 2 2 2 2 2 2 2 2 2 2 2 2 2 2 2 2 2 2 2 2 2 2 2 2 2 2 2 2 2 2 2 2 2 2 2 2 2 2 2 2 2
left_child=1 2 38 4 11 7 -7 8 -6 -8 -11 13 14 45 21 -16 17 18 19 20 -17 36 23 -20 -24 26 -15 28 -27 -29 31 32 -31 34 35 -5 -13 -12 39 -1 -39 -42 -10 44 -23 46 47 -4 -49 51 -51 -50 -53 -54 57 -56 60 59 -59 -48 -57 -58
right_child=-2 -3 3 33 5 6 9 -9 42 10 37 12 -14 25 15 16 -18 -19 22 -21 -22 43 24 -25 -26 27 -28 29 -30 30 -32 -33 -34 -35 -36 -37 -38 40 -40 -41 41 -43 -44 -45 -46 -47 54 48 49 50 -52 52 53 -55 55 56 61 58 -60 -61 -62 -63
leaf_value=0.01951107516668845 0.0025060512267090313 0.00032565228226289622 -0.0081434971519878923 -0.00065300076981653912 0.0071621262695813594 -0.0012637643163510746 0.008557324558779205 0.0011396086475078287 -0.027815506452466374 0.00086571542134738556 0.0010580089039297794 -0.0013384201993735939 0.0015505239913050414 0.0173665819364258 -0.02035092366369147 0.0025209387581499806 0.02522997474845718 -0.017985867245661837 0.011112245408844611 0.010919783890429684 -0.022721785439017157 -0.001988620519689426 -0.0014533623776229142 -0.019624456184931468 0.013879541128618013 0.0094937852812664869 -0.001449169918609773 -0.00020436569568912756 -0.047734818329998097 0.001183721047489583 -0.0062927218903485157 0.023950633056023542 -0.026414785389000762 0.0022662952105197746 -0.02292435295507312 -0.0058976551226750063 -0.021217908336268378 0.013558933523097541 -0.00045816087567340466 -0.014960946644296742 -0.0020439370078284705 0.006699856892982213 -0.0070899967346558278 -0.021999975841922259 0.021662534876625138 0.00010129925946584064 -0.000295268615527373 -0.0064398521968739575 0.0021773082526807997 0.0030072328017137343 -0.022426472923171195 0.013785880641026916 -0.016277419563768238 0.015987633217031821 -0.028503866450610895 0.01239110015108434 -0.041826476619855779 -0.017457337791111503 0.0090340789371157939 -0.0074124458322138839 -0.0064168148587659462 -0.0059227871252041236
leaf_weight=414 14927 636668 1001 8882 172 10149 2767 895 499 19040 4800 416 75244 395 209 9562 204 349 211 1471 208 13056 6312 610 466 700 915 2200 51 238 3235 68 804 3732 400 5929 516 1462 507426 101 1481 6504 342 208 202 1476252 997739 865 2035 718 257 3480 348 316 402 598 148 205 2371 2542 679 204
leaf_count=414 14927 636668 1001 8882 172 10149 2767 895 499 19040 4800 416 75244 395 209 9562 204 349 211 1471 208 13056 6312 610 466 700 915 2200 51 238 3235 68 804 3732 400 5929 516 1462 507426 101 1481 6504 342 208 202 1476252 997739 865 2035 718 257 3480 348 316 402 598 148 205 2371 2542 679 204
internal_value=-1.29926e-06 -1.10978e-05 -7.84549e-05 -8.89929e-06 6.65366e-06 0.00163648 0.00200822 -0.00736524 -0.0148794 0.00292927 0.00246143 -2.34125e-05 0.000885407 -6.31453e-05 -0.000586536 0.000904326 0.0011334 0.000877223 0.00122665 0.00315293 0.00198353 -0.00261625 -0.00162284 -0.011725 -0.000399197 -0.00353111 0.00422428 -0.00492359 0.00560742 -0.00613196 -0.00913327 -0.0174118 -0.0201111 -0.00218968 -0.00328295 -0.00275249 -0.0123447 0.00459398 -0.000444769 0.0127505 0.0063906 0.00507812 -0.0193873 -0.00194294 -0.00162827 -5.11601e-05 -0.000273141 0.00382114 0.00531467 0.00673593 -0.00369683 0.00838214 0.0114292 -0.000922364 -0.000309892 -0.00778152 -0.00266771 -0.00029476 0.00692587 -0.000313355 0.00239065 -0.0210187
internal_weight=3.8346e+06 3.81967e+06 3.183e+06 2.67506e+06 2.65612e+06 48111 46203 1908 1013 36054 33287 2.60801e+06 109244 2.49877e+06 34000 19602 19393 19189 18840 11241 9770 14398 7599 821 6778 8606 1310 7296 751 6545 4345 1110 1042 18943 15211 14811 932 14247 507941 515 9447 7985 841 13466 13258 2.49016e+06 1.01391e+06 9020 8019 7154 975 6179 4144 664 1.00489e+06 2031 1629 1.00286e+06 2576 1.00028e+06 1277 352
internal_count=3834600 3819673 3183005 2675064 2656121 48111 46203 1908 1013 36054 33287 2608010 109244 2498766 34000 19602 19393 19189 18840 11241 9770 14398 7599 821 6778 8606 1310 7296 751 6545 4345 1110 1042 18943 15211 14811 932 14247 507941 515 9447 7985 841 13466 13258 2490160 1013908 9020 8019 7154 975 6179 4144 664 1004888 2031 1629 1002857 2576 1000281 1277 352
is_linear=0
shrinkage=0.05


Tree=117
num_leaves=63
num_cat=0
split_feature=0 1 12 5 10 6 5 5 7 0 2 3 7 6 11 11 9 9 4 4 11 5 1 9 0 9 3 3 5 11 3 9 1 7 3 0 9 0 0 11 7 5 4 4 0 11 0 6 7 0 1 5 2 11 0 4 1 11 11 0 4 6
split_gain=34.7993 35.8668 30.201 38.2481 38.7632 78.9033 71.4856 69.6821 66.9116 71.2088 84.2939 76.4965 61.5324 59.9862 67.4639 91.8374 80.8599 55.5508 51.977 85.8511 60.5849 97.518 58.0704 51.827 83.1373 78.0572 80.0619 76.0464 107.026 78.9509 72.823 64.7465 70.838 74.9632 65.7193 65.1023 56.1803 51.9543 59.6361 77.6658 60.2753 99.4512 90.8988 86.7993 56.9495 85.6147 79.2203 103.416 100.674 88.3194 77.1725 63.1366 56.324 60.7805 73.0928 74.0188 54.2779 51.4049 83.2938 70.2314 58.5532 58.3133
threshold=0.0072247202833960441 15.540773050117375 1.8750000000000002 0.20876575991366028 15.375000000000002 -0.00015252330796677868 3.6224244281866746 3.7877493918658049 0.0022168034784796346 0.0032871055636741696 -0.01095220183357795 -0.0033603994554249959 0.0046282244861884933 -0.0023407384277140393 0.70588235294117341 0.71428571428572385 0.00015266010317168541 0.00055208758170955221 31.956479202321002 30.116218552713544 0.20000000000000956 1.5357496745102102 83.691440478435553 0.00017250302393605511 0.0029458220629869553 6.6246006736382206e-05 0.0033817222704283496 -0.00017858560434838751 3.0909997662176165 0.035714285714253453 -0.0028800985523281162 1.0000000180025095e-35 60.858954253696268 -1.0000000180025095e-35 0.0022815948069226624 0.0018490234229227495 0.00048447097630321126 0.0031644566175891486 0.0021215098360134067 0.84615384615384881 0.00042048215653989201 2.7666796748676901 32.784230215779438 18.486126548560065 0.0019231534972400809 0.20280062671367424 0.001647345377426213 0.0010688842611408236 -0.001536032528436093 0.0015700258430484304 30.742669896254345 1.5357496745102102 0.012812002228152932 0.33333333333325404 0.0013319240144357202 36.721302566920194 59.164038241555076 0.31357916300847838 0.79279279279279746 0.001659884903402095 16.245428139879163 0.0013870365470255443
decision_type=2 2 2 2 2 2 2 2 2 2 2 2 2 2 2 2 2 2 2 2 2 2 2 2 2 2 2 2 2 2 2 2 2 2 2 2 2 2 2 2 2 2 2 2 2 2 2 2 2 2 2 2 2 2 2 2 2 2 2 2 2 2
left_child=2 -2 3 -1 -5 6 12 -8 9 17 -11 -12 13 -6 -15 -16 -17 23 19 20 21 -10 -20 25 27 26 31 30 29 -29 36 32 34 -34 37 -33 -25 38 40 -40 44 42 57 -43 46 -46 47 49 -48 51 -51 -7 53 54 55 -53 -55 59 60 -42 61 -59
right_child=1 -3 -4 4 5 8 7 -9 18 10 11 -13 -14 14 15 16 -18 -19 22 -21 -22 -23 -24 24 -26 -27 -28 28 -30 -31 -32 35 33 -35 -36 -37 -38 -39 39 -41 41 43 -44 -45 45 -47 48 -49 -50 50 -52 52 -54 56 -56 -57 -58 58 -60 -61 -62 -63
leaf_value=0.00089343981398290039 0.010431754503464001 0.0016628124231245285 0.00018895046823431754 -0.0001702866318180498 0.015234284462971041 0.02455490529537183 -0.040130447650828016 -0.0015130345457293132 0.026852511348468916 -0.029186659797485318 -0.040290769765322865 0.012093043167199662 -0.021459391981793141 0.0059154651680289544 -0.041658580838563199 0.004365113319235516 -0.048007781258443509 0.017249567230252456 0.017748502282602562 -0.039992219540807943 0.0068803619498951198 -0.027248132944107058 -0.026977565196844251 -0.037618303838087688 0.025193206606859187 0.015495991209474258 -0.017093358263598698 -0.0051758312411952119 0.016289079131244066 -0.039706068590473396 0.0068607165219994872 -0.021067357247417002 -0.032751893757403581 0.015338302334351387 -0.028721962574094831 0.0041459426541387298 0.012217811617670181 -0.031818325770279716 0.010543146244163722 -0.039488778622062126 -0.034615575078015146 0.0093622324670233383 -0.027085199196142884 -0.038993571162539188 0.01982801874314458 -0.030216161901598534 -0.022359066318582605 0.022547884481049951 0.01985466304470104 0.016712652821826119 -0.028093528215423727 -0.024760098526456272 0.01116789452523078 -0.034055092585815114 0.017447459679551244 0.027531335844713102 0.011673808497626607 -0.011110424283074169 -0.020551614809036257 -0.0012783634562833488 0.020225588953172838 0.024322138873883237
leaf_weight=91678 1276 13540 1273300 2420991 1523 251 164 406 112 496 88 335 208 9284 167 728 82 411 1043 117 2367 325 78 199 166 743 744 237 154 549 689 696 87 1182 202 405 79 126 1830 81 208 123 341 378 121 291 162 419 1102 117 538 332 527 311 328 85 82 410 250 657 740 162
leaf_count=91678 1276 13540 1273300 2420991 1523 251 164 406 112 496 88 335 208 9284 167 728 82 411 1043 117 2367 325 78 199 166 743 744 237 154 549 689 696 87 1182 202 405 79 126 1830 81 208 123 341 378 121 291 162 419 1102 117 538 332 527 311 328 85 82 410 250 657 740 162
internal_value=-4.95053e-07 0.00241802 -9.87533e-06 -0.000109284 -0.000146729 0.00152885 0.00467648 -0.012624 -0.000312292 -0.00165612 -0.0152024 0.00119523 0.0054988 0.00597464 0.00460027 -0.00789746 -0.000936834 -0.000902318 0.00548392 0.00197144 0.00372242 -0.0133825 0.0146364 -0.00136558 -0.00874506 -0.000275307 -0.00115716 -0.0116993 -0.0218264 -0.0292943 -0.00185502 -0.000211966 0.000902287 0.0120413 -0.000487083 -0.0117927 -0.0234562 8.48626e-05 0.00049313 0.00842248 -0.00141651 -0.00662284 -0.00291258 -0.0271218 0.00223104 -0.0155187 0.00395011 -0.00048626 0.0144444 -0.00424017 -0.02009 0.00117821 -0.00234584 -0.00860396 -0.000211305 -0.0141012 -0.0245137 0.000483733 0.00589881 -0.00929471 0.0109389 -0.00107533
internal_weight=3.83482e+06 14816 3.82001e+06 2.54671e+06 2.45503e+06 34038 12562 570 21476 17434 919 423 11992 11784 10261 977 810 16515 4042 2921 2804 437 1121 16104 2073 14031 13288 1907 940 786 967 12544 11443 1269 10174 1101 278 9972 9846 1911 7935 3269 2768 501 4666 412 4254 2990 1264 2571 655 1916 1665 1138 745 417 393 2427 1562 865 1312 572
internal_count=3834823 14816 3820007 2546707 2455029 34038 12562 570 21476 17434 919 423 11992 11784 10261 977 810 16515 4042 2921 2804 437 1121 16104 2073 14031 13288 1907 940 786 967 12544 11443 1269 10174 1101 278 9972 9846 1911 7935 3269 2768 501 4666 412 4254 2990 1264 2571 655 1916 1665 1138 745 417 393 2427 1562 865 1312 572
is_linear=0
shrinkage=0.05


Tree=118
num_leaves=63
num_cat=0
split_feature=0 2 10 0 2 0 10 2 5 10 1 1 3 13 12 2 8 1 1 2 10 4 2 0 2 10 2 1 13 2 10 13 0 10 2 8 12 4 2 9 5 0 0 13 13 5 12 2 1 1 12 8 4 2 13 10 5 4 6 0 13 2
split_gain=37.1656 58.697 65.6048 134.336 161.145 75.0046 76.684 73.4563 53.5554 48.9966 55.1626 64.6347 44.0122 47.275 41.8227 41.7211 92.4222 81.8728 64.8005 61.5462 108.519 69.8194 110.702 65.0024 64.5181 79.2816 91.1295 81.7625 63.0344 59.2573 68.3181 58.7961 84.0116 116.607 89.5345 72.191 65.8695 58.8257 65.8577 61.0953 55.0632 54.889 52.0755 60.1659 51.5591 51.3978 51.073 49.5188 56.2068 61.8998 56.1264 48.9298 50.622 57.4918 48.9008 93.2459 127.084 131.13 88.2072 82.5181 80.9953 77.7128
threshold=0.003188815239166832 -0.14502995519491416 14.79166666666667 0.003453688441797817 -0.16286847317332839 0.0038236737695708498 15.208333333333334 -0.25721210482814366 3.7877493918658049 14.958333333333334 55.377348774965739 44.280107512888712 -0.0063670243134532943 2.7500000000000004 1.3750000000000002 -0.076500227758450737 0.00063376377560519462 27.396294175520435 39.182177458178323 -0.23752482284043752 13.375000000000002 21.774720193195655 -0.24098185384994153 0.0027387925226237645 -0.083535810942022407 14.79166666666667 -0.2280607228569389 38.666446164587576 2.7500000000000004 -0.22441624292836806 13.625000000000002 2.2500000000000004 0.0025693789763166336 10.04166666666667 -0.11662433481791305 0.0049636500500810218 1.6250000000000002 59.195722398885337 -0.1380713732373503 0.00045376802480189736 0.59403944020590915 0.001734641428880497 0.0028590255384603482 2.2500000000000004 2.2500000000000004 3.3195740637813524 1.8750000000000002 -0.23310205428303601 24.110567362115308 18.537859523674644 1.1250000000000002 0.00065803488252856558 31.159681807412024 -0.18761277974020235 2.2500000000000004 15.04166666666667 1.4144371761289027 36.500576092514116 0.0019456199277512189 0.0018189120744760217 3.7500000000000004 -0.13345089763804671
decision_type=2 2 2 2 2 2 2 2 2 2 2 2 2 2 2 2 2 2 2 2 2 2 2 2 2 2 2 2 2 2 2 2 2 2 2 2 2 2 2 2 2 2 2 2 2 2 2 2 2 2 2 2 2 2 2 2 2 2 2 2 2 2
left_child=15 2 -2 7 5 8 -7 -4 12 -9 11 -11 -5 -14 -12 16 -1 31 19 20 -19 45 42 -24 25 29 -27 28 -28 30 -21 -18 33 35 37 36 -33 38 39 47 -26 -40 43 -23 -32 -22 -29 48 49 -35 -49 -30 53 -53 -20 -56 57 58 59 61 -58 -57
right_child=1 -3 3 4 -6 6 -8 9 -10 10 14 -13 13 -15 -16 -17 17 18 54 24 21 22 23 -25 40 26 27 46 51 -31 44 32 -34 34 -36 -37 -38 -39 41 -41 -42 -43 -44 -45 -46 -47 -48 50 -50 -51 -52 52 -54 -55 55 56 60 -59 -60 -61 -62 -63
leaf_value=0.0040680189144079405 -0.00024449838319504455 0.00062137988153186533 0.014846295902114401 0.02900184142211127 -0.029755190976912968 -0.0080674213041781098 0.014827932205693476 0.013311666593832129 0.021351408886332666 -0.010334746232108465 -0.029011071805845258 0.018904884167449187 -0.0065442994961590617 -0.020182092471184746 -0.0063591078304910042 -0.00016935587148102812 -0.00034388845888823545 0.00067450013901279929 -0.00035399073462852825 0.00080421921409414585 0.00094095065099534234 -0.0012904832507372064 -0.036884543208552778 -0.0095909575692735994 0.001925372992950339 -0.017426338807021529 0.0015506900828891094 -0.03178840204161041 -0.036454247092378551 -0.0010796084055987923 0.00015571900680355435 0.036760698029628169 9.7862382080120915e-06 0.02182595550067841 0.01163588190537725 0.001576232679895481 0.013351017881850927 -0.00483787644342002 -0.0095223545398648128 -0.028077798536637933 -0.0093687747068561238 0.0062136924315905097 0.010946210850444105 -0.01237445258961509 0.016540661856287119 -0.031504712044261397 0.007592424798396326 0.023033776027379466 0.0076524338356394371 -0.016668965772527165 0.0078815034989152873 0.019087799743582042 0.01665863645733183 0.0031063905317345515 0.00038113093059749238 0.0046401592452051596 0.0029136163251481891 -0.030190257930703332 -0.044316573706218755 0.0044120019263314703 0.0092616724451770344 -0.023461478895944216
leaf_weight=15530 154536 491871 962 63 848 738 725 425 124 378 307 378 1282 1260 606 2382993 12608 7810 200854 7731 2630 1836 556 359 1539 491 5361 245 58 96950 731 598 9129 126 3420 453 604 2250 1348 123 3612 941 360 3675 1399 128 124 732 1138 610 3702 702 1757 2837 370653 407 20160 456 118 2567 6693 622
leaf_count=15530 154536 491871 962 63 848 738 725 425 124 378 307 378 1282 1260 606 2382993 12608 7810 200854 7731 2630 1836 556 359 1539 491 5361 245 58 96950 731 598 9129 126 3420 453 604 2250 1348 123 3612 941 360 3675 1399 128 124 732 1138 610 3702 702 1757 2837 370653 407 20160 456 118 2567 6693 622
internal_value=5.99422e-06 0.00034911 -0.000474354 -0.00486183 -0.00987707 -0.00585593 0.00327853 0.00340939 -0.0107529 -0.00184482 -0.00570432 0.00428507 -0.012281 -0.0133042 -0.0139759 -6.46315e-05 0.000248595 0.000172666 5.7272e-05 -0.000908089 -0.00369631 -0.00727302 -0.00999938 -0.0261759 -0.00051641 -0.000278064 0.00365249 0.00458624 0.00538316 -0.000704014 0.00298871 0.00244323 0.00383911 0.00601785 0.0045723 0.0185867 0.0249974 0.00237016 0.00423003 0.00682242 -0.00599434 -0.00305332 -0.00747825 -0.00868181 0.0109175 -0.000564867 -0.0185547 0.00750294 0.000688618 -0.0100788 0.010383 0.00922065 0.00972086 0.00627648 0.000283005 0.000601528 0.00323476 -0.00488609 -0.00177928 -0.00038345 0.00449584 -0.0123464
internal_weight=3.83423e+06 654503 162632 8096 5040 4192 1463 3056 2729 2094 1669 756 2605 2542 913 3.17973e+06 796733 781203 743421 140891 17354 9544 6786 915 123537 118386 11575 11084 10715 106811 9861 37782 25174 16045 14390 1655 1202 10970 8720 6431 5151 2289 5871 5511 2130 2758 369 6308 1874 736 4434 5354 5296 3539 602530 401676 31023 4170 3714 3596 26853 1029
internal_count=3834229 654503 162632 8096 5040 4192 1463 3056 2729 2094 1669 756 2605 2542 913 3179726 796733 781203 743421 140891 17354 9544 6786 915 123537 118386 11575 11084 10715 106811 9861 37782 25174 16045 14390 1655 1202 10970 8720 6431 5151 2289 5871 5511 2130 2758 369 6308 1874 736 4434 5354 5296 3539 602530 401676 31023 4170 3714 3596 26853 1029
is_linear=0
shrinkage=0.05


Tree=119
num_leaves=63
num_cat=0
split_feature=12 13 10 10 13 10 4 10 4 4 4 4 5 1 5 4 9 4 4 7 1 4 1 7 6 5 9 1 4 11 5 10 3 6 3 1 11 10 7 11 6 1 7 9 11 1 11 1 3 1 3 1 4 5 4 11 4 1 11 10 4 5
split_gain=30.9789 20.9522 116.094 86.2666 60.5696 74.925 54.7551 44.804 59.9977 41.7724 39.8692 47.3964 47.352 45.8526 78.8547 78.5059 54.3031 46.3922 45.257 40.5899 60.0524 40.5598 72.1199 64.9981 52.9208 49.9214 44.0413 39.9192 48.3378 65.0568 54.5051 41.6871 48.2894 39.6663 39.2551 35.8307 35.7901 40.9591 35.6881 35.6838 35.5378 36.5388 34.1863 36.3127 33.9421 33.8092 33.5944 33.7933 33.2338 45.8524 32.4757 32.4086 53.2204 32.4049 32.3949 53.5236 51.989 50.7607 35.6397 35.0795 39.207 37.0562
threshold=1.1250000000000002 3.7500000000000004 15.208333333333334 14.79166666666667 2.2500000000000004 15.208333333333334 36.038728038306338 14.04166666666667 13.965577974883958 48.945783044193469 49.582244864167485 36.038728038306338 1.6181723111219564 67.793000874229165 1.3823222174205576 29.952150743335288 -0.00087164963825303512 33.10854165159494 66.143194277990418 -0.0027508043031810865 44.145788732758774 26.206155491292993 51.992107646115024 -0.00044305293044322175 0.0018417098865537442 1.8075194830583807 0.00031526955585680928 25.688138197653071 20.972866275095935 0.99925373134328443 0.53868425609892434 15.208333333333334 -0.0074322008238732204 0.00085152866026316787 0.0062305637139357575 43.72803065728354 0.2352941176471095 15.04166666666667 -0.0021544606907616388 0.15384615384613393 -0.00032117491639305212 26.864395433951348 0.0059556308686768986 -0.00044702726866337883 0.66666666666677032 66.013134394839284 0.74074074074074892 36.057892199872434 0.0024003317860528516 61.071988354001761 -0.0045024462449590611 37.509791152438957 24.525509195816895 1.3390041643297177 16.779374314454639 0.33333333333341497 15.373464290024794 44.6678078651913 0.43333333333331003 14.958333333333334 14.442709316056378 1.92436441498178
decision_type=2 2 2 2 2 2 2 2 2 2 2 2 2 2 2 2 2 2 2 2 2 2 2 2 2 2 2 2 2 2 2 2 2 2 2 2 2 2 2 2 2 2 2 2 2 2 2 2 2 2 2 2 2 2 2 2 2 2 2 2 2 2
left_child=-1 3 7 -2 5 -5 53 -3 36 34 11 13 -12 17 15 33 -16 19 42 27 -21 54 23 38 -25 -26 -27 50 30 44 -29 -32 -33 -15 -8 -11 -9 -38 -23 45 -19 -42 43 -14 -30 -24 47 -46 -43 -50 -6 -10 -53 -4 55 56 57 -22 -57 60 -59 -61
right_child=1 2 6 4 10 -7 9 8 51 35 12 -13 18 14 16 -17 -18 40 -20 20 21 22 39 24 25 26 -28 28 29 -31 31 32 -34 -35 -36 -37 37 -39 -40 -41 41 48 -44 -45 46 -47 -48 -49 49 -51 -52 52 -54 -55 -56 58 -58 59 -60 61 -62 -63
leaf_value=-0.00032019406622592328 0.00010213926302614621 -3.3005732911617308e-05 -0.0032330401255325839 -0.00071977686093693122 0.010714716287063039 -0.0033760385302633237 -0.0026510790267902404 -0.006390788539254507 -0.00051958378361221115 -0.00091233104910878925 0.0094124134815342757 -0.0026589308968877397 -0.017694697538032555 0.018640373628190224 -0.031117382645606997 -0.024010636485627495 0.0054227250325837514 0.0073395298965334439 -0.023004626065492632 0.0017369310221569977 -0.027174453976958869 0.014867349269361835 0.0075112867695122029 0.01109352224112704 -0.035861956148541402 0.0096380957892458693 -0.040572155047865481 -0.032923939776799034 -0.0030061061657660495 -0.033935380068703974 -0.0026150630171051957 -0.024805611323925756 0.0072374614521795435 -0.018571923890160127 -0.021892936236184577 0.020891147566602587 -0.0015360976044719494 0.010311425853026697 -0.0054830424556429076 -0.0026119255061297598 -0.028634271849790272 0.0037012063850427636 -0.030486393563541367 0.0039796451189748052 -0.0054824734343094719 -0.010733991443185799 -0.0061595222011527236 -0.026112622202383085 -0.021774092192816383 0.0020061251473616794 -0.019774111557979975 0.00083205652904915167 0.0035556542269904595 0.0056264435074053201 -0.0023411196226532441 0.0073778377106093395 0.0027591872576307836 -0.013196356396295289 0.00081506694142775133 0.0040870161574222174 0.0018285650340363437 -0.0045163377722610646
leaf_weight=638732 2379946 411890 1100 70719 803 42503 2335 3542 14933 441 2311 19799 208 235 103 491 7919 3401 200 30455 243 253 1716 3742 112 304 51 126 5477 203 4418 124 2270 103 299 329 7598 807 1451 8249 106 2869 81 2724 323 298 1917 515 340 502 98 40516 32184 16728 38774 2475 3274 1676 12602 1767 586 4291
leaf_count=638732 2379946 411890 1100 70719 803 42503 2335 3542 14933 441 2311 19799 208 235 103 491 7919 3401 200 30455 243 253 1716 3742 112 304 51 126 5477 203 4418 124 2270 103 299 329 7598 807 1451 8249 106 2869 81 2724 323 298 1917 515 340 502 98 40516 32184 16728 38774 2475 3274 1676 12602 1767 586 4291
internal_value=-2.30345e-06 6.1231e-05 0.000347482 3.97313e-06 -0.000820971 -0.00171692 0.0039703 0.000197093 0.00114884 -0.0018406 -0.000224203 -0.000364543 0.00395399 -5.05237e-05 0.00343643 -0.0112444 0.00495356 -0.000277773 2.79281e-05 -0.000496713 -0.000158578 -0.000863744 0.001379 0.0057774 0.00911291 -0.00675747 0.00242479 -0.00283044 -0.00342995 -0.00597273 -0.000338516 0.000264209 0.00557775 0.00730053 -0.00483533 0.0084037 -0.00217512 -0.000398566 -0.00246153 -0.00115513 0.00362277 0.000311085 0.00155681 0.00244204 -0.00528317 0.00481164 -0.00981003 -0.0181609 0.00113787 -0.00759634 0.00739851 0.001602 0.00203778 0.00507981 -0.00141603 -8.32873e-05 -0.00259975 -0.0046487 0.00189239 -0.00399079 -0.00930396 -0.00200691
internal_weight=3.83459e+06 3.19586e+06 532702 2.66315e+06 283207 113222 21232 511470 99580 3404 169985 164461 5524 144662 8851 829 8022 135811 3213 128593 112319 81864 16176 5913 4209 467 355 16274 15373 8435 6938 6812 2394 338 2634 770 11947 8405 1704 10263 7218 3817 3013 2932 8232 2014 2755 838 3711 842 901 87633 72700 17828 65688 26914 11837 8563 15077 8320 2262 6058
internal_count=3834587 3195855 532702 2663153 283207 113222 21232 511470 99580 3404 169985 164461 5524 144662 8851 829 8022 135811 3213 128593 112319 81864 16176 5913 4209 467 355 16274 15373 8435 6938 6812 2394 338 2634 770 11947 8405 1704 10263 7218 3817 3013 2932 8232 2014 2755 838 3711 842 901 87633 72700 17828 65688 26914 11837 8563 15077 8320 2262 6058
is_linear=0
shrinkage=0.05


Tree=120
num_leaves=63
num_cat=0
split_feature=12 10 13 1 3 1 2 4 6 5 6 6 3 5 2 2 2 6 8 9 5 4 9 3 3 8 8 2 9 5 6 5 4 4 9 9 1 1 10 2 8 7 2 10 1 4 3 9 9 1 1 10 10 9 10 10 8 8 3 8 10 9
split_gain=28.4391 37.3958 58.8735 34.0119 51.088 55.1418 42.0229 39.6758 34.4742 29.6487 65.8876 63.9712 32.4908 28.728 28.6308 25.9245 47.2174 31.6845 57.8377 30.6784 32.8202 28.8682 25.4904 43.4835 39.3944 24.8199 63.8686 79.6681 58.1634 34.2943 36.2777 32.1332 29.2068 47.0364 46.9808 60.2505 44.8139 52.2025 58.5758 44.9944 45.2906 56.8485 51.5853 51.161 44.8151 52.5472 51.2798 45.5699 43.8254 44.1245 40.3932 54.4863 40.124 37.4359 36.8475 36.3913 57.6351 55.0337 47.9711 36.2848 54.4545 36.0684
threshold=1.1250000000000002 15.375000000000002 2.2500000000000004 60.858954253696268 0.00050839252501962281 51.992107646115024 -0.0094645576903086732 17.30280359814396 -0.00015252330796677868 2.3289671859459955 0.00098978751483236337 0.00045936179377936709 -0.00090306691389524551 0.20876575991366028 0.074880069374500494 -0.062641533330830321 -0.037820294916066512 -0.00046002568899272672 0.0017337998097055095 -0.00012883070306214442 1.8075194830583807 18.390121545389551 -3.2570637786227641e-05 1.0000000180025095e-35 -0.0035944545936750878 0.00063376377560519462 0.00051008399593949368 -0.085652006922059126 0.00033393317729529733 2.0502778723538677 -0.00053050397877990585 0.79319549817571644 13.838898823915734 18.486126548560065 -0.00016347437551298056 -5.6225577414863249e-05 53.489105475852163 64.410624578430628 14.125000000000002 0.10629896105001548 0.002553131959838412 0.0012459618801762275 -0.19087801771192173 12.875000000000002 55.65084596154697 10.251597655383696 0.00063114480962491836 0.00012441937710021384 -3.3602154331638277e-05 42.047489048821866 43.177489983211444 14.458333333333334 10.54166666666667 -5.3118028258803103e-05 9.8750000000000018 14.458333333333334 0.0011404335286770196 0.0007874015748032424 0.00015073111347826645 0.0018392663370966889 11.625000000000002 4.1310365052475549e-05
decision_type=2 2 2 2 2 2 2 2 2 2 2 2 2 2 2 2 2 2 2 2 2 2 2 2 2 2 2 2 2 2 2 2 2 2 2 2 2 2 2 2 2 2 2 2 2 2 2 2 2 2 2 2 2 2 2 2 2 2 2 2 2 2
left_child=1 13 -3 4 5 8 -6 -8 14 22 11 12 -11 -1 15 -4 21 18 -18 -20 -21 -17 -10 24 -24 26 27 -15 29 30 31 -28 34 -34 -27 50 39 38 -38 40 41 42 -37 48 45 -40 -47 61 -42 -50 51 -36 -43 -44 -51 -55 57 -57 -59 60 -52 -46
right_child=-2 2 3 -5 6 -7 7 -9 9 10 -12 -13 -14 25 -16 16 17 -19 19 20 -22 -23 23 -25 -26 32 28 -29 -30 -31 -32 -33 33 -35 35 36 37 -39 44 -41 43 52 53 -45 47 46 -48 -49 49 54 59 -53 -54 55 -56 56 -58 58 -60 -61 -62 -63
leaf_value=0.0013778243673213822 5.8571505267532463e-05 -0.0029464425855345658 0.021471008488595317 0.014157853493904068 0.0040972691848874098 0.031409823637238536 0.00632972408128881 -0.021911256090490099 -0.014408564218705861 0.038354419508287989 0.033651574417948721 -0.025526219588003041 -0.0013914189066575921 0.014645192858373771 0.04136868219871026 0.0038358065536466695 -0.040322039877214742 0.032390013314727559 0.034520112226406739 0.021507271185764294 -0.0058122423504080095 -0.043194694755828544 0.025291001483013754 0.040095981599679642 -0.0065106848422103311 -0.005163236628470594 -0.00071911165381179142 -0.0029025860189163238 -0.011562395909342415 -0.01109080195623656 0.0067862329730090003 -0.034372841325053513 0.00062103240213763427 -0.0005867144654343252 0.0094790345828042136 -0.0071727509601647813 -0.0027098134169999772 0.013762921129882972 0.029580582271922718 -0.012581901081061815 0.038407357792331752 -0.017934659896555412 -0.015700952010629512 -0.011167897753197441 -0.016437383986195167 -0.026987210866706125 0.0012153674621720601 -0.032756738988416537 -0.01161664657265872 0.036562387840378852 -0.023428803614148171 0.04568613157607615 0.010148691537591211 -0.00013967882388284971 0.0022010349958750969 0.021798835203928106 0.0096766620242095935 -0.014868893699302568 0.01465334787088282 0.011728958448856673 0.0021298070258628653 0.0048509381620251407
leaf_weight=23145 3195984 2792 351 1027 700 223 174 436 362 93 200 162 115 701 77 59 62 133 108 181 280 73 114 67 668 7919 289 8368 536 303 7728 94 98649 441013 552 2420 5518 364 110 767 73 136 349 1913 1059 232 528 350 645 84 237 128 1963 17077 1096 170 2445 722 170 791 1727 245
leaf_count=23145 3195984 2792 351 1027 700 223 174 436 362 93 200 162 115 701 77 59 62 133 108 181 280 73 114 67 668 7919 289 8368 536 303 7728 94 98649 441013 552 2420 5518 364 110 767 73 136 349 1913 1059 232 528 350 645 84 237 128 1963 17077 1096 170 2445 722 170 791 1727 245
internal_value=-2.31417e-06 -0.000306802 0.00299599 0.00592472 0.00410164 0.00739401 -0.00426248 -0.0138556 0.0056692 0.00112666 0.0105299 -0.00196838 0.0163796 -0.000351094 0.0117797 0.0099526 0.00544036 0.0102113 0.0055366 0.0105335 0.00491407 -0.0221735 -0.00329928 0.00143754 -0.00187463 -0.000416967 0.00141099 -0.00154621 0.00440751 0.00542484 0.00604181 -0.00897877 -0.000472846 -0.000365941 -0.00163156 -0.000963623 -0.00153063 -0.00475756 -0.00559584 -0.000627345 -0.00031401 0.000447146 -0.000261295 -0.00539743 -0.0119053 -0.00271891 -0.00739384 -0.0167373 0.000418638 -0.00110091 0.0053809 0.0162945 0.00832909 0.000537718 0.0046471 0.000813043 0.00545223 -0.00427351 -0.00924246 0.00268717 -0.000954404 -0.0124377
internal_weight=3.83506e+06 639073 8457 5665 4638 3328 1310 610 3105 1781 570 370 208 630616 1324 1247 896 764 631 569 461 132 1211 849 782 607471 18019 9069 8950 8414 8111 383 589452 539662 49790 41871 38436 8406 8042 30030 29263 25452 23353 3811 2524 870 760 1654 1898 1825 3435 680 2099 20933 1180 20584 3507 1062 892 2755 1964 1304
internal_count=3835057 639073 8457 5665 4638 3328 1310 610 3105 1781 570 370 208 630616 1324 1247 896 764 631 569 461 132 1211 849 782 607471 18019 9069 8950 8414 8111 383 589452 539662 49790 41871 38436 8406 8042 30030 29263 25452 23353 3811 2524 870 760 1654 1898 1825 3435 680 2099 20933 1180 20584 3507 1062 892 2755 1964 1304
is_linear=0
shrinkage=0.05


Tree=121
num_leaves=63
num_cat=0
split_feature=12 0 1 2 1 2 6 2 4 1 3 0 1 2 3 2 1 7 10 5 1 6 10 2 2 10 3 10 2 2 2 2 2 2 4 10 12 1 4 4 7 0 9 10 2 4 9 4 9 1 12 10 7 12 2 4 8 1 8 10 7 2
split_gain=32.3306 33.099 69.7792 86.5856 69.2542 79.4123 58.6567 58.0905 53.4613 53.0358 71.5245 66.5053 85.4646 61.7234 59.7175 55.3326 53.3159 49.5415 69.4241 48.2834 47.6022 63.933 69.2345 46.4687 50.5742 55.1312 53.6365 120.307 73.4125 76.9754 69.353 62.0378 80.7381 93.8753 71.9678 70.0465 58.6051 56.0173 48.4122 87.102 58.9219 44.7111 43.5992 64.3216 42.945 51.4974 42.9022 42.4018 41.8617 41.7728 40.9987 40.9732 40.9256 40.3459 40.2806 40.0322 38.6132 62.2136 53.2232 53.0157 55.8588 46.5296
threshold=2.2500000000000004 0.0010731675828695995 56.387427882654535 0.041588330894311389 66.694465744648838 -0.020431378648323943 0.00074926634369665301 0.055507828413545554 24.525509195816895 40.34685118666372 -0.00044317541074590758 0.0010448321692483147 33.47911784760619 -0.014579536976489263 -0.002708625093829002 -0.21633388016818658 44.017360983078696 0.0011731120680694709 14.625000000000002 0.36208993371490195 28.375630984280814 0.00019969547947273905 12.458333333333334 -0.0656484746314379 -0.06362957987855189 13.958333333333334 0.00033058742317695 13.708333333333334 1.0000000180025095e-35 -0.0060041889801621404 0.020334009808867626 -0.018225125620352962 -0.0016988843828349895 0.0066720196311561529 12.044106454358202 14.875000000000002 1.6250000000000002 49.185338054496846 15.047825394499416 23.591792104443964 -0.00046120143585565149 0.00091973830483267518 3.9708539336997738e-05 14.29166666666667 -0.016330216714782193 16.039041310283753 -4.82194974121931e-05 17.59361288389491 -4.1402724583167874e-05 53.243270434192318 1.6250000000000002 13.958333333333334 -0.00070706093693956296 1.3750000000000002 -0.028794739249485193 30.851600496596465 0.00065803488252856558 23.180084802665373 0.00051008399593949368 14.04166666666667 0.0012094632615398118 -0.085652006922059126
decision_type=2 2 2 2 2 2 2 2 2 2 2 2 2 2 2 2 2 2 2 2 2 2 2 2 2 2 2 2 2 2 2 2 2 2 2 2 2 2 2 2 2 2 2 2 2 2 2 2 2 2 2 2 2 2 2 2 2 2 2 2 2 2
left_child=1 2 7 4 8 -6 -5 9 17 11 16 13 14 20 -13 -12 19 54 -19 -11 -1 22 -22 46 25 -25 27 28 29 37 31 -29 35 -34 -35 44 -30 -26 49 40 -40 -41 -15 -44 -33 -46 -17 -20 -14 -28 -18 -42 -10 -54 -4 -48 57 -3 61 -60 -61 -59
right_child=-2 56 3 6 5 -7 -8 -9 52 10 15 12 48 42 -16 23 50 18 47 -21 21 -23 -24 24 26 -27 38 30 36 -31 -32 32 33 34 -36 -37 -38 -39 39 41 51 -43 43 -45 45 -47 55 -49 -50 -51 -52 -53 53 -55 -56 -57 -58 58 59 60 -62 -63
leaf_value=-0.0096355964743522031 0.00033213551264566849 0.022012747900826527 0.00093966333924774522 -0.022237619481810179 -0.017109539553265121 0.012867763771797523 0.018870374044546716 0.01678607630700529 -0.012764381914387777 0.019718994643630052 -0.025181573939323427 0.0078822450376138456 0.022413809343082153 0.013741752314680836 -0.021893252295265144 -0.0081308815376439567 -0.016621373562815189 0.0049602574381990257 0.00025167072691568515 -0.0049288420215029211 -0.020976299281802873 -0.0069949994901958639 0.0061219322780804624 -0.0017810653990543469 -0.0079297576328294216 -0.027806530951863469 -0.016434042370719874 0.0051177661910194946 -0.019245351511829843 0.022388666125627055 0.013316169434054476 -0.020063134151125196 0.0098503861431389894 0.015076838575209243 -0.011143382179452375 -0.034024038663306555 -0.0034890275705654391 0.0056193007298872373 0.010654476634338142 -0.014114310764444627 -0.0071235432571422818 0.0085839936689520429 0.0091776118746825629 -0.031304288624475402 -0.013963444020238617 0.014154994520345167 0.0071081001828487188 -0.025474951924321962 -0.001795109446843017 0.0062764039259455388 -0.0051039411455065546 -0.021574176302724197 0.022090365562213245 0.0080109904027246149 0.010195958574683453 -0.0094183204853816802 -6.5550297341867132e-05 0.005276957814886526 0.0011310744463054762 0.0036958306510102793 0.014530331658927281 -0.0010021776616370062
leaf_weight=1003 639515 350 2456 524 751 313 104 409 158 205 250 205 205 1710 943 710 1929 810 246 6457 248 1498 4757 410 2575 404 253 4702 1470 301 1306 396 1627 316 1523 313 986 1084 209 301 712 777 308 144 310 343 3313 459 1385 1014 1289 1577 845 1279 2254 412 3042065 3211 41711 9353 1363 36342
leaf_count=1003 639515 350 2456 524 751 313 104 409 158 205 250 205 205 1710 943 710 1929 810 246 6457 248 1498 4757 410 2575 404 253 4702 1470 301 1306 396 1627 316 1523 313 986 1084 209 301 712 777 308 144 310 343 3313 459 1385 1014 1289 1577 845 1279 2254 412 3042065 3211 41711 9353 1363 36342
internal_value=7.62375e-06 -5.73333e-05 -0.00121582 0.00255517 0.00373526 -0.00829103 -0.0154299 -0.00198061 0.00523943 -0.00213449 -0.00307258 0.000699122 -0.00618001 0.00264731 -0.0165762 -0.00176549 -0.00672315 0.00283955 -0.00502527 -0.00417039 0.000503184 0.00206695 0.0047792 -0.0015514 -0.00245831 -0.0146979 -0.00200739 -0.000702153 -0.00612838 -0.00191637 0.00251072 0.00102993 -0.00295123 0.00110199 -0.0066379 -0.0132658 -0.0129197 -0.00391577 -0.006657 -0.00963263 -0.0147589 0.00224616 0.0100913 -0.00371928 -0.00707198 0.000806272 0.00313323 -0.016498 0.00132617 0.00174148 -0.012008 -0.0170793 0.011786 0.0136122 0.00536932 0.00528021 -3.49766e-05 0.000972358 0.000892296 0.00193698 0.0050739 -0.000492424
internal_weight=3.8344e+06 3.19488e+06 60488 10199 9571 1064 628 50289 8507 49880 37474 12406 2738 9668 1148 27594 9880 6225 1515 6662 7506 6503 5005 27344 22909 814 22095 17252 6416 3960 10836 9530 4828 3466 1839 1362 2456 3659 4843 3576 2498 1078 2162 452 1049 653 4435 705 1590 1267 3218 2289 2282 2124 4710 3725 3.1344e+06 92330 91980 52427 10716 39553
internal_count=3834398 3194883 60488 10199 9571 1064 628 50289 8507 49880 37474 12406 2738 9668 1148 27594 9880 6225 1515 6662 7506 6503 5005 27344 22909 814 22095 17252 6416 3960 10836 9530 4828 3466 1839 1362 2456 3659 4843 3576 2498 1078 2162 452 1049 653 4435 705 1590 1267 3218 2289 2282 2124 4710 3725 3134395 92330 91980 52427 10716 39553
is_linear=0
shrinkage=0.05


Tree=122
num_leaves=63
num_cat=0
split_feature=0 1 0 2 2 2 13 8 2 2 0 0 3 2 6 0 8 8 3 1 3 5 13 8 1 11 12 7 11 6 9 7 6 0 5 5 1 13 11 8 0 3 12 2 7 2 5 9 7 0 1 3 13 7 5 9 2 2 5 9 2 3
split_gain=34.945 51.5313 66.8576 53.4188 58.3701 75.1286 49.4997 44.435 50.0935 43.272 103.741 50.5435 69.6511 49.4465 45.6007 42.0532 39.5901 60.2884 67.9167 59.7331 48.8515 52.4101 52.0031 56.098 61.2985 45.0019 52.665 43.9304 43.2915 43.1296 75.9429 45.6421 50.1023 73.1816 47.1149 42.501 54.3668 53.1676 49.0775 48.067 47.8127 44.8471 42.8941 41.5289 40.5576 39.598 39.2703 39.1648 41.1392 44.5554 39.0346 45.5159 72.3515 38.5685 42.0202 37.8908 37.6098 39.2736 46.9515 36.0986 36.9635 35.9501
threshold=0.002707418880394984 57.319098078296186 0.0050724066129618156 0.062515205024137502 0.080625681865062998 0.13385620961730396 2.2500000000000004 0.0024712391154313551 -0.20414791429072335 0.074880069374500494 0.0041403654344143682 0.0040784273578857643 0.0050013513746155463 0.078860826294521152 -0.0035341655665465095 0.0034268840569447677 0.0044441382372416545 0.0047355089770368545 0.0057816316223094485 80.540046507860481 0.0030231197841493174 5.2157424184552719 2.7500000000000004 0.0027235587834770945 59.164038241555076 0.49999999999995598 1.3750000000000002 0.0024443870665893379 0.40000000000001473 -0.0011945647571111604 0.00033393317729529733 -0.0052019321504753182 -0.0017734100080170066 0.0015700258430484304 2.9897817820203323 4.009773112172712 65.68205825771777 2.7500000000000004 0.78260869565225344 0.0057176817526538937 0.0022080254760784945 0.0031879889315324953 1.6250000000000002 -0.2672375368403454 0.0036966758014196359 -0.24717212517216716 0.68814925603501076 -0.00090847154356803086 0.0050342401819286628 0.0023866683913958422 70.561796855813199 0.0027151544961710782 2.2500000000000004 0.0080683454339368649 6.27694713544801 5.4287342946011586e-05 0.10162391666240064 0.089844685110525804 1.3268867758150253 -1.0000000180025095e-35 0.008255279080316159 0.0025161048648284687
decision_type=2 2 2 2 2 2 2 2 2 2 2 2 2 2 2 2 2 2 2 2 2 2 2 2 2 2 2 2 2 2 2 2 2 2 2 2 2 2 2 2 2 2 2 2 2 2 2 2 2 2 2 2 2 2 2 2 2 2 2 2 2 2
left_child=16 7 3 -3 6 53 -5 -2 61 10 15 12 13 46 -12 -8 20 47 28 25 29 22 -22 56 -25 59 27 -27 -19 30 -1 -32 33 -33 -35 -30 38 -38 40 -40 -37 -39 -43 -26 -23 -45 -11 -18 -49 -50 -31 52 -52 -6 -55 -51 57 -24 -59 -20 -61 -9
right_child=1 2 -4 4 5 -7 9 8 -10 11 14 -13 -14 -15 -16 -17 17 18 19 -21 21 44 23 24 43 26 -28 -29 35 50 31 32 -34 34 -36 36 37 41 39 -41 -42 42 -44 45 -46 -47 -48 48 49 55 51 -53 -54 54 -56 -57 -58 58 -60 60 -62 -63
leaf_value=-0.00046748822309025727 0.00098555314930686973 -0.0001682390572327994 0.0017673257165091928 -0.00049860341910609501 0.00026671058248017008 -0.0051381318099608993 -0.0029915584858987844 -0.0014931825023948809 0.00037368779919005857 -0.0039896969748759474 -0.031423109726177602 0.00092528661700606255 -0.015167539876788922 0.0076521910642598241 -0.0089134890553979555 0.0029508784151050546 -0.019299618175970347 -0.0022147157233658589 0.01487728209713021 0.0025607309999919154 -5.8113565956399839e-05 0.0060128609876508128 0.00076570478144616144 -0.014684468289248612 -0.037203666663938956 0.022104723787023911 -0.0046069369690925647 -0.014673629453014814 0.00024150086708471646 -4.8636412015976227e-05 -0.013101433284561554 0.015831478303634978 -0.0050205281115342964 -0.00038151743063129728 -0.014910545666391651 -0.0060239807470593041 0.0033225382919193436 -0.023269709932510971 0.020001794915501175 0.0021098518209157822 0.0053566170037414439 0.03058111363670964 0.010751365075416602 0.026695181485165888 -0.012708031256975484 0.0036116366963715348 -0.027024013977877948 -0.0027551788504254584 -0.020953791834588377 0.0063000880215350573 0.0035489926468453095 0.00041515931963641631 -0.02156139438522249 0.0066185217792681661 -0.018612175161928632 -0.0144873607748857 -0.01184269771428798 0.0026165291987577527 0.02616471473698144 -0.0097031181000948302 0.004693932425149757 0.0048356682960556223
leaf_weight=271150 269870 255288 36565 12065 17090 5696 9724 53530 386970 756 239 1216 2954 706 3840 4291 426 13104 370 2804 102526 378 71838 462 62 84 5116 2430 28125 2190049 1167 664 12449 7969 600 2264 1171 61 616 961 1558 552 539 187 1233 28574 245 10573 689 444 437 1282 835 4067 172 433 584 581 333 865 920 2342
leaf_count=271150 269870 255288 36565 12065 17090 5696 9724 53530 386970 756 239 1216 2954 706 3840 4291 426 13104 370 2804 102526 378 71838 462 62 84 5116 2430 28125 2190049 1167 664 12449 7969 600 2264 1171 61 616 961 1558 552 539 187 1233 28574 245 10573 689 444 437 1282 835 4067 172 433 584 581 333 865 920 2342
internal_value=-8.314e-06 0.000234686 -0.00025757 -0.000490146 -0.00179331 -3.67246e-05 -0.00311066 0.000479818 0.000171621 -0.00442535 -0.00321464 -0.00815287 -0.0105213 -0.00248075 -0.0102324 -0.00117215 -0.000102058 -0.00124216 -0.00059775 -0.00387315 -7.06891e-05 0.000667783 0.000738327 0.00153403 0.00338399 -0.00571685 -0.0075189 -0.0134448 0.000244603 -0.000132092 -0.000700764 -0.00346906 -0.00295061 -0.000159703 -0.00139884 0.00114362 0.00442929 0.0108252 0.00167735 0.00909871 -0.00138479 0.0184517 0.0207844 0.0036736 -0.00831542 0.00376172 -0.00962747 -0.00439834 -0.0038754 -0.0114387 -5.58408e-05 -0.0062336 -0.0129346 0.00132563 0.00559477 -0.00396327 0.000795293 0.000896742 0.0111959 0.000663487 -0.00228279 -0.00122789
internal_weight=3.83509e+06 1.06763e+06 354914 318349 63061 27025 36036 712712 442842 23971 18094 5877 4661 1707 4079 14015 2.76746e+06 74105 61540 12589 2.69336e+06 206758 205147 102621 29285 9785 7630 2514 48951 2.4866e+06 293999 22849 21682 9233 8569 35847 7722 2323 5399 1577 3822 1152 1091 28823 1611 28761 1001 12565 12139 1566 2.1926e+06 2554 1272 21329 4239 877 73336 72752 914 2155 1785 55872
internal_count=3835091 1067626 354914 318349 63061 27025 36036 712712 442842 23971 18094 5877 4661 1707 4079 14015 2767465 74105 61540 12589 2693360 206758 205147 102621 29285 9785 7630 2514 48951 2486602 293999 22849 21682 9233 8569 35847 7722 2323 5399 1577 3822 1152 1091 28823 1611 28761 1001 12565 12139 1566 2192603 2554 1272 21329 4239 877 73336 72752 914 2155 1785 55872
is_linear=0
shrinkage=0.05


Tree=123
num_leaves=63
num_cat=0
split_feature=0 2 10 1 10 2 2 0 2 0 10 2 10 8 13 0 7 10 1 13 10 13 10 3 2 7 10 8 2 12 10 1 12 12 2 2 12 5 10 12 12 11 1 10 1 5 12 8 2 1 2 6 10 13 7 0 5 6 12 10 6 0
split_gain=29.5184 52.5451 44.4358 140.943 55.0499 36.345 59.9982 57.2204 56.0778 54.3924 78.9238 76.7265 86.1409 55.5892 77.3696 69.3486 56.0423 51.0948 51.05 54.3319 62.1293 48.4927 48.3076 117.35 75.8263 74.1991 62.6581 59.2836 51.2379 48.7942 45.0188 52.5292 44.4121 43.1679 42.601 56.3069 41.7234 41.1492 39.9224 39.8306 39.5659 39.4895 51.5247 44.776 39.1679 71.2664 61.4324 37.6958 36.9913 36.8149 36.4912 53.159 36.2517 35.649 40.7013 35.4504 35.1187 36.5234 37.7283 34.796 49.8214 59.0967
threshold=0.002707418880394984 0.13385620961730396 13.79166666666667 54.144296598190884 14.458333333333334 0.087754980944838648 0.064031022608156282 0.0028590255384603482 0.058901742352866639 0.0030363758860638169 14.54166666666667 0.12403346632871261 14.625000000000002 0.011488514354904314 2.7500000000000004 0.003188815239166832 0.00093260020911767338 10.54166666666667 45.436283078194442 2.2500000000000004 13.958333333333334 2.2500000000000004 14.79166666666667 0.0035773908930186358 0.082536545027541305 -0.0045388940688309001 10.54166666666667 0.0070428171719608785 0.070572244101894943 1.8750000000000002 13.708333333333334 56.855511409068114 1.6250000000000002 1.3750000000000002 0.066789464457214245 0.073471868810149332 1.1250000000000002 1.8353187895335934 15.125000000000002 1.3750000000000002 1.3750000000000002 0.66666666666666197 46.897201466178046 12.54166666666667 39.35263832943923 0.94988308421897683 1.3750000000000002 0.0059008246757925919 0.10629896105001548 75.132125677764577 0.066789464457214245 -0.0035341655665465095 15.208333333333334 1.7500000000000002 0.0030865919286834358 0.0072247202833960441 1.1098608716504967 0.003892491873532578 1.1250000000000002 11.375000000000002 -0.00091946977782947348 0.0014247097044344287
decision_type=2 2 2 2 2 2 2 2 2 2 2 2 2 2 2 2 2 2 2 2 2 2 2 2 2 2 2 2 2 2 2 2 2 2 2 2 2 2 2 2 2 2 2 2 2 2 2 2 2 2 2 2 2 2 2 2 2 2 2 2 2 2
left_child=59 5 55 -4 -5 6 8 41 -2 11 44 49 -13 14 -12 16 -16 -10 -19 -20 30 -15 26 25 27 33 29 28 -25 47 31 36 -22 -24 -27 40 -21 38 -30 52 -36 42 43 -8 45 46 48 53 -11 -7 -49 -52 -17 -9 -55 -3 -53 58 -58 -1 -61 -62
right_child=1 2 3 4 -6 9 7 22 17 10 13 12 -14 21 15 39 -18 18 19 20 32 -23 23 24 -26 34 -28 -29 37 -31 -32 -33 -34 -35 35 -37 -38 -39 -40 -41 -42 -43 -44 -45 -46 -47 -48 50 -50 -51 51 56 -54 54 -56 -57 57 -59 -60 60 61 -63
leaf_value=-0.00041728288125092981 0.00023662160450336423 -0.0020204237698364441 0.017777630801070227 -0.0094815546784720161 -0.029522821016527798 -0.00062434113968349203 -0.0023319073412895364 -0.00020007667808518751 0.0002405650426243783 0.0065978044328110956 0.0039676132266249029 -0.0054994096764889753 -0.036199152128967016 0.019380553904920817 0.019378208431104819 0.050497843159569636 -0.035541433758205836 -0.00010408113687394811 0.0013884208418528301 0.02761780964007678 0.03075155391720415 -0.034359102854963207 -0.029240562170743944 -0.0089484079315327106 0.0081211815837403424 -0.017983477949444712 1.6832246953495804e-05 0.017468358662502827 -0.024404602044889524 -9.017686083891904e-05 -0.022876042567315652 0.0030477474104305367 0.010318698987916665 -0.0043514273665619619 0.034500501406192784 0.0012934803147635605 0.010212953786065741 -0.035030307561159137 -0.00059558898210525517 0.019211147029931097 0.010064575604168801 0.0063436960163506086 -0.0023778562234380617 0.0096829386036350017 0.001196171217902103 -0.0023633846925399686 0.0054621205500369674 -0.012214505906888443 0.02652049580774947 0.011961340211222277 -0.0075884703300621711 -0.0048760912360778022 0.017093915797647883 -0.0048734772805569086 -0.011121831844202804 0.02013944810856887 0.030431628793371197 0.0015114827127508694 0.0090643382551682059 -0.00055743783602444058 -0.00039075708195933519 0.00027389550438752265
leaf_weight=671349 885590 13100 365 920 546 11488 1221 2467 12002 342 1339 920 304 64 96 243 90 3896 3223 413 524 122 260 875 355 183 42235 121 607 9604 122 2718 540 528 250 1414 2071 550 248 754 491 3726 6305 2125 29947 1654 2098 581 731 612 1207 687 122 8509 3757 183 279 1054 796 340210 449580 1305815
leaf_count=671349 885590 13100 365 920 546 11488 1221 2467 12002 342 1339 920 304 64 96 243 90 3896 3223 413 524 122 260 875 355 183 42235 121 607 9604 122 2718 540 528 250 1414 2071 550 248 754 491 3726 6305 2125 29947 1654 2098 581 731 612 1207 687 122 8509 3757 183 279 1054 796 340210 449580 1305815
internal_value=-1.78458e-05 0.000205492 -0.00272169 -0.0100238 -0.0169458 0.000247528 0.000181272 -0.00104707 0.000303197 0.00155055 0.00252326 -0.00119454 -0.0131242 0.0105528 0.0124114 0.0210753 -0.00719581 0.00261447 0.00472387 0.00668098 0.00935128 -0.015868 -0.00157109 -0.00592594 -0.0134474 0.00070529 -0.00121121 -0.0166365 -0.0184464 -0.00300335 0.0071469 0.00785101 0.0203815 -0.0125636 0.00517743 0.00714423 0.0131068 -0.0243615 -0.0174986 0.0257745 0.0183088 0.00197153 0.000283556 0.00529856 0.00186976 0.00605045 0.0104391 -0.00445021 0.0201705 1.22239e-05 -0.000501096 0.00119055 0.0393327 -0.0056843 -0.00678731 -0.00171513 0.00495343 0.00812529 0.0146099 -0.000104016 -3.65796e-06 0.000103669
internal_weight=3.83453e+06 1.06757e+06 15114 1831 1466 1.05246e+06 1.00153e+06 90435 911099 50926 37602 13324 1224 2830 2644 1305 186 25509 13507 9611 6388 186 77058 5882 2756 3126 71176 2401 2280 28941 5324 5202 1064 788 2338 2155 2484 1405 855 1119 741 13377 9651 3346 34772 4825 3171 19337 1073 12100 4604 4023 365 14733 12266 13283 2816 2129 1075 2.76695e+06 2.0956e+06 1.7554e+06
internal_count=3834528 1067574 15114 1831 1466 1052460 1001534 90435 911099 50926 37602 13324 1224 2830 2644 1305 186 25509 13507 9611 6388 186 77058 5882 2756 3126 71176 2401 2280 28941 5324 5202 1064 788 2338 2155 2484 1405 855 1119 741 13377 9651 3346 34772 4825 3171 19337 1073 12100 4604 4023 365 14733 12266 13283 2816 2129 1075 2766954 2095605 1755395
is_linear=0
shrinkage=0.05


Tree=124
num_leaves=63
num_cat=0
split_feature=0 1 7 5 6 6 12 11 10 10 8 4 4 4 8 9 1 0 6 5 8 7 1 0 10 4 10 5 7 11 11 9 10 10 8 7 8 8 9 6 11 5 6 0 7 10 1 6 4 6 1 1 12 10 8 9 0 9 0 10 10 6
split_gain=28.3115 47.6613 61.8824 31.7886 38.5917 40.7859 27.987 27.1977 46.2237 34.2437 31.6896 29.4756 26.6751 54.1438 56.4128 54.4619 56.1686 48.5168 91.398 69.7349 88.9671 84.587 53.4369 53.3052 88.6986 74.5302 60.1504 50.6306 69.873 50.1201 48.6087 49.3657 86.5796 47.5454 47.3018 45.6356 61.4324 77.8271 60.3825 53.5605 52.9657 51.6627 44.8392 43.8023 43.5713 49.4913 118.289 72.8554 48.5114 43.4537 67.3096 79.9266 46.5528 52.7639 48.9177 42.9125 55.4825 42.8981 46.6855 41.4079 41.3195 58.175
threshold=0.00091973830483267518 42.047489048821866 -0.001536032528436093 0.81647396319536958 0.00081398367180773878 0.0010954402505817253 2.2500000000000004 0.58823529411765729 14.125000000000002 12.625000000000002 0.00091495959164885753 10.251597655383696 13.838898823915734 18.486126548560065 0.00047332299853160401 0.00043994720633523042 67.060492346547036 0.0012918762877543839 0.0015889447971267903 1.8353187895335934 0.00076647196281868959 0.0011409338552880179 54.823515633142641 0.0015421668759860515 10.708333333333334 12.739493144548344 13.625000000000002 4.6378149577274304 -0.001536032528436093 0.12499999999986235 0.6666666666667076 -0.0003043961326728881 13.29166666666667 13.875000000000002 0.0034381993349001153 -0.0016987094383728028 0.0018707027169507699 0.0015843461403837664 -5.6225577414863249e-05 -0.0019661253993144552 0.40000000000001473 1.92436441498178 -0.00052234569491194083 0.0024269017425521339 -0.001203912719357547 15.29166666666667 48.599782863657836 0.0017575534895861724 17.913497780148521 0.0047281498199734937 58.305584795455808 60.471961582968284 1.6250000000000002 14.208333333333334 0.0011872259059855217 -0.00047551117451259081 0.0014330543367111499 -0.00096080485292384993 0.0017145803098333678 15.208333333333334 15.375000000000002 -0.0029970029970029506
decision_type=2 2 2 2 2 2 2 2 2 2 2 2 2 2 2 2 2 2 2 2 2 2 2 2 2 2 2 2 2 2 2 2 2 2 2 2 2 2 2 2 2 2 2 2 2 2 2 2 2 2 2 2 2 2 2 2 2 2 2 2 2 2
left_child=1 2 -1 7 -5 -6 12 8 9 -3 -9 -10 17 14 -14 57 44 18 19 20 21 42 -22 24 -19 26 -26 29 -29 34 31 32 -27 -28 -25 39 37 38 -37 -21 -40 -42 -2 -30 48 59 47 -47 -17 50 60 52 53 54 -52 56 -15 58 -16 -46 -31 -62
right_child=6 3 -4 4 5 -7 -8 10 11 -11 -12 -13 13 55 15 16 -18 23 -20 35 22 -23 -24 27 25 30 33 28 43 49 -32 -33 -34 -35 -36 36 -38 -39 40 -41 41 -43 -44 -45 45 46 -48 -49 -50 -51 51 -53 -54 -55 -56 -57 -58 -59 -60 -61 61 -63
leaf_value=-0.020887053377774301 -0.01332775066612322 -0.02284738842143591 0.0052729135250243015 -0.0002332206579661168 -0.023961547380637868 -0.00046780566618742186 0.00032988479884899923 0.0012464686748420953 -5.3164829088988918e-05 -0.0031436123393666186 -0.02475231517423955 -0.02246542090228169 -0.0037038702336084648 0.0054275944432465081 -0.017178990304470062 -0.001357783646624448 -0.0055359200922284555 -0.016381637012284189 -0.022058924056794729 0.022758744452513902 -0.0033715639450435128 -0.020344567623246334 -0.0095343638352385785 -0.0022304747371145748 0.00074894451146686385 0.0049775621365933196 0.010985093019555758 -0.022510643347151697 0.0041752043840463425 -0.00010578501894561057 0.0035902560142266251 -0.0015621239635233534 -0.022566047852644173 0.0036027008881743799 -0.013767090253935977 0.017025659075816164 0.015477231553796517 -0.014258327555066836 -0.0037212063789780082 -0.016997519201040267 -0.019549355695122169 0.011017844110097479 0.001994961725773221 -0.031044514403484838 0.0037369325611387679 0.017611089365535907 -0.030095416517917719 -0.044221220233223661 0.0076841958695224354 0.013691789926593876 -0.030264721600125073 0.00016990325187818845 -0.0031858159246163638 -0.026079877157931898 -0.0060903589664261515 -0.00014477245020953145 0.00054479118670831004 0.00041247264668967337 -0.002212034562262568 0.019022782385349275 -0.043294958483714327 0.010614478973517742
leaf_weight=245 497 249 2925 6153 373 366 636671 1282 179 1927 129 813 7995 6081 675 9737 2215 724 563 102 18360 464 4351 24459 22100 462 2534 630 701 128767 4411 16557 746 15656 922 771 1004 647 2057 500 152 1526 12137 101 28649 356 354 55 1750 558 244 4138 1614 670 1470 2234697 134404 481840 2284 450 52 1330
leaf_count=245 497 249 2925 6153 373 366 636671 1282 179 1927 129 813 7995 6081 675 9737 2215 724 563 102 18360 464 4351 24459 22100 462 2534 630 701 128767 4411 16557 746 15656 922 771 1004 647 2057 500 152 1526 12137 101 28649 356 354 55 1750 558 244 4138 1614 670 1470 2234697 134404 481840 2284 450 52 1330
internal_value=1.88514e-05 -0.00217565 0.00325109 -0.00367532 -0.00152987 -0.0123259 2.72619e-05 -0.0069045 -0.00947621 -0.00539832 -0.00113046 -0.0184213 -3.32596e-05 1.09762e-05 0.000464712 0.000527789 0.00222118 -0.000506809 -0.00204506 -0.00178036 -0.00265958 0.000622162 -0.00455224 -0.000216892 0.00101866 0.00122034 0.00250166 -0.000688199 -0.0100492 -0.000606573 -0.0011076 -0.00227406 -0.012032 0.00463112 -0.00264956 0.00287774 0.00416242 0.00195786 0.00428628 -0.0102614 0.00165655 0.00824894 0.00139219 -0.000260197 0.00263669 0.00364329 -0.00891032 0.00933669 1.97269e-05 -0.000233108 -0.000289297 -0.0047013 -0.00974308 -0.0141824 -0.00953175 -9.14857e-05 0.000756147 0.000375615 -0.00562626 0.00397332 -1.34899e-05 0.00858605
internal_weight=3.83483e+06 14641 3170 11471 6892 739 3.82019e+06 4579 3168 2176 1411 992 3.18352e+06 2.91154e+06 536360 528365 43566 271977 43131 42568 35809 13098 22711 228846 63190 62466 40290 165656 1432 164224 22176 17765 1208 18190 25381 6759 6157 5153 4506 602 3735 1678 12634 802 41351 29864 765 411 11487 138843 138285 8136 3998 2384 1714 2.37518e+06 140485 484799 2959 29099 130149 1382
internal_count=3834831 14641 3170 11471 6892 739 3820190 4579 3168 2176 1411 992 3183519 2911542 536360 528365 43566 271977 43131 42568 35809 13098 22711 228846 63190 62466 40290 165656 1432 164224 22176 17765 1208 18190 25381 6759 6157 5153 4506 602 3735 1678 12634 802 41351 29864 765 411 11487 138843 138285 8136 3998 2384 1714 2375182 140485 484799 2959 29099 130149 1382
is_linear=0
shrinkage=0.05


Tree=125
num_leaves=63
num_cat=0
split_feature=0 5 0 8 2 4 2 0 12 2 4 1 11 7 4 0 2 4 8 4 9 4 12 5 0 0 12 8 8 4 3 1 0 8 0 1 7 5 5 7 12 8 7 4 2 0 3 3 12 5 8 2 4 0 2 11 5 5 4 3 5 7
split_gain=28.7847 33.0811 27.1577 38.3389 40.3061 56.9281 69.9851 79.9464 63.3573 51.7786 82.7234 79.0992 54.3487 58.6699 53.5282 54.7107 50.9825 66.2957 55.5126 48.5277 61.3567 48.5073 50.5314 74.6828 71.1983 53.517 48.1056 45.2678 44.6381 44.6266 43.8765 43.4122 49.7207 43.4883 43.3257 42.838 42.6792 41.5423 47.0551 41.0953 41.0341 39.8672 43.291 40.8499 39.8533 48.3567 38.7158 37.2728 46.1836 64.6257 43.2932 42.2943 73.6036 65.3747 54.378 54.9177 54.0799 53.7967 52.0694 45.5902 45.1969 43.5915
threshold=0.0072247202833960441 3.1988914211864166 0.0010731675828695995 0.0013108688620832646 0.034328828225155796 13.965577974883958 0.042295401620995633 0.0016131821254476058 1.6250000000000002 0.023588790252903037 11.839757314923306 33.209587040044767 0.019607843137282005 0.00089907849001702466 28.431625593625121 0.0014800148071994776 0.038593786266346533 29.382359261241348 0.0011627034796502951 28.972764424550274 0.00042992261392950853 34.772383021385593 1.6250000000000002 1.8075194830583807 0.0027666147938170565 0.0012019726205368868 1.6250000000000002 0.00038687888188930025 0.0008639308855292162 14.694200108443278 -0.002708625093829002 40.34685118666372 0.0013746063576724678 0.00081531155126513715 0.0011385095547959822 26.286525683191645 0.00043980649147412626 0.51663758368824242 0.23104585879890996 -0.00045313798309964953 1.8750000000000002 0.00087836354140699503 -0.00049009599756599787 9.0703025878558439 0.045727579404700874 0.0012019726205368868 -0.00077681517301777581 -0.00013839236188246243 1.6250000000000002 2.9116966203204342 0.0013064440874441404 0.057175646515359738 25.583719585842285 0.001303203632956579 0.064899025931300161 0.78260869565225344 1.8075194830583807 2.3734053107671458 26.06878896636848 0.00068424475074527105 1.7546885978649909 0.00042048215653989201
decision_type=2 2 2 2 2 2 2 2 2 2 2 2 2 2 2 2 2 2 2 2 2 2 2 2 2 2 2 2 2 2 2 2 2 2 2 2 2 2 2 2 2 2 2 2 2 2 2 2 2 2 2 2 2 2 2 2 2 2 2 2 2 2
left_child=2 -2 -1 4 9 41 7 8 16 -4 40 30 13 -13 -14 -16 17 29 31 34 21 22 23 24 25 -21 -15 -27 -25 -7 -12 33 -33 -18 -8 -23 -29 38 -37 -19 -11 42 -6 -43 45 -36 -44 -46 49 51 -51 52 53 57 55 59 -55 -49 -56 61 -54 -53
right_child=1 -3 3 -5 5 6 19 -9 -10 10 11 12 14 26 15 -17 18 39 -20 20 -22 35 -24 28 -26 27 -28 36 -30 -31 -32 32 -34 -35 44 37 -38 -39 -40 -41 -42 43 46 -45 47 -47 -48 48 -50 50 -52 54 60 56 58 -57 -58 -59 -60 -61 -62 -63
leaf_value=-0.00097412972382969899 0.0013525783969471315 0.0088414013776860912 0.00019751264021374335 -9.4333837253153004e-05 -0.0032006387592236618 -0.0064700211641257228 0.007653672975790133 0.0012789119119072274 0.0031843130466697165 -0.022906146302394782 -0.0040100282703681329 0.0014089641713637044 -0.0023575947437060392 0.02632449242862181 -0.0053454096148174909 0.0047305681759776883 0.026366064942229296 0.019820827715808439 0.025667240780575546 -0.027217654136336401 0.0041306979631178407 -0.019765695946921638 -0.00025272727702664555 -0.014061792428828469 0.0078349190070822229 -0.036192644228700735 0.0041106784364877318 -0.007586128788644288 0.020076204657814345 0.030088219264073592 -0.021269090322660899 -0.011175658797626109 0.0074018205828960144 0.004983280721076188 -0.016115891924433846 0.0037596649247980405 -0.00094359939299438361 0.0031918033253964988 -0.002306982076771982 -0.0038717077647692603 -0.0011716360671688681 0.017598522252450555 0.011723526145577135 -0.0033696199080692243 0.00073228291733439638 -0.00087688570166888759 0.0016861028353664525 0.023968147931946921 0.001026017895634798 -0.016407489230876923 0.028353847662607831 -0.0021629814385408556 -0.0083892471199387055 0.0063213099131657945 0.0034857099813075856 -0.023622217193743106 0.028287942506171559 -0.026864475011825564 0.013504554379006032 -0.00694390493299316 0.023520961403846741 0.012373199908569334
leaf_weight=72579 13145 1661 727210 2744048 3638 92 2688 13342 4587 667 739 3986 31587 482 1764 5702 368 336 363 302 6804 257 13402 121 943 122 493 7983 459 901 734 646 814 672 548 4263 3469 10651 12774 402 322 236 1206 14735 62252 10402 4723 970 22751 542 60 1134 930 5245 9006 273 296 55 1515 1520 126 946
leaf_count=72579 13145 1661 727210 2744048 3638 92 2688 13342 4587 667 739 3986 31587 482 1764 5702 368 336 363 302 6804 257 13402 121 943 122 493 7983 459 901 734 646 814 672 548 4263 3469 10651 12774 402 322 236 1206 14735 62252 10402 4723 970 22751 542 60 1134 930 5245 9006 273 296 55 1515 1520 126 946
internal_value=-7.64466e-06 0.00219271 -1.61726e-05 2.37991e-06 0.000266827 0.000848161 0.00112017 0.00375002 0.00734107 9.41063e-05 -0.00152389 -0.00121285 -0.000831414 0.00409819 -0.00145763 0.00234991 0.0114915 0.0182655 0.00739584 0.00079616 -0.000347269 -0.000903805 -0.00242356 -0.00459488 -0.0053889 -0.00643892 0.0150923 -0.00589674 0.0129543 0.0267012 -0.0126103 0.00474283 -0.000818078 0.0125495 0.00137655 0.000553737 -0.005574 0.000742342 -0.000788985 0.00691514 -0.0158298 -0.00142799 0.00109314 -0.00303908 0.00123425 -0.00163953 0.00372778 0.00152665 0.00261662 0.00421657 -0.0119462 0.00465852 0.00767013 0.00964058 0.0030638 -0.00200139 0.00749477 0.0212405 0.0049284 -0.000361808 -0.00458178 0.00444819
internal_weight=3.83499e+06 14806 3.82018e+06 3.7476e+06 1.00356e+06 229870 205332 22523 9181 773686 46476 45487 44014 4961 39053 7466 4594 1731 2863 182809 61550 54746 26801 13399 12819 11876 975 11574 580 993 1473 2500 1460 1040 121259 27945 11452 27688 17037 738 989 24538 9567 14971 118571 10950 5929 107621 45369 22618 602 22016 7622 6566 14394 3873 5541 1025 10521 3600 1056 2080
internal_count=3834989 14806 3820183 3747604 1003556 229870 205332 22523 9181 773686 46476 45487 44014 4961 39053 7466 4594 1731 2863 182809 61550 54746 26801 13399 12819 11876 975 11574 580 993 1473 2500 1460 1040 121259 27945 11452 27688 17037 738 989 24538 9567 14971 118571 10950 5929 107621 45369 22618 602 22016 7622 6566 14394 3873 5541 1025 10521 3600 1056 2080
is_linear=0
shrinkage=0.05


Tree=126
num_leaves=63
num_cat=0
split_feature=5 10 2 2 12 12 10 13 7 7 1 1 4 2 0 3 9 9 0 13 1 5 4 7 7 0 0 11 5 11 11 1 3 10 2 9 7 4 13 5 5 4 3 2 3 3 9 10 3 0 4 2 4 2 2 4 4 2 7 0 3 11
split_gain=27.3901 37.5444 73.7791 54.6684 31.9506 29.4631 66.0495 103.367 35.5968 44.7455 36.5909 53.1068 39.0791 45.4102 45.117 40.7332 36.8116 47.9505 44.2589 35.2543 34.3824 47.1412 33.7339 34.1417 55.8948 36.1064 35.9972 45.3422 33.4225 33.8613 45.1548 41.4846 57.2665 32.6463 78.3864 83.987 78.3197 76.8396 70.743 63.8655 57.1458 95.7974 111.372 103.563 102.968 89.4173 80.1796 78.3252 60.8558 96.3919 86.6806 66.8849 113.151 60.9622 96.5765 59.9514 59.3007 57.1104 108.809 61.6212 56.8302 53.9807
threshold=0.20876575991366028 14.208333333333334 0.01930039719212474 0.0037908301114664756 1.3750000000000002 1.3750000000000002 15.375000000000002 2.7500000000000004 -0.0030097298997738271 -0.0035002685071005564 34.823060601063915 32.347885057603804 18.486126548560065 -0.11905820546970869 0.0032871055636741696 -0.0039318051657491913 0.00055208758170955221 0.00031526955585680928 0.0028272138589471147 1.7500000000000002 59.690830226085971 1.3672932734247947 18.79234659390659 0.0025946339356296426 0.0044423603768511963 0.0029458220629869553 0.0030184250260551202 0.31357916300847838 2.839399215014669 0.39752825577843348 0.81081081081084128 61.273900540441595 0.000871348437426019 14.958333333333334 -0.036764037114056888 0.00048447097630321126 0.00032644180870611278 9.7771963586388129 3.2500000000000004 0.85457103378185773 3.0909997662176165 33.458947285785705 0.004512520544413528 0.022524916764823679 0.0070848482332954129 0.004512520544413528 -0.00046654123798504557 15.29166666666667 0.00055814009666506901 0.0029989100118344918 11.839757314923306 0.065846920043394597 26.577534028478336 0.045727579404700874 0.042295401620995633 16.872325826548366 57.743618866733996 -0.029740890623773514 -0.0014421690355405079 0.0016199060362394918 0.012281778499604769 0.666666666666626
decision_type=2 2 2 2 2 2 2 2 2 2 2 2 2 2 2 2 2 2 2 2 2 2 2 2 2 2 2 2 2 2 2 2 2 2 2 2 2 2 2 2 2 2 2 2 2 2 2 2 2 2 2 2 2 2 2 2 2 2 2 2 2 2
left_child=1 -1 3 4 -3 6 33 19 9 20 11 -10 28 14 -14 -15 17 22 -19 -8 21 -9 -17 -24 26 -26 27 -25 29 31 -31 32 -12 -2 38 36 37 -36 -35 -39 41 44 43 -43 46 47 -38 -42 49 51 -50 53 -53 54 55 -48 -44 58 -41 -59 -37 -45
right_child=5 2 -4 -5 -6 -7 7 8 10 -11 12 -13 13 15 -16 16 -18 18 -20 -21 -22 -23 23 24 25 -27 -28 -29 -30 30 -32 -33 -34 34 35 60 40 39 -40 57 45 42 56 61 -46 -47 48 -49 50 -51 -52 52 -54 -55 -56 -57 -58 59 -60 -61 -62 -63
leaf_value=0.00079379089972957801 -0.00019003722187202693 -0.021412165163449907 0.0081559468514049386 -0.046570819374677302 -0.0040211323089897636 8.1637886474503413e-05 -0.0056143099565241642 -0.040414288353461489 0.0090615167747210863 0.035627244399827826 0.0044224861272144445 0.042815022963982124 0.014923487978556192 -0.044458844958274978 -0.02175398682770522 -0.034124366228397075 0.033664960214277596 -0.026595904619981209 0.018080162699671758 0.0012385115061391613 0.044090530949254192 0.010100666763707454 -1.3763395556355154e-05 -0.0093456647225788666 -0.029375869457167809 0.011898657705700189 -0.010756200700998307 0.04023777135715631 0.026991023028388007 0.020203903968611811 -0.010703320072052326 0.040819488347522803 -0.029695665015249836 -0.0009363182597268674 0.021547076940536501 -0.012766622917590734 0.023094909041213217 -0.020156416328475764 0.0039921577536060375 -0.031120665056935899 -0.0046938394631236488 -0.010289046808853574 -0.019505957513448219 0.0073809202149431544 0.035481623866978812 0.0066770096914683802 0.024374837486721507 -0.023505036306761106 -0.034369947081026829 -0.01682804142165862 0.00043040944657360137 -0.01549534989643271 0.032182774040269556 0.024541611235061763 -0.02606254881397288 0.0064827761732490817 0.024394129798179721 -0.0061923590127606785 0.0047677710240717095 -0.0013143129203203414 0.038204336166381837 0.036308570009906116
leaf_weight=136985 1130115 398 603 111 785 2463777 2814 52 479 228 753 154 946 51 92 65 82 282 69 5635 62 413 2879 56 99 114 60 261 267 730 141 63 147 21727 300 2330 493 591 10951 507 3452 866 1243 756 255 1465 638 659 184 387 6500 548 161 774 187 1759 82 10388 362 17183 56 205
leaf_count=136985 1130115 398 603 111 785 2463777 2814 52 479 228 753 154 946 51 92 65 82 282 69 5635 62 413 2879 56 99 114 60 261 267 730 141 63 147 21727 300 2330 493 591 10951 507 3452 866 1243 756 255 1465 638 659 184 387 6500 548 161 774 187 1759 82 10388 362 17183 56 205
internal_value=7.70832e-06 0.000697049 -0.00628885 -0.0130201 -0.00987205 -1.81953e-05 -0.000217824 0.00287775 0.00675531 0.0171214 0.00575064 0.0172733 0.00473152 0.00234983 0.0116727 -5.86192e-05 0.000512193 -0.000187557 -0.0178134 -0.00104387 0.00911508 0.00445168 0.00156306 0.00223175 0.0131891 -0.00728528 0.0247568 0.0314786 0.010463 0.0080568 0.0152006 0.00159553 -0.00115015 -0.000261117 -0.00120606 -0.00240585 -0.00196804 -0.00362792 0.000715305 -0.00388808 0.000393751 0.0019968 -0.00575275 0.00225119 0.00405187 -0.00392954 0.0033628 -0.0077093 0.0024894 0.00701692 -0.00052759 0.00928592 -0.00466858 0.0122322 0.00854514 0.011245 -0.0167891 -0.00355001 -0.0161706 -0.00315223 -0.0115703 0.0135518
internal_weight=3.83478e+06 138882 1897 1294 1183 3.6959e+06 1.23212e+06 16994 8545 755 7790 633 7157 5056 1038 4018 3967 3885 351 8449 527 465 3534 3469 590 213 377 317 2101 1834 871 963 900 1.21512e+06 85009 52331 49945 29331 32678 29031 20614 15038 3152 1827 11886 5576 11631 4111 11138 4454 6684 4067 709 3358 2584 2397 1325 28440 869 27571 2386 961
internal_count=3834777 138882 1897 1294 1183 3695895 1232118 16994 8545 755 7790 633 7157 5056 1038 4018 3967 3885 351 8449 527 465 3534 3469 590 213 377 317 2101 1834 871 963 900 1215124 85009 52331 49945 29331 32678 29031 20614 15038 3152 1827 11886 5576 11631 4111 11138 4454 6684 4067 709 3358 2584 2397 1325 28440 869 27571 2386 961
is_linear=0
shrinkage=0.05


end of trees

feature_importances:
atr_frac=1351
vwap_dist=1345
adx=794
sl_mult=744
tod=694
rsi=637
ema_dist=430
vol_ratio=402
range_pct=364
ret3=274
tgt_mult=245
ret1=208
gap_pct=205
body_frac=181

parameters:
[boosting: gbdt]
[objective: regression]
[metric: l2]
[tree_learner: serial]
[device_type: cpu]
[data_sample_strategy: bagging]
[data: ]
[valid: ]
[num_iterations: 800]
[learning_rate: 0.05]
[num_leaves: 63]
[num_threads: 0]
[seed: 0]
[deterministic: 0]
[force_col_wise: 0]
[force_row_wise: 0]
[histogram_pool_size: -1]
[max_depth: -1]
[min_data_in_leaf: 50]
[min_sum_hessian_in_leaf: 0.001]
[bagging_fraction: 0.85]
[pos_bagging_fraction: 1]
[neg_bagging_fraction: 1]
[bagging_freq: 1]
[bagging_seed: 3]
[bagging_by_query: 0]
[feature_fraction: 0.85]
[feature_fraction_bynode: 1]
[feature_fraction_seed: 2]
[extra_trees: 0]
[extra_seed: 6]
[early_stopping_round: 0]
[early_stopping_min_delta: 0]
[first_metric_only: 0]
[max_delta_step: 0]
[lambda_l1: 0]
[lambda_l2: 0]
[linear_lambda: 0]
[min_gain_to_split: 0]
[drop_rate: 0.1]
[max_drop: 50]
[skip_drop: 0.5]
[xgboost_dart_mode: 0]
[uniform_drop: 0]
[drop_seed: 4]
[top_rate: 0.2]
[other_rate: 0.1]
[min_data_per_group: 100]
[max_cat_threshold: 32]
[cat_l2: 10]
[cat_smooth: 10]
[max_cat_to_onehot: 4]
[top_k: 20]
[monotone_constraints: ]
[monotone_constraints_method: basic]
[monotone_penalty: 0]
[feature_contri: ]
[forcedsplits_filename: ]
[refit_decay_rate: 0.9]
[cegb_tradeoff: 1]
[cegb_penalty_split: 0]
[cegb_penalty_feature_lazy: ]
[cegb_penalty_feature_coupled: ]
[path_smooth: 0]
[interaction_constraints: ]
[verbosity: -1]
[saved_feature_importance_type: 0]
[use_quantized_grad: 0]
[num_grad_quant_bins: 4]
[quant_train_renew_leaf: 0]
[stochastic_rounding: 1]
[linear_tree: 0]
[max_bin: 255]
[max_bin_by_feature: ]
[min_data_in_bin: 3]
[bin_construct_sample_cnt: 200000]
[data_random_seed: 1]
[is_enable_sparse: 1]
[enable_bundle: 1]
[use_missing: 1]
[zero_as_missing: 0]
[feature_pre_filter: 1]
[pre_partition: 0]
[two_round: 0]
[header: 0]
[label_column: ]
[weight_column: ]
[group_column: ]
[ignore_column: ]
[categorical_feature: ]
[forcedbins_filename: ]
[precise_float_parser: 0]
[parser_config_file: ]
[objective_seed: 5]
[num_class: 1]
[is_unbalance: 0]
[scale_pos_weight: 1]
[sigmoid: 1]
[boost_from_average: 1]
[reg_sqrt: 0]
[alpha: 0.9]
[fair_c: 1]
[poisson_max_delta_step: 0.7]
[tweedie_variance_power: 1.5]
[lambdarank_truncation_level: 30]
[lambdarank_norm: 1]
[label_gain: ]
[lambdarank_position_bias_regularization: 0]
[eval_at: ]
[multi_error_top_k: 1]
[auc_mu_weights: ]
[num_machines: 1]
[local_listen_port: 12400]
[time_out: 120]
[machine_list_filename: ]
[machines: ]
[gpu_platform_id: -1]
[gpu_device_id: -1]
[gpu_device_id_list: ]
[gpu_use_dp: 0]
[num_gpu: 1]

end of parameters

pandas_categorical:null
